[2025-12-30 19:10:36] ✓ Loaded: 1120 processed, page 39
[2025-12-30 19:10:36] 
============================================================
[2025-12-30 19:10:36] Unvan.az Scraper Starting
[2025-12-30 19:10:36] Starting from page: 39
[2025-12-30 19:10:36] Already processed: 1120
[2025-12-30 19:10:36] ============================================================

[2025-12-30 19:10:36] 
▶ Page 39
[2025-12-30 19:10:38] ✓ Found 30 listings
[2025-12-30 19:10:38]   ✓ Batch: 0/10 saved
[2025-12-30 19:10:38] → Scraping 2641012
[2025-12-30 19:10:38] → Scraping 51131293
[2025-12-30 19:10:38] → Scraping 51131292
[2025-12-30 19:10:38] → Scraping 51131291
[2025-12-30 19:10:38] → Scraping 51131290
[2025-12-30 19:10:38] → Scraping 51131289
[2025-12-30 19:10:41] ✓ Saved 6 listings to CSV
[2025-12-30 19:10:41]   ✓ Batch: 6/10 saved
[2025-12-30 19:10:41] → Scraping 51131288
[2025-12-30 19:10:41] → Scraping 51131287
[2025-12-30 19:10:41] → Scraping 51131286
[2025-12-30 19:10:41] → Scraping 51131285
[2025-12-30 19:10:41] → Scraping 51131283
[2025-12-30 19:10:41] → Scraping 3239798
[2025-12-30 19:10:41] → Scraping 3239797
[2025-12-30 19:10:41] → Scraping 51131282
[2025-12-30 19:10:41] → Scraping 2641010
[2025-12-30 19:10:41] → Scraping 2641009
[2025-12-30 19:10:44] ✓ Saved 10 listings to CSV
[2025-12-30 19:10:44]   ✓ Batch: 10/10 saved
[2025-12-30 19:10:46] 
✓ Reached max pages: 1
[2025-12-30 19:10:46] 
============================================================
[2025-12-30 19:10:46] Scraping Complete!
[2025-12-30 19:10:46] Total processed: 1136
[2025-12-30 19:10:46] Failed: 0
[2025-12-30 19:10:46] Output: listings.csv
[2025-12-30 19:10:46] ============================================================

[2025-12-30 19:15:13] ✓ Loaded: 1136 processed, page 39
[2025-12-30 19:15:13] 
============================================================
[2025-12-30 19:15:13] Unvan.az Scraper Starting
[2025-12-30 19:15:13] Starting from page: 39
[2025-12-30 19:15:13] Already processed: 1136
[2025-12-30 19:15:13] ============================================================

[2025-12-30 19:15:13] 
▶ Page 39
[2025-12-30 19:15:14] ✓ Found 30 listings
[2025-12-30 19:15:14]   ✓ Batch: 0/10 saved
[2025-12-30 19:15:14]   ✓ Batch: 0/10 saved
[2025-12-30 19:15:14]   ✓ Batch: 0/10 saved
[2025-12-30 19:15:16] 
▶ Page 40
[2025-12-30 19:15:17] ✓ Found 30 listings
[2025-12-30 19:15:17] → Scraping 2639536
[2025-12-30 19:15:17] → Scraping 51131280
[2025-12-30 19:15:17] → Scraping 51131279
[2025-12-30 19:15:17] → Scraping 51131278
[2025-12-30 19:15:17] → Scraping 51131277
[2025-12-30 19:15:17] → Scraping 51131276
[2025-12-30 19:15:17] → Scraping 51131275
[2025-12-30 19:15:17] → Scraping 51131274
[2025-12-30 19:15:17] → Scraping 51131273
[2025-12-30 19:15:17] → Scraping 51131272
[2025-12-30 19:15:21] ✓ Saved 10 listings to CSV
[2025-12-30 19:15:21]   ✓ Batch: 10/10 saved
[2025-12-30 19:15:21] → Scraping 51131271
[2025-12-30 19:15:21] → Scraping 51131270
[2025-12-30 19:15:21] → Scraping 51131269
[2025-12-30 19:15:21] → Scraping 51131268
[2025-12-30 19:15:21] → Scraping 2641008
[2025-12-30 19:15:21] → Scraping 2641007
[2025-12-30 19:15:21] → Scraping 51131267
[2025-12-30 19:15:21] → Scraping 2641006
[2025-12-30 19:15:21] → Scraping 2636780
[2025-12-30 19:15:21] → Scraping 5578738
[2025-12-30 19:15:24] ✓ Saved 10 listings to CSV
[2025-12-30 19:15:24]   ✓ Batch: 10/10 saved
[2025-12-30 19:15:24] → Scraping 51131265
[2025-12-30 19:15:24] → Scraping 2641005
[2025-12-30 19:15:24] → Scraping 51131264
[2025-12-30 19:15:24] → Scraping 2635014
[2025-12-30 19:15:24] → Scraping 51131263
[2025-12-30 19:15:24] → Scraping 51131262
[2025-12-30 19:15:24] → Scraping 2641004
[2025-12-30 19:15:24] → Scraping 51131261
[2025-12-30 19:15:24] → Scraping 51131260
[2025-12-30 19:15:24] → Scraping 51131258
[2025-12-30 19:15:28] ✓ Saved 10 listings to CSV
[2025-12-30 19:15:28]   ✓ Batch: 10/10 saved
[2025-12-30 19:15:30] 
▶ Page 41
[2025-12-30 19:15:31] ✓ Found 30 listings
[2025-12-30 19:15:31] → Scraping 51131257
[2025-12-30 19:15:31] → Scraping 51131256
[2025-12-30 19:15:31] → Scraping 51131255
[2025-12-30 19:15:31] → Scraping 51131254
[2025-12-30 19:15:31] → Scraping 2641003
[2025-12-30 19:15:31] → Scraping 51131253
[2025-12-30 19:15:31] → Scraping 3239412
[2025-12-30 19:15:31] → Scraping 3239658
[2025-12-30 19:15:31] → Scraping 51131252
[2025-12-30 19:15:31] → Scraping 51131251
[2025-12-30 19:15:34] ✓ Saved 10 listings to CSV
[2025-12-30 19:15:34]   ✓ Batch: 10/10 saved
[2025-12-30 19:15:34] → Scraping 51131250
[2025-12-30 19:15:34] → Scraping 51131249
[2025-12-30 19:15:34] → Scraping 51131248
[2025-12-30 19:15:34] → Scraping 51131247
[2025-12-30 19:15:34] → Scraping 51131246
[2025-12-30 19:15:34] → Scraping 51131245
[2025-12-30 19:15:34] → Scraping 51131244
[2025-12-30 19:15:34] → Scraping 51131243
[2025-12-30 19:15:34] → Scraping 51131242
[2025-12-30 19:15:34] → Scraping 51131241
[2025-12-30 19:15:38] ✓ Saved 10 listings to CSV
[2025-12-30 19:15:38]   ✓ Batch: 10/10 saved
[2025-12-30 19:15:38] → Scraping 487201
[2025-12-30 19:15:38] → Scraping 137287
[2025-12-30 19:15:38] → Scraping 51131239
[2025-12-30 19:15:38] → Scraping 51131238
[2025-12-30 19:15:38] → Scraping 2641002
[2025-12-30 19:15:38] → Scraping 51131237
[2025-12-30 19:15:38] → Scraping 51131236
[2025-12-30 19:15:38] → Scraping 51131235
[2025-12-30 19:15:38] → Scraping 51131234
[2025-12-30 19:15:38] → Scraping 51125054
[2025-12-30 19:15:44] ✓ Saved 10 listings to CSV
[2025-12-30 19:15:44]   ✓ Batch: 10/10 saved
[2025-12-30 19:15:46] 
▶ Page 42
[2025-12-30 19:15:48] ✓ Found 30 listings
[2025-12-30 19:15:48] → Scraping 51131233
[2025-12-30 19:15:48] → Scraping 51131232
[2025-12-30 19:15:48] → Scraping 51131231
[2025-12-30 19:15:48] → Scraping 2640523
[2025-12-30 19:15:48] → Scraping 51131230
[2025-12-30 19:15:48] → Scraping 51131228
[2025-12-30 19:15:48] → Scraping 51131227
[2025-12-30 19:15:48] → Scraping 2641001
[2025-12-30 19:15:48] → Scraping 51131226
[2025-12-30 19:15:48] → Scraping 51131225
[2025-12-30 19:15:51] ✓ Saved 10 listings to CSV
[2025-12-30 19:15:51]   ✓ Batch: 10/10 saved
[2025-12-30 19:15:51] → Scraping 5946490
[2025-12-30 19:15:51] → Scraping 51131223
[2025-12-30 19:15:51] → Scraping 51131221
[2025-12-30 19:15:51] → Scraping 51131220
[2025-12-30 19:15:51] → Scraping 51131219
[2025-12-30 19:15:51] → Scraping 51131218
[2025-12-30 19:15:51] → Scraping 51131217
[2025-12-30 19:15:51] → Scraping 51131216
[2025-12-30 19:15:51] → Scraping 5529007
[2025-12-30 19:15:51] → Scraping 5504770
[2025-12-30 19:15:54] ✓ Saved 10 listings to CSV
[2025-12-30 19:15:54]   ✓ Batch: 10/10 saved
[2025-12-30 19:15:54] → Scraping 51122618
[2025-12-30 19:15:54] → Scraping 51122388
[2025-12-30 19:15:54] → Scraping 51089986
[2025-12-30 19:15:54] → Scraping 5846953
[2025-12-30 19:15:54] → Scraping 51106429
[2025-12-30 19:15:54] → Scraping 51094180
[2025-12-30 19:15:54] → Scraping 51094181
[2025-12-30 19:15:54] → Scraping 51094182
[2025-12-30 19:15:54] → Scraping 51094183
[2025-12-30 19:15:54] → Scraping 51094184
[2025-12-30 19:15:58] ✓ Saved 10 listings to CSV
[2025-12-30 19:15:58]   ✓ Batch: 10/10 saved
[2025-12-30 19:16:00] 
▶ Page 43
[2025-12-30 19:16:01] ✓ Found 30 listings
[2025-12-30 19:16:01] → Scraping 51093920
[2025-12-30 19:16:01] → Scraping 51094187
[2025-12-30 19:16:01] → Scraping 51094189
[2025-12-30 19:16:01] → Scraping 51094185
[2025-12-30 19:16:01] → Scraping 51094190
[2025-12-30 19:16:01] → Scraping 51093916
[2025-12-30 19:16:01] → Scraping 51093917
[2025-12-30 19:16:01] → Scraping 51093918
[2025-12-30 19:16:01] → Scraping 51093921
[2025-12-30 19:16:01] → Scraping 51093939
[2025-12-30 19:16:06] ✓ Saved 10 listings to CSV
[2025-12-30 19:16:06]   ✓ Batch: 10/10 saved
[2025-12-30 19:16:06] → Scraping 51093941
[2025-12-30 19:16:06] → Scraping 51093942
[2025-12-30 19:16:06] → Scraping 51093943
[2025-12-30 19:16:06] → Scraping 51093945
[2025-12-30 19:16:06] → Scraping 51084231
[2025-12-30 19:16:06] → Scraping 51128115
[2025-12-30 19:16:06] → Scraping 51042809
[2025-12-30 19:16:06] → Scraping 2579881
[2025-12-30 19:16:06] → Scraping 2591515
[2025-12-30 19:16:06] → Scraping 2588123
[2025-12-30 19:16:09] ✓ Saved 10 listings to CSV
[2025-12-30 19:16:09]   ✓ Batch: 10/10 saved
[2025-12-30 19:16:09] → Scraping 2582209
[2025-12-30 19:16:09] → Scraping 2614632
[2025-12-30 19:16:09] → Scraping 2582366
[2025-12-30 19:16:09] → Scraping 2586693
[2025-12-30 19:16:09] → Scraping 2604528
[2025-12-30 19:16:09] → Scraping 2593718
[2025-12-30 19:16:09] → Scraping 51131213
[2025-12-30 19:16:09] → Scraping 51131211
[2025-12-30 19:16:09] → Scraping 51115917
[2025-12-30 19:16:09] → Scraping 51109582
[2025-12-30 19:16:13] ✓ Saved 10 listings to CSV
[2025-12-30 19:16:13]   ✓ Batch: 10/10 saved
[2025-12-30 19:16:15] 
▶ Page 44
[2025-12-30 19:16:16] ✓ Found 30 listings
[2025-12-30 19:16:16] → Scraping 51131200
[2025-12-30 19:16:16] → Scraping 2641000
[2025-12-30 19:16:16] → Scraping 51131210
[2025-12-30 19:16:16] → Scraping 51131209
[2025-12-30 19:16:16] → Scraping 51131208
[2025-12-30 19:16:16] → Scraping 51131207
[2025-12-30 19:16:16] → Scraping 51131206
[2025-12-30 19:16:16] → Scraping 51131204
[2025-12-30 19:16:16] → Scraping 51131203
[2025-12-30 19:16:16] → Scraping 51131202
[2025-12-30 19:16:20] ✓ Saved 10 listings to CSV
[2025-12-30 19:16:20]   ✓ Batch: 10/10 saved
[2025-12-30 19:16:20] → Scraping 51131201
[2025-12-30 19:16:20] → Scraping 2640999
[2025-12-30 19:16:20] → Scraping 51131199
[2025-12-30 19:16:20] → Scraping 2640997
[2025-12-30 19:16:20] → Scraping 2640996
[2025-12-30 19:16:20] → Scraping 137285
[2025-12-30 19:16:20] → Scraping 51131198
[2025-12-30 19:16:20] → Scraping 51131197
[2025-12-30 19:16:20] → Scraping 2640995
[2025-12-30 19:16:20] → Scraping 2640994
[2025-12-30 19:16:23] ✓ Saved 10 listings to CSV
[2025-12-30 19:16:23]   ✓ Batch: 10/10 saved
[2025-12-30 19:16:23] → Scraping 51131196
[2025-12-30 19:16:23] → Scraping 51131194
[2025-12-30 19:16:23] → Scraping 51079897
[2025-12-30 19:16:23] → Scraping 5275441
[2025-12-30 19:16:23] → Scraping 5246228
[2025-12-30 19:16:23] → Scraping 51001763
[2025-12-30 19:16:23] → Scraping 5357928
[2025-12-30 19:16:23] → Scraping 5581267
[2025-12-30 19:16:23] → Scraping 5580810
[2025-12-30 19:16:23] → Scraping 5428052
[2025-12-30 19:16:28] ✓ Saved 10 listings to CSV
[2025-12-30 19:16:28]   ✓ Batch: 10/10 saved
[2025-12-30 19:16:30] 
▶ Page 45
[2025-12-30 19:16:31] ✓ Found 30 listings
[2025-12-30 19:16:31] → Scraping 51022949
[2025-12-30 19:16:31] → Scraping 5252625
[2025-12-30 19:16:31] → Scraping 5978922
[2025-12-30 19:16:31] → Scraping 5993285
[2025-12-30 19:16:31] → Scraping 5253180
[2025-12-30 19:16:31] → Scraping 51052008
[2025-12-30 19:16:31] → Scraping 5978924
[2025-12-30 19:16:31] → Scraping 5686550
[2025-12-30 19:16:31] → Scraping 51060125
[2025-12-30 19:16:31] → Scraping 5409167
[2025-12-30 19:16:35] ✓ Saved 10 listings to CSV
[2025-12-30 19:16:35]   ✓ Batch: 10/10 saved
[2025-12-30 19:16:35] → Scraping 5220106
[2025-12-30 19:16:35] → Scraping 5248729
[2025-12-30 19:16:35] → Scraping 5256040
[2025-12-30 19:16:35] → Scraping 2640993
[2025-12-30 19:16:35] → Scraping 5517348
[2025-12-30 19:16:35] → Scraping 51068306
[2025-12-30 19:16:35] → Scraping 51131193
[2025-12-30 19:16:35] → Scraping 51131192
[2025-12-30 19:16:35] → Scraping 5533474
[2025-12-30 19:16:35] → Scraping 5445376
[2025-12-30 19:16:39] ✓ Saved 10 listings to CSV
[2025-12-30 19:16:39]   ✓ Batch: 10/10 saved
[2025-12-30 19:16:39] → Scraping 5535124
[2025-12-30 19:16:39] → Scraping 5500573
[2025-12-30 19:16:39] → Scraping 51093082
[2025-12-30 19:16:39] → Scraping 5486498
[2025-12-30 19:16:39] → Scraping 5540912
[2025-12-30 19:16:39] → Scraping 5374281
[2025-12-30 19:16:39] → Scraping 5534206
[2025-12-30 19:16:39] → Scraping 51105986
[2025-12-30 19:16:39] → Scraping 51091221
[2025-12-30 19:16:39] → Scraping 2636176
[2025-12-30 19:16:44] ✓ Saved 10 listings to CSV
[2025-12-30 19:16:44]   ✓ Batch: 10/10 saved
[2025-12-30 19:16:46] 
▶ Page 46
[2025-12-30 19:16:47] ✓ Found 30 listings
[2025-12-30 19:16:47] → Scraping 51128092
[2025-12-30 19:16:47] → Scraping 51059472
[2025-12-30 19:16:47] → Scraping 51059471
[2025-12-30 19:16:47] → Scraping 51027413
[2025-12-30 19:16:47] → Scraping 51059337
[2025-12-30 19:16:47] → Scraping 51041079
[2025-12-30 19:16:47] → Scraping 51039080
[2025-12-30 19:16:47] → Scraping 51039077
[2025-12-30 19:16:47] → Scraping 51048569
[2025-12-30 19:16:47] → Scraping 51039082
[2025-12-30 19:16:51] ✓ Saved 10 listings to CSV
[2025-12-30 19:16:51]   ✓ Batch: 10/10 saved
[2025-12-30 19:16:51] → Scraping 51066941
[2025-12-30 19:16:51] → Scraping 51066939
[2025-12-30 19:16:51] → Scraping 51066942
[2025-12-30 19:16:51] → Scraping 51066945
[2025-12-30 19:16:51] → Scraping 51042860
[2025-12-30 19:16:51] → Scraping 51039513
[2025-12-30 19:16:51] → Scraping 51066944
[2025-12-30 19:16:51] → Scraping 51059470
[2025-12-30 19:16:51] → Scraping 51041367
[2025-12-30 19:16:51] → Scraping 51059474
[2025-12-30 19:16:54] ✓ Saved 10 listings to CSV
[2025-12-30 19:16:54]   ✓ Batch: 10/10 saved
[2025-12-30 19:16:54] → Scraping 51059473
[2025-12-30 19:16:54] → Scraping 51048568
[2025-12-30 19:16:54] → Scraping 51030591
[2025-12-30 19:16:54] → Scraping 51131191
[2025-12-30 19:16:54] → Scraping 2640992
[2025-12-30 19:16:54] → Scraping 51131190
[2025-12-30 19:16:54] → Scraping 2640991
[2025-12-30 19:16:54] → Scraping 51131189
[2025-12-30 19:16:54] → Scraping 51110055
[2025-12-30 19:16:54] → Scraping 51131187
[2025-12-30 19:16:57] ✓ Saved 10 listings to CSV
[2025-12-30 19:16:57]   ✓ Batch: 10/10 saved
[2025-12-30 19:16:59] 
▶ Page 47
[2025-12-30 19:17:00] ✓ Found 30 listings
[2025-12-30 19:17:00] → Scraping 137284
[2025-12-30 19:17:00] → Scraping 2640990
[2025-12-30 19:17:00] → Scraping 51128100
[2025-12-30 19:17:00] → Scraping 51023832
[2025-12-30 19:17:00] → Scraping 5984850
[2025-12-30 19:17:00] → Scraping 51030080
[2025-12-30 19:17:00] → Scraping 51030100
[2025-12-30 19:17:00] → Scraping 51023239
[2025-12-30 19:17:00] → Scraping 5980921
[2025-12-30 19:17:00] → Scraping 51052066
[2025-12-30 19:17:04] ✓ Saved 10 listings to CSV
[2025-12-30 19:17:04]   ✓ Batch: 10/10 saved
[2025-12-30 19:17:04] → Scraping 51043360
[2025-12-30 19:17:04] → Scraping 51131184
[2025-12-30 19:17:04] → Scraping 51131182
[2025-12-30 19:17:04] → Scraping 51131181
[2025-12-30 19:17:04] → Scraping 51131180
[2025-12-30 19:17:04] → Scraping 51131179
[2025-12-30 19:17:04] → Scraping 51131178
[2025-12-30 19:17:04] → Scraping 2640989
[2025-12-30 19:17:04] → Scraping 2640988
[2025-12-30 19:17:04] → Scraping 2640986
[2025-12-30 19:17:08] ✓ Saved 10 listings to CSV
[2025-12-30 19:17:08]   ✓ Batch: 10/10 saved
[2025-12-30 19:17:08] → Scraping 51123807
[2025-12-30 19:17:08] → Scraping 51114962
[2025-12-30 19:17:08] → Scraping 51123813
[2025-12-30 19:17:08] → Scraping 51131177
[2025-12-30 19:17:08] → Scraping 2639499
[2025-12-30 19:17:08] → Scraping 3238952
[2025-12-30 19:17:08] → Scraping 51131176
[2025-12-30 19:17:08] → Scraping 51131175
[2025-12-30 19:17:08] → Scraping 51131174
[2025-12-30 19:17:08] → Scraping 51131173
[2025-12-30 19:17:12] ✓ Saved 10 listings to CSV
[2025-12-30 19:17:12]   ✓ Batch: 10/10 saved
[2025-12-30 19:17:14] 
▶ Page 48
[2025-12-30 19:17:15] ✓ Found 30 listings
[2025-12-30 19:17:15] → Scraping 51131172
[2025-12-30 19:17:15] → Scraping 51131171
[2025-12-30 19:17:15] → Scraping 51131170
[2025-12-30 19:17:15] → Scraping 51131169
[2025-12-30 19:17:15] → Scraping 51131168
[2025-12-30 19:17:15] → Scraping 51131167
[2025-12-30 19:17:15] → Scraping 2640985
[2025-12-30 19:17:15] → Scraping 51131165
[2025-12-30 19:17:15] → Scraping 51131164
[2025-12-30 19:17:15] → Scraping 51131163
[2025-12-30 19:17:19] ✓ Saved 10 listings to CSV
[2025-12-30 19:17:19]   ✓ Batch: 10/10 saved
[2025-12-30 19:17:19] → Scraping 51131162
[2025-12-30 19:17:19] → Scraping 51131161
[2025-12-30 19:17:19] → Scraping 51131160
[2025-12-30 19:17:19] → Scraping 51131159
[2025-12-30 19:17:19] → Scraping 51131158
[2025-12-30 19:17:19] → Scraping 51131156
[2025-12-30 19:17:19] → Scraping 51131155
[2025-12-30 19:17:19] → Scraping 2640984
[2025-12-30 19:17:19] → Scraping 51131154
[2025-12-30 19:17:19] → Scraping 51131153
[2025-12-30 19:17:22] ✓ Saved 10 listings to CSV
[2025-12-30 19:17:22]   ✓ Batch: 10/10 saved
[2025-12-30 19:17:22] → Scraping 51131152
[2025-12-30 19:17:22] → Scraping 51131150
[2025-12-30 19:17:22] → Scraping 2640983
[2025-12-30 19:17:22] → Scraping 51131149
[2025-12-30 19:17:22] → Scraping 51131148
[2025-12-30 19:17:22] → Scraping 51131147
[2025-12-30 19:17:22] → Scraping 51131146
[2025-12-30 19:17:22] → Scraping 51131145
[2025-12-30 19:17:22] → Scraping 51131142
[2025-12-30 19:17:22] → Scraping 5559064
[2025-12-30 19:17:26] ✓ Saved 10 listings to CSV
[2025-12-30 19:17:26]   ✓ Batch: 10/10 saved
[2025-12-30 19:17:28] 
▶ Page 49
[2025-12-30 19:17:29] ✓ Found 30 listings
[2025-12-30 19:17:29] → Scraping 51127224
[2025-12-30 19:17:29] → Scraping 5488210
[2025-12-30 19:17:29] → Scraping 51120533
[2025-12-30 19:17:29] → Scraping 51131141
[2025-12-30 19:17:29] → Scraping 5800185
[2025-12-30 19:17:29] → Scraping 2640982
[2025-12-30 19:17:29] → Scraping 51131140
[2025-12-30 19:17:29] → Scraping 2640981
[2025-12-30 19:17:29] → Scraping 51131139
[2025-12-30 19:17:29] → Scraping 51131138
[2025-12-30 19:17:32] ✓ Saved 10 listings to CSV
[2025-12-30 19:17:32]   ✓ Batch: 10/10 saved
[2025-12-30 19:17:32] → Scraping 51131137
[2025-12-30 19:17:32] → Scraping 2640980
[2025-12-30 19:17:32] → Scraping 51131136
[2025-12-30 19:17:32] → Scraping 2640979
[2025-12-30 19:17:32] → Scraping 51131133
[2025-12-30 19:17:32] → Scraping 51131132
[2025-12-30 19:17:32] → Scraping 51131131
[2025-12-30 19:17:32] → Scraping 2640978
[2025-12-30 19:17:32] → Scraping 2640977
[2025-12-30 19:17:32] → Scraping 51131128
[2025-12-30 19:17:36] ✓ Saved 10 listings to CSV
[2025-12-30 19:17:36]   ✓ Batch: 10/10 saved
[2025-12-30 19:17:36] → Scraping 51131127
[2025-12-30 19:17:36] → Scraping 2640976
[2025-12-30 19:17:36] → Scraping 51131126
[2025-12-30 19:17:36] → Scraping 2640975
[2025-12-30 19:17:36] → Scraping 51131123
[2025-12-30 19:17:36] → Scraping 51131122
[2025-12-30 19:17:36] → Scraping 51131120
[2025-12-30 19:17:36] → Scraping 51131119
[2025-12-30 19:17:36] → Scraping 51131118
[2025-12-30 19:17:36] → Scraping 51131116
[2025-12-30 19:17:39] ✓ Saved 10 listings to CSV
[2025-12-30 19:17:39]   ✓ Batch: 10/10 saved
[2025-12-30 19:17:41] 
▶ Page 50
[2025-12-30 19:17:42] ✓ Found 30 listings
[2025-12-30 19:17:42] → Scraping 5213413
[2025-12-30 19:17:42] → Scraping 5978923
[2025-12-30 19:17:42] → Scraping 5993284
[2025-12-30 19:17:42] → Scraping 5978908
[2025-12-30 19:17:42] → Scraping 51052074
[2025-12-30 19:17:42] → Scraping 51060475
[2025-12-30 19:17:42] → Scraping 51044343
[2025-12-30 19:17:42] → Scraping 51051810
[2025-12-30 19:17:42] → Scraping 5978904
[2025-12-30 19:17:42] → Scraping 51060567
[2025-12-30 19:17:46] ✓ Saved 10 listings to CSV
[2025-12-30 19:17:46]   ✓ Batch: 10/10 saved
[2025-12-30 19:17:46] → Scraping 5397264
[2025-12-30 19:17:46] → Scraping 51037623
[2025-12-30 19:17:46] → Scraping 51052314
[2025-12-30 19:17:46] → Scraping 5214869
[2025-12-30 19:17:46] → Scraping 51060585
[2025-12-30 19:17:46] → Scraping 5279129
[2025-12-30 19:17:46] → Scraping 5461616
[2025-12-30 19:17:46] → Scraping 5429083
[2025-12-30 19:17:46] → Scraping 51052359
[2025-12-30 19:17:46] → Scraping 5409535
[2025-12-30 19:17:49] ✓ Saved 10 listings to CSV
[2025-12-30 19:17:49]   ✓ Batch: 10/10 saved
[2025-12-30 19:17:49] → Scraping 51077896
[2025-12-30 19:17:49] → Scraping 5409088
[2025-12-30 19:17:49] → Scraping 51131115
[2025-12-30 19:17:49] → Scraping 2637845
[2025-12-30 19:17:49] → Scraping 51131114
[2025-12-30 19:17:49] → Scraping 51127771
[2025-12-30 19:17:49] → Scraping 51127783
[2025-12-30 19:17:49] → Scraping 2640973
[2025-12-30 19:17:49] → Scraping 51131113
[2025-12-30 19:17:49] → Scraping 51131112
[2025-12-30 19:17:53] ✓ Saved 10 listings to CSV
[2025-12-30 19:17:53]   ✓ Batch: 10/10 saved
[2025-12-30 19:17:55] 
▶ Page 51
[2025-12-30 19:17:56] ✓ Found 30 listings
[2025-12-30 19:17:56] → Scraping 51131111
[2025-12-30 19:17:56] → Scraping 51131110
[2025-12-30 19:17:56] → Scraping 2640972
[2025-12-30 19:17:56] → Scraping 51113452
[2025-12-30 19:17:56] → Scraping 51131108
[2025-12-30 19:17:56] → Scraping 51119216
[2025-12-30 19:17:56] → Scraping 51131106
[2025-12-30 19:17:56] → Scraping 51128066
[2025-12-30 19:17:56] → Scraping 51124979
[2025-12-30 19:17:56] → Scraping 51077758
[2025-12-30 19:18:00] ✓ Saved 10 listings to CSV
[2025-12-30 19:18:00]   ✓ Batch: 10/10 saved
[2025-12-30 19:18:00] → Scraping 51131105
[2025-12-30 19:18:00] → Scraping 51118161
[2025-12-30 19:18:00] → Scraping 2640971
[2025-12-30 19:18:00] → Scraping 51109604
[2025-12-30 19:18:00] → Scraping 51108294
[2025-12-30 19:18:00] → Scraping 51104400
[2025-12-30 19:18:00] → Scraping 51111040
[2025-12-30 19:18:00] → Scraping 51079391
[2025-12-30 19:18:00] → Scraping 51037607
[2025-12-30 19:18:00] → Scraping 51116359
[2025-12-30 19:18:03] ✓ Saved 10 listings to CSV
[2025-12-30 19:18:03]   ✓ Batch: 10/10 saved
[2025-12-30 19:18:03] → Scraping 51106217
[2025-12-30 19:18:03] → Scraping 51097993
[2025-12-30 19:18:03] → Scraping 51121608
[2025-12-30 19:18:03] → Scraping 51124697
[2025-12-30 19:18:03] → Scraping 51030860
[2025-12-30 19:18:03] → Scraping 5724184
[2025-12-30 19:18:03] → Scraping 5899219
[2025-12-30 19:18:03] → Scraping 5517262
[2025-12-30 19:18:03] → Scraping 5937389
[2025-12-30 19:18:03] → Scraping 5501784
[2025-12-30 19:18:07] ✓ Saved 10 listings to CSV
[2025-12-30 19:18:07]   ✓ Batch: 10/10 saved
[2025-12-30 19:18:09] 
▶ Page 52
[2025-12-30 19:18:10] ✓ Found 30 listings
[2025-12-30 19:18:10] → Scraping 5500846
[2025-12-30 19:18:10] → Scraping 5522081
[2025-12-30 19:18:10] → Scraping 5524424
[2025-12-30 19:18:10] → Scraping 2639446
[2025-12-30 19:18:10] → Scraping 2639449
[2025-12-30 19:18:10] → Scraping 2639454
[2025-12-30 19:18:10] → Scraping 2639459
[2025-12-30 19:18:10] → Scraping 51100437
[2025-12-30 19:18:10] → Scraping 2640970
[2025-12-30 19:18:10] → Scraping 51131104
[2025-12-30 19:18:13] ✓ Saved 10 listings to CSV
[2025-12-30 19:18:13]   ✓ Batch: 10/10 saved
[2025-12-30 19:18:13] → Scraping 51131103
[2025-12-30 19:18:13] → Scraping 51131102
[2025-12-30 19:18:13] → Scraping 51131101
[2025-12-30 19:18:13] → Scraping 51131100
[2025-12-30 19:18:13] → Scraping 2640969
[2025-12-30 19:18:13] → Scraping 51131099
[2025-12-30 19:18:13] → Scraping 2640968
[2025-12-30 19:18:13] → Scraping 51131098
[2025-12-30 19:18:13] → Scraping 51131097
[2025-12-30 19:18:13] → Scraping 51093087
[2025-12-30 19:18:17] ✓ Saved 10 listings to CSV
[2025-12-30 19:18:17]   ✓ Batch: 10/10 saved
[2025-12-30 19:18:17] → Scraping 51131096
[2025-12-30 19:18:17] → Scraping 51131095
[2025-12-30 19:18:17] → Scraping 51131094
[2025-12-30 19:18:17] → Scraping 5833218
[2025-12-30 19:18:17] → Scraping 5638769
[2025-12-30 19:18:17] → Scraping 51082189
[2025-12-30 19:18:17] → Scraping 51093497
[2025-12-30 19:18:17] → Scraping 51102667
[2025-12-30 19:18:17] → Scraping 51083680
[2025-12-30 19:18:17] → Scraping 2640965
[2025-12-30 19:18:20] ✓ Saved 10 listings to CSV
[2025-12-30 19:18:20]   ✓ Batch: 10/10 saved
[2025-12-30 19:18:22] 
▶ Page 53
[2025-12-30 19:18:24] ✓ Found 30 listings
[2025-12-30 19:18:24] → Scraping 51131093
[2025-12-30 19:18:24] → Scraping 137283
[2025-12-30 19:18:24] → Scraping 51131092
[2025-12-30 19:18:24] → Scraping 51131091
[2025-12-30 19:18:24] → Scraping 51131090
[2025-12-30 19:18:24] → Scraping 51131089
[2025-12-30 19:18:24] → Scraping 51131088
[2025-12-30 19:18:24] → Scraping 51131087
[2025-12-30 19:18:24] → Scraping 51131086
[2025-12-30 19:18:24] → Scraping 2536988
[2025-12-30 19:18:27] ✓ Saved 10 listings to CSV
[2025-12-30 19:18:27]   ✓ Batch: 10/10 saved
[2025-12-30 19:18:27] → Scraping 2640963
[2025-12-30 19:18:27] → Scraping 51109908
[2025-12-30 19:18:27] → Scraping 2640962
[2025-12-30 19:18:27] → Scraping 51031796
[2025-12-30 19:18:27] → Scraping 3239796
[2025-12-30 19:18:27] → Scraping 51131085
[2025-12-30 19:18:27] → Scraping 51131084
[2025-12-30 19:18:27] → Scraping 51131083
[2025-12-30 19:18:27] → Scraping 51122404
[2025-12-30 19:18:27] → Scraping 51131082
[2025-12-30 19:18:31] ✓ Saved 10 listings to CSV
[2025-12-30 19:18:31]   ✓ Batch: 10/10 saved
[2025-12-30 19:18:31] → Scraping 2640960
[2025-12-30 19:18:31] → Scraping 51131081
[2025-12-30 19:18:31] → Scraping 2640959
[2025-12-30 19:18:31] → Scraping 51131080
[2025-12-30 19:18:31] → Scraping 51131079
[2025-12-30 19:18:31] → Scraping 2640958
[2025-12-30 19:18:31] → Scraping 51131078
[2025-12-30 19:18:31] → Scraping 51131077
[2025-12-30 19:18:31] → Scraping 51105278
[2025-12-30 19:18:31] → Scraping 51104725
[2025-12-30 19:18:34] ✓ Saved 10 listings to CSV
[2025-12-30 19:18:34]   ✓ Batch: 10/10 saved
[2025-12-30 19:18:36] 
▶ Page 54
[2025-12-30 19:18:38] ✓ Found 30 listings
[2025-12-30 19:18:38] → Scraping 5419162
[2025-12-30 19:18:38] → Scraping 5471890
[2025-12-30 19:18:38] → Scraping 5994733
[2025-12-30 19:18:38] → Scraping 5987420
[2025-12-30 19:18:38] → Scraping 5606460
[2025-12-30 19:18:38] → Scraping 5969936
[2025-12-30 19:18:38] → Scraping 51044230
[2025-12-30 19:18:38] → Scraping 5251963
[2025-12-30 19:18:38] → Scraping 5460509
[2025-12-30 19:18:38] → Scraping 5987102
[2025-12-30 19:18:43] ✓ Saved 10 listings to CSV
[2025-12-30 19:18:43]   ✓ Batch: 10/10 saved
[2025-12-30 19:18:43] → Scraping 51131076
[2025-12-30 19:18:43] → Scraping 5439641
[2025-12-30 19:18:43] → Scraping 5642411
[2025-12-30 19:18:43] → Scraping 5516922
[2025-12-30 19:18:43] → Scraping 5279131
[2025-12-30 19:18:43] → Scraping 5386404
[2025-12-30 19:18:43] → Scraping 51105279
[2025-12-30 19:18:43] → Scraping 51038151
[2025-12-30 19:18:43] → Scraping 5215639
[2025-12-30 19:18:43] → Scraping 5258896
[2025-12-30 19:18:47] ✓ Saved 10 listings to CSV
[2025-12-30 19:18:47]   ✓ Batch: 10/10 saved
[2025-12-30 19:18:47] → Scraping 2640956
[2025-12-30 19:18:47] → Scraping 51131074
[2025-12-30 19:18:47] → Scraping 5890688
[2025-12-30 19:18:47] → Scraping 5885333
[2025-12-30 19:18:47] → Scraping 5654843
[2025-12-30 19:18:47] → Scraping 5609325
[2025-12-30 19:18:47] → Scraping 5596910
[2025-12-30 19:18:47] → Scraping 5585909
[2025-12-30 19:18:47] → Scraping 5521773
[2025-12-30 19:18:47] → Scraping 5342172
[2025-12-30 19:18:50] ✓ Saved 10 listings to CSV
[2025-12-30 19:18:50]   ✓ Batch: 10/10 saved
[2025-12-30 19:18:52] 
▶ Page 55
[2025-12-30 19:18:53] ✓ Found 30 listings
[2025-12-30 19:18:53] → Scraping 5327821
[2025-12-30 19:18:53] → Scraping 5118835
[2025-12-30 19:18:53] → Scraping 5116708
[2025-12-30 19:18:53] → Scraping 5109001
[2025-12-30 19:18:53] → Scraping 595071
[2025-12-30 19:18:53] → Scraping 582662
[2025-12-30 19:18:53] → Scraping 582061
[2025-12-30 19:18:53] → Scraping 581852
[2025-12-30 19:18:53] → Scraping 577962
[2025-12-30 19:18:53] → Scraping 569277
[2025-12-30 19:18:56] ✓ Saved 10 listings to CSV
[2025-12-30 19:18:56]   ✓ Batch: 10/10 saved
[2025-12-30 19:18:56] → Scraping 566015
[2025-12-30 19:18:56] → Scraping 557677
[2025-12-30 19:18:56] → Scraping 547176
[2025-12-30 19:18:56] → Scraping 520955
[2025-12-30 19:18:56] → Scraping 51131073
[2025-12-30 19:18:56] → Scraping 2640955
[2025-12-30 19:18:56] → Scraping 51131072
[2025-12-30 19:18:56] → Scraping 2640954
[2025-12-30 19:18:56] → Scraping 2640953
[2025-12-30 19:18:56] → Scraping 2640952
[2025-12-30 19:19:00] ✓ Saved 10 listings to CSV
[2025-12-30 19:19:00]   ✓ Batch: 10/10 saved
[2025-12-30 19:19:00] → Scraping 51131071
[2025-12-30 19:19:00] → Scraping 2640951
[2025-12-30 19:19:00] → Scraping 2640950
[2025-12-30 19:19:00] → Scraping 2640949
[2025-12-30 19:19:00] → Scraping 51131070
[2025-12-30 19:19:00] → Scraping 2640948
[2025-12-30 19:19:00] → Scraping 2640947
[2025-12-30 19:19:00] → Scraping 51131069
[2025-12-30 19:19:00] → Scraping 51131068
[2025-12-30 19:19:00] → Scraping 2640946
[2025-12-30 19:19:03] ✓ Saved 10 listings to CSV
[2025-12-30 19:19:03]   ✓ Batch: 10/10 saved
[2025-12-30 19:19:05] 
▶ Page 56
[2025-12-30 19:19:07] ✓ Found 30 listings
[2025-12-30 19:19:07] → Scraping 51045826
[2025-12-30 19:19:07] → Scraping 51131067
[2025-12-30 19:19:07] → Scraping 51131065
[2025-12-30 19:19:07] → Scraping 51066534
[2025-12-30 19:19:07] → Scraping 5902549
[2025-12-30 19:19:07] → Scraping 51131064
[2025-12-30 19:19:07] → Scraping 51131063
[2025-12-30 19:19:07] → Scraping 51131062
[2025-12-30 19:19:07] → Scraping 2640944
[2025-12-30 19:19:07] → Scraping 2636373
[2025-12-30 19:19:10] ✓ Saved 10 listings to CSV
[2025-12-30 19:19:10]   ✓ Batch: 10/10 saved
[2025-12-30 19:19:10] → Scraping 2640943
[2025-12-30 19:19:10] → Scraping 51131060
[2025-12-30 19:19:10] → Scraping 51091873
[2025-12-30 19:19:10] → Scraping 2640941
[2025-12-30 19:19:10] → Scraping 5491231
[2025-12-30 19:19:10] → Scraping 2640936
[2025-12-30 19:19:10] → Scraping 51131058
[2025-12-30 19:19:10] → Scraping 5870528
[2025-12-30 19:19:10] → Scraping 51131056
[2025-12-30 19:19:10] → Scraping 5926307
[2025-12-30 19:19:14] ✓ Saved 10 listings to CSV
[2025-12-30 19:19:14]   ✓ Batch: 10/10 saved
[2025-12-30 19:19:14] → Scraping 51131055
[2025-12-30 19:19:14] → Scraping 5959184
[2025-12-30 19:19:14] → Scraping 5586092
[2025-12-30 19:19:14] → Scraping 51131054
[2025-12-30 19:19:14] → Scraping 5500320
[2025-12-30 19:19:14] → Scraping 5978323
[2025-12-30 19:19:14] → Scraping 5578313
[2025-12-30 19:19:14] → Scraping 5483822
[2025-12-30 19:19:14] → Scraping 51131053
[2025-12-30 19:19:14] → Scraping 5528382
[2025-12-30 19:19:17] ✓ Saved 10 listings to CSV
[2025-12-30 19:19:17]   ✓ Batch: 10/10 saved
[2025-12-30 19:19:19] 
▶ Page 57
[2025-12-30 19:19:20] ✓ Found 30 listings
[2025-12-30 19:19:20] → Scraping 51131052
[2025-12-30 19:19:20] → Scraping 5925334
[2025-12-30 19:19:20] → Scraping 51131051
[2025-12-30 19:19:20] → Scraping 2640940
[2025-12-30 19:19:20] → Scraping 51131050
[2025-12-30 19:19:20] → Scraping 2640939
[2025-12-30 19:19:20] → Scraping 51131048
[2025-12-30 19:19:20] → Scraping 51131047
[2025-12-30 19:19:20] → Scraping 51131045
[2025-12-30 19:19:20] → Scraping 51131044
[2025-12-30 19:19:24] ✓ Saved 10 listings to CSV
[2025-12-30 19:19:24]   ✓ Batch: 10/10 saved
[2025-12-30 19:19:24] → Scraping 51131043
[2025-12-30 19:19:24] → Scraping 51131042
[2025-12-30 19:19:24] → Scraping 5265598
[2025-12-30 19:19:24] → Scraping 5344780
[2025-12-30 19:19:24] → Scraping 5410166
[2025-12-30 19:19:24] → Scraping 5386885
[2025-12-30 19:19:24] → Scraping 5321559
[2025-12-30 19:19:24] → Scraping 51064487
[2025-12-30 19:19:24] → Scraping 5429781
[2025-12-30 19:19:24] → Scraping 5283855
[2025-12-30 19:19:28] ✓ Saved 10 listings to CSV
[2025-12-30 19:19:28]   ✓ Batch: 10/10 saved
[2025-12-30 19:19:28] → Scraping 5373289
[2025-12-30 19:19:28] → Scraping 51038341
[2025-12-30 19:19:28] → Scraping 5609273
[2025-12-30 19:19:28] → Scraping 51045738
[2025-12-30 19:19:28] → Scraping 5970205
[2025-12-30 19:19:28] → Scraping 51088448
[2025-12-30 19:19:28] → Scraping 51060730
[2025-12-30 19:19:28] → Scraping 5253380
[2025-12-30 19:19:28] → Scraping 5168138
[2025-12-30 19:19:28] → Scraping 5216022
[2025-12-30 19:19:31] ✓ Saved 10 listings to CSV
[2025-12-30 19:19:31]   ✓ Batch: 10/10 saved
[2025-12-30 19:19:33] 
▶ Page 58
[2025-12-30 19:19:34] ✓ Found 30 listings
[2025-12-30 19:19:34] → Scraping 51038154
[2025-12-30 19:19:34] → Scraping 51024522
[2025-12-30 19:19:34] → Scraping 51131040
[2025-12-30 19:19:34] → Scraping 2640938
[2025-12-30 19:19:34] → Scraping 2638876
[2025-12-30 19:19:34] → Scraping 2639071
[2025-12-30 19:19:34] → Scraping 51131039
[2025-12-30 19:19:34] → Scraping 51131038
[2025-12-30 19:19:34] → Scraping 2640937
[2025-12-30 19:19:34] → Scraping 51131037
[2025-12-30 19:19:38] ✓ Saved 10 listings to CSV
[2025-12-30 19:19:38]   ✓ Batch: 10/10 saved
[2025-12-30 19:19:38] → Scraping 51123426
[2025-12-30 19:19:38] → Scraping 51131036
[2025-12-30 19:19:38] → Scraping 51103776
[2025-12-30 19:19:38] → Scraping 51123161
[2025-12-30 19:19:38] → Scraping 51131035
[2025-12-30 19:19:38] → Scraping 2640935
[2025-12-30 19:19:38] → Scraping 2640934
[2025-12-30 19:19:38] → Scraping 2640933
[2025-12-30 19:19:38] → Scraping 51131033
[2025-12-30 19:19:38] → Scraping 2640932
[2025-12-30 19:19:41] ✓ Saved 10 listings to CSV
[2025-12-30 19:19:41]   ✓ Batch: 10/10 saved
[2025-12-30 19:19:41] → Scraping 51131032
[2025-12-30 19:19:41] → Scraping 51124930
[2025-12-30 19:19:41] → Scraping 5703552
[2025-12-30 19:19:41] → Scraping 51131030
[2025-12-30 19:19:41] → Scraping 51131029
[2025-12-30 19:19:41] → Scraping 51131026
[2025-12-30 19:19:41] → Scraping 2640931
[2025-12-30 19:19:41] → Scraping 51079972
[2025-12-30 19:19:41] → Scraping 51118160
[2025-12-30 19:19:41] → Scraping 51118028
[2025-12-30 19:19:45] ✓ Saved 10 listings to CSV
[2025-12-30 19:19:45]   ✓ Batch: 10/10 saved
[2025-12-30 19:19:47] 
▶ Page 59
[2025-12-30 19:19:48] ✓ Found 30 listings
[2025-12-30 19:19:48] → Scraping 51131025
[2025-12-30 19:19:48] → Scraping 51127070
[2025-12-30 19:19:48] → Scraping 2638264
[2025-12-30 19:19:48] → Scraping 2638274
[2025-12-30 19:19:48] → Scraping 2638282
[2025-12-30 19:19:48] → Scraping 2636908
[2025-12-30 19:19:48] → Scraping 51131024
[2025-12-30 19:19:48] → Scraping 2635520
[2025-12-30 19:19:48] → Scraping 2630784
[2025-12-30 19:19:48] → Scraping 2635568
[2025-12-30 19:19:52] ✓ Saved 10 listings to CSV
[2025-12-30 19:19:52]   ✓ Batch: 10/10 saved
[2025-12-30 19:19:52] → Scraping 2635658
[2025-12-30 19:19:52] → Scraping 2635695
[2025-12-30 19:19:52] → Scraping 2634184
[2025-12-30 19:19:52] → Scraping 2634345
[2025-12-30 19:19:52] → Scraping 2634462
[2025-12-30 19:19:52] → Scraping 2634360
[2025-12-30 19:19:52] → Scraping 2634291
[2025-12-30 19:19:52] → Scraping 2635664
[2025-12-30 19:19:52] → Scraping 2634454
[2025-12-30 19:19:52] → Scraping 2634299
[2025-12-30 19:19:56] ✓ Saved 10 listings to CSV
[2025-12-30 19:19:56]   ✓ Batch: 10/10 saved
[2025-12-30 19:19:56] → Scraping 51131023
[2025-12-30 19:19:56] → Scraping 51082104
[2025-12-30 19:19:56] → Scraping 51131022
[2025-12-30 19:19:56] → Scraping 51127091
[2025-12-30 19:19:56] → Scraping 51124352
[2025-12-30 19:19:56] → Scraping 51120662
[2025-12-30 19:19:56] → Scraping 51128015
[2025-12-30 19:19:56] → Scraping 51131021
[2025-12-30 19:19:56] → Scraping 51131020
[2025-12-30 19:19:56] → Scraping 2640930
[2025-12-30 19:19:59] ✓ Saved 10 listings to CSV
[2025-12-30 19:19:59]   ✓ Batch: 10/10 saved
[2025-12-30 19:20:01] 
▶ Page 60
[2025-12-30 19:20:02] ✓ Found 30 listings
[2025-12-30 19:20:02] → Scraping 487056
[2025-12-30 19:20:02] → Scraping 51123872
[2025-12-30 19:20:02] → Scraping 51084941
[2025-12-30 19:20:02] → Scraping 51131019
[2025-12-30 19:20:02] → Scraping 51131018
[2025-12-30 19:20:02] → Scraping 51131016
[2025-12-30 19:20:02] → Scraping 51131015
[2025-12-30 19:20:02] → Scraping 2639406
[2025-12-30 19:20:02] → Scraping 2617944
[2025-12-30 19:20:02] → Scraping 51080621
[2025-12-30 19:20:06] ✓ Saved 10 listings to CSV
[2025-12-30 19:20:06]   ✓ Batch: 10/10 saved
[2025-12-30 19:20:06] → Scraping 51116891
[2025-12-30 19:20:06] → Scraping 51109862
[2025-12-30 19:20:06] → Scraping 51128121
[2025-12-30 19:20:06] → Scraping 51131014
[2025-12-30 19:20:06] → Scraping 51123523
[2025-12-30 19:20:06] → Scraping 51032603
[2025-12-30 19:20:06] → Scraping 2639912
[2025-12-30 19:20:06] → Scraping 51131013
[2025-12-30 19:20:06] → Scraping 51131012
[2025-12-30 19:20:06] → Scraping 51131011
[2025-12-30 19:20:10] ✓ Saved 10 listings to CSV
[2025-12-30 19:20:10]   ✓ Batch: 10/10 saved
[2025-12-30 19:20:10] → Scraping 2640929
[2025-12-30 19:20:10] → Scraping 137282
[2025-12-30 19:20:10] → Scraping 137281
[2025-12-30 19:20:10] → Scraping 51131010
[2025-12-30 19:20:10] → Scraping 51131009
[2025-12-30 19:20:10] → Scraping 2639373
[2025-12-30 19:20:10] → Scraping 3239795
[2025-12-30 19:20:10] → Scraping 51131007
[2025-12-30 19:20:10] → Scraping 51131004
[2025-12-30 19:20:10] → Scraping 51131003
[2025-12-30 19:20:13] ✓ Saved 10 listings to CSV
[2025-12-30 19:20:13]   ✓ Batch: 10/10 saved
[2025-12-30 19:20:15] 
▶ Page 61
[2025-12-30 19:20:17] ✓ Found 30 listings
[2025-12-30 19:20:17] → Scraping 51131002
[2025-12-30 19:20:17] → Scraping 51131000
[2025-12-30 19:20:17] → Scraping 51130999
[2025-12-30 19:20:17] → Scraping 51130998
[2025-12-30 19:20:17] → Scraping 5644050
[2025-12-30 19:20:17] → Scraping 3239794
[2025-12-30 19:20:17] → Scraping 5592481
[2025-12-30 19:20:17] → Scraping 51105282
[2025-12-30 19:20:17] → Scraping 51064488
[2025-12-30 19:20:17] → Scraping 51105280
[2025-12-30 19:20:20] ✓ Saved 10 listings to CSV
[2025-12-30 19:20:20]   ✓ Batch: 10/10 saved
[2025-12-30 19:20:20] → Scraping 5373301
[2025-12-30 19:20:20] → Scraping 5420046
[2025-12-30 19:20:20] → Scraping 5256347
[2025-12-30 19:20:20] → Scraping 5218046
[2025-12-30 19:20:20] → Scraping 5322317
[2025-12-30 19:20:20] → Scraping 51038339
[2025-12-30 19:20:20] → Scraping 51045715
[2025-12-30 19:20:20] → Scraping 5232467
[2025-12-30 19:20:20] → Scraping 5280406
[2025-12-30 19:20:20] → Scraping 51038338
[2025-12-30 19:20:24] ✓ Saved 10 listings to CSV
[2025-12-30 19:20:24]   ✓ Batch: 10/10 saved
[2025-12-30 19:20:24] → Scraping 5231972
[2025-12-30 19:20:24] → Scraping 5254730
[2025-12-30 19:20:24] → Scraping 51038340
[2025-12-30 19:20:24] → Scraping 51001337
[2025-12-30 19:20:24] → Scraping 51024524
[2025-12-30 19:20:24] → Scraping 51060796
[2025-12-30 19:20:24] → Scraping 2640926
[2025-12-30 19:20:24] → Scraping 51130997
[2025-12-30 19:20:24] → Scraping 2640925
[2025-12-30 19:20:24] → Scraping 51092797
[2025-12-30 19:20:29] ✓ Saved 10 listings to CSV
[2025-12-30 19:20:29]   ✓ Batch: 10/10 saved
[2025-12-30 19:20:31] 
▶ Page 62
[2025-12-30 19:20:32] ✓ Found 30 listings
[2025-12-30 19:20:32] → Scraping 2640924
[2025-12-30 19:20:32] → Scraping 51118248
[2025-12-30 19:20:32] → Scraping 2640923
[2025-12-30 19:20:32] → Scraping 51124554
[2025-12-30 19:20:32] → Scraping 51123954
[2025-12-30 19:20:32] → Scraping 51124429
[2025-12-30 19:20:32] → Scraping 51127959
[2025-12-30 19:20:32] → Scraping 51128019
[2025-12-30 19:20:32] → Scraping 2640922
[2025-12-30 19:20:32] → Scraping 51130994
[2025-12-30 19:20:36] ✓ Saved 10 listings to CSV
[2025-12-30 19:20:36]   ✓ Batch: 10/10 saved
[2025-12-30 19:20:36] → Scraping 2640921
[2025-12-30 19:20:36] → Scraping 51096593
[2025-12-30 19:20:36] → Scraping 51096586
[2025-12-30 19:20:36] → Scraping 51075010
[2025-12-30 19:20:36] → Scraping 51106513
[2025-12-30 19:20:36] → Scraping 51122296
[2025-12-30 19:20:36] → Scraping 51096592
[2025-12-30 19:20:36] → Scraping 51106514
[2025-12-30 19:20:36] → Scraping 2640920
[2025-12-30 19:20:36] → Scraping 2640919
[2025-12-30 19:20:40] ✓ Saved 10 listings to CSV
[2025-12-30 19:20:40]   ✓ Batch: 10/10 saved
[2025-12-30 19:20:40] → Scraping 51130993
[2025-12-30 19:20:40] → Scraping 51130992
[2025-12-30 19:20:40] → Scraping 51130991
[2025-12-30 19:20:40] → Scraping 51130990
[2025-12-30 19:20:40] → Scraping 51130989
[2025-12-30 19:20:40] → Scraping 51130988
[2025-12-30 19:20:40] → Scraping 51130987
[2025-12-30 19:20:40] → Scraping 51130986
[2025-12-30 19:20:40] → Scraping 51130985
[2025-12-30 19:20:40] → Scraping 51130984
[2025-12-30 19:20:44] ✓ Saved 10 listings to CSV
[2025-12-30 19:20:44]   ✓ Batch: 10/10 saved
[2025-12-30 19:20:46] 
▶ Page 63
[2025-12-30 19:20:47] ✓ Found 30 listings
[2025-12-30 19:20:47] → Scraping 51130983
[2025-12-30 19:20:47] → Scraping 51130982
[2025-12-30 19:20:47] → Scraping 51130981
[2025-12-30 19:20:47] → Scraping 51130980
[2025-12-30 19:20:47] → Scraping 51130979
[2025-12-30 19:20:47] → Scraping 51130977
[2025-12-30 19:20:47] → Scraping 51130976
[2025-12-30 19:20:47] → Scraping 51130975
[2025-12-30 19:20:47] → Scraping 2640918
[2025-12-30 19:20:47] → Scraping 51130974
[2025-12-30 19:20:52] ✓ Saved 10 listings to CSV
[2025-12-30 19:20:52]   ✓ Batch: 10/10 saved
[2025-12-30 19:20:52] → Scraping 51130973
[2025-12-30 19:20:52] → Scraping 2640917
[2025-12-30 19:20:52] → Scraping 5852102
[2025-12-30 19:20:52] → Scraping 51063738
[2025-12-30 19:20:52] → Scraping 51130972
[2025-12-30 19:20:52] → Scraping 2640916
[2025-12-30 19:20:52] → Scraping 2640915
[2025-12-30 19:20:52] → Scraping 51130971
[2025-12-30 19:20:52] → Scraping 51130970
[2025-12-30 19:20:52] → Scraping 51130969
[2025-12-30 19:20:55] ✓ Saved 10 listings to CSV
[2025-12-30 19:20:55]   ✓ Batch: 10/10 saved
[2025-12-30 19:20:55] → Scraping 51130968
[2025-12-30 19:20:55] → Scraping 2640914
[2025-12-30 19:20:55] → Scraping 51130967
[2025-12-30 19:20:55] → Scraping 51130966
[2025-12-30 19:20:55] → Scraping 2640912
[2025-12-30 19:20:55] → Scraping 2640911
[2025-12-30 19:20:55] → Scraping 51130965
[2025-12-30 19:20:55] → Scraping 51130964
[2025-12-30 19:20:55] → Scraping 51127643
[2025-12-30 19:20:55] → Scraping 51130963
[2025-12-30 19:20:58] ✓ Saved 10 listings to CSV
[2025-12-30 19:20:58]   ✓ Batch: 10/10 saved
[2025-12-30 19:21:00] 
▶ Page 64
[2025-12-30 19:21:02] ✓ Found 30 listings
[2025-12-30 19:21:02] → Scraping 51130962
[2025-12-30 19:21:02] → Scraping 51130961
[2025-12-30 19:21:02] → Scraping 2640910
[2025-12-30 19:21:02] → Scraping 51086909
[2025-12-30 19:21:02] → Scraping 51086848
[2025-12-30 19:21:02] → Scraping 51130960
[2025-12-30 19:21:02] → Scraping 51104019
[2025-12-30 19:21:02] → Scraping 51123299
[2025-12-30 19:21:02] → Scraping 51128097
[2025-12-30 19:21:02] → Scraping 51123915
[2025-12-30 19:21:05] ✓ Saved 10 listings to CSV
[2025-12-30 19:21:05]   ✓ Batch: 10/10 saved
[2025-12-30 19:21:05] → Scraping 51130959
[2025-12-30 19:21:05] → Scraping 2640909
[2025-12-30 19:21:05] → Scraping 51130958
[2025-12-30 19:21:05] → Scraping 51127193
[2025-12-30 19:21:05] → Scraping 51127194
[2025-12-30 19:21:05] → Scraping 51127195
[2025-12-30 19:21:05] → Scraping 51127295
[2025-12-30 19:21:05] → Scraping 51127296
[2025-12-30 19:21:05] → Scraping 51127297
[2025-12-30 19:21:05] → Scraping 51127298
[2025-12-30 19:21:09] ✓ Saved 10 listings to CSV
[2025-12-30 19:21:09]   ✓ Batch: 10/10 saved
[2025-12-30 19:21:09] → Scraping 51127301
[2025-12-30 19:21:09] → Scraping 51127302
[2025-12-30 19:21:09] → Scraping 51127310
[2025-12-30 19:21:09] → Scraping 51127415
[2025-12-30 19:21:09] → Scraping 51127417
[2025-12-30 19:21:09] → Scraping 51127420
[2025-12-30 19:21:09] → Scraping 51127419
[2025-12-30 19:21:09] → Scraping 51127422
[2025-12-30 19:21:09] → Scraping 51127423
[2025-12-30 19:21:09] → Scraping 51127425
[2025-12-30 19:21:12] ✓ Saved 10 listings to CSV
[2025-12-30 19:21:12]   ✓ Batch: 10/10 saved
[2025-12-30 19:21:14] 
▶ Page 65
[2025-12-30 19:21:16] ✓ Found 30 listings
[2025-12-30 19:21:16] → Scraping 51127429
[2025-12-30 19:21:16] → Scraping 51130957
[2025-12-30 19:21:16] → Scraping 51130956
[2025-12-30 19:21:16] → Scraping 51130954
[2025-12-30 19:21:16] → Scraping 51130953
[2025-12-30 19:21:16] → Scraping 51102940
[2025-12-30 19:21:16] → Scraping 51130952
[2025-12-30 19:21:16] → Scraping 51130951
[2025-12-30 19:21:16] → Scraping 2640906
[2025-12-30 19:21:16] → Scraping 51130950
[2025-12-30 19:21:19] ✓ Saved 10 listings to CSV
[2025-12-30 19:21:19]   ✓ Batch: 10/10 saved
[2025-12-30 19:21:19] → Scraping 51130949
[2025-12-30 19:21:19] → Scraping 51130948
[2025-12-30 19:21:19] → Scraping 51130947
[2025-12-30 19:21:19] → Scraping 2640905
[2025-12-30 19:21:19] → Scraping 2640904
[2025-12-30 19:21:19] → Scraping 51128095
[2025-12-30 19:21:19] → Scraping 51064573
[2025-12-30 19:21:19] → Scraping 51130944
[2025-12-30 19:21:19] → Scraping 51047970
[2025-12-30 19:21:19] → Scraping 51103865
[2025-12-30 19:21:23] ✓ Saved 10 listings to CSV
[2025-12-30 19:21:23]   ✓ Batch: 10/10 saved
[2025-12-30 19:21:23] → Scraping 5919855
[2025-12-30 19:21:23] → Scraping 51130942
[2025-12-30 19:21:23] → Scraping 2640903
[2025-12-30 19:21:23] → Scraping 2640902
[2025-12-30 19:21:23] → Scraping 51130941
[2025-12-30 19:21:23] → Scraping 51130940
[2025-12-30 19:21:23] → Scraping 2632040
[2025-12-30 19:21:23] → Scraping 51103959
[2025-12-30 19:21:23] → Scraping 51104274
[2025-12-30 19:21:23] → Scraping 51104018
[2025-12-30 19:21:26] ✓ Saved 10 listings to CSV
[2025-12-30 19:21:26]   ✓ Batch: 10/10 saved
[2025-12-30 19:21:28] 
▶ Page 66
[2025-12-30 19:21:31] ✓ Found 30 listings
[2025-12-30 19:21:31] → Scraping 51104017
[2025-12-30 19:21:31] → Scraping 51104016
[2025-12-30 19:21:31] → Scraping 51104015
[2025-12-30 19:21:31] → Scraping 51104014
[2025-12-30 19:21:31] → Scraping 51103965
[2025-12-30 19:21:31] → Scraping 51103964
[2025-12-30 19:21:31] → Scraping 51103963
[2025-12-30 19:21:31] → Scraping 51103962
[2025-12-30 19:21:31] → Scraping 51103961
[2025-12-30 19:21:31] → Scraping 51103960
[2025-12-30 19:21:35] ✓ Saved 10 listings to CSV
[2025-12-30 19:21:35]   ✓ Batch: 10/10 saved
[2025-12-30 19:21:35] → Scraping 51103958
[2025-12-30 19:21:35] → Scraping 51112484
[2025-12-30 19:21:35] → Scraping 5282694
[2025-12-30 19:21:35] → Scraping 5170088
[2025-12-30 19:21:35] → Scraping 51031320
[2025-12-30 19:21:35] → Scraping 51009312
[2025-12-30 19:21:35] → Scraping 5254723
[2025-12-30 19:21:35] → Scraping 5334270
[2025-12-30 19:21:35] → Scraping 5215640
[2025-12-30 19:21:35] → Scraping 51024523
[2025-12-30 19:21:39] ✓ Saved 10 listings to CSV
[2025-12-30 19:21:39]   ✓ Batch: 10/10 saved
[2025-12-30 19:21:39] → Scraping 5226264
[2025-12-30 19:21:39] → Scraping 5215641
[2025-12-30 19:21:39] → Scraping 51001338
[2025-12-30 19:21:39] → Scraping 5439785
[2025-12-30 19:21:39] → Scraping 5176198
[2025-12-30 19:21:39] → Scraping 5322203
[2025-12-30 19:21:39] → Scraping 5517391
[2025-12-30 19:21:39] → Scraping 5430113
[2025-12-30 19:21:39] → Scraping 5344854
[2025-12-30 19:21:39] → Scraping 51060874
[2025-12-30 19:21:43] ✓ Saved 10 listings to CSV
[2025-12-30 19:21:43]   ✓ Batch: 10/10 saved
[2025-12-30 19:21:45] 
▶ Page 67
[2025-12-30 19:21:47] ✓ Found 30 listings
[2025-12-30 19:21:47] → Scraping 5265600
[2025-12-30 19:21:47] → Scraping 5279135
[2025-12-30 19:21:47] → Scraping 5567306
[2025-12-30 19:21:47] → Scraping 51130938
[2025-12-30 19:21:47] → Scraping 51130937
[2025-12-30 19:21:47] → Scraping 51130936
[2025-12-30 19:21:47] → Scraping 51130935
[2025-12-30 19:21:47] → Scraping 557565
[2025-12-30 19:21:47] → Scraping 5111973
[2025-12-30 19:21:47] → Scraping 5158099
[2025-12-30 19:21:50] ✓ Saved 10 listings to CSV
[2025-12-30 19:21:50]   ✓ Batch: 10/10 saved
[2025-12-30 19:21:50] → Scraping 5159478
[2025-12-30 19:21:50] → Scraping 5160447
[2025-12-30 19:21:50] → Scraping 5716741
[2025-12-30 19:21:50] → Scraping 5167525
[2025-12-30 19:21:50] → Scraping 5172634
[2025-12-30 19:21:50] → Scraping 5176260
[2025-12-30 19:21:50] → Scraping 5181453
[2025-12-30 19:21:50] → Scraping 5182141
[2025-12-30 19:21:50] → Scraping 5182150
[2025-12-30 19:21:50] → Scraping 5188715
[2025-12-30 19:21:54] ✓ Saved 10 listings to CSV
[2025-12-30 19:21:54]   ✓ Batch: 10/10 saved
[2025-12-30 19:21:54] → Scraping 5188770
[2025-12-30 19:21:54] → Scraping 5188775
[2025-12-30 19:21:54] → Scraping 51106699
[2025-12-30 19:21:54] → Scraping 51094439
[2025-12-30 19:21:54] → Scraping 51094440
[2025-12-30 19:21:54] → Scraping 5810722
[2025-12-30 19:21:54] → Scraping 51094441
[2025-12-30 19:21:54] → Scraping 5237101
[2025-12-30 19:21:54] → Scraping 5972322
[2025-12-30 19:21:54] → Scraping 5972334
[2025-12-30 19:21:58] ✓ Saved 10 listings to CSV
[2025-12-30 19:21:58]   ✓ Batch: 10/10 saved
[2025-12-30 19:22:00] 
▶ Page 68
[2025-12-30 19:22:01] ✓ Found 30 listings
[2025-12-30 19:22:01] → Scraping 51096619
[2025-12-30 19:22:01] → Scraping 5972342
[2025-12-30 19:22:01] → Scraping 5972837
[2025-12-30 19:22:01] → Scraping 51073939
[2025-12-30 19:22:01] → Scraping 51084526
[2025-12-30 19:22:01] → Scraping 5649467
[2025-12-30 19:22:01] → Scraping 5979425
[2025-12-30 19:22:01] → Scraping 137280
[2025-12-30 19:22:01] → Scraping 51130934
[2025-12-30 19:22:01] → Scraping 137279
[2025-12-30 19:22:06] ✓ Saved 10 listings to CSV
[2025-12-30 19:22:06]   ✓ Batch: 10/10 saved
[2025-12-30 19:22:06] → Scraping 51119017
[2025-12-30 19:22:06] → Scraping 51130933
[2025-12-30 19:22:06] → Scraping 2640900
[2025-12-30 19:22:06] → Scraping 5483405
[2025-12-30 19:22:06] → Scraping 51118988
[2025-12-30 19:22:06] → Scraping 2640899
[2025-12-30 19:22:06] → Scraping 2640898
[2025-12-30 19:22:06] → Scraping 51033976
[2025-12-30 19:22:06] → Scraping 2640897
[2025-12-30 19:22:06] → Scraping 2604746
[2025-12-30 19:22:10] ✓ Saved 10 listings to CSV
[2025-12-30 19:22:10]   ✓ Batch: 10/10 saved
[2025-12-30 19:22:10] → Scraping 2630267
[2025-12-30 19:22:10] → Scraping 2634981
[2025-12-30 19:22:10] → Scraping 2629383
[2025-12-30 19:22:10] → Scraping 51122114
[2025-12-30 19:22:10] → Scraping 51102101
[2025-12-30 19:22:10] → Scraping 51102102
[2025-12-30 19:22:10] → Scraping 51111285
[2025-12-30 19:22:10] → Scraping 51111092
[2025-12-30 19:22:10] → Scraping 51111091
[2025-12-30 19:22:10] → Scraping 51111090
[2025-12-30 19:22:13] ✓ Saved 10 listings to CSV
[2025-12-30 19:22:13]   ✓ Batch: 10/10 saved
[2025-12-30 19:22:15] 
▶ Page 69
[2025-12-30 19:22:17] ✓ Found 30 listings
[2025-12-30 19:22:17] → Scraping 51100535
[2025-12-30 19:22:17] → Scraping 51111284
[2025-12-30 19:22:17] → Scraping 51100536
[2025-12-30 19:22:17] → Scraping 51100537
[2025-12-30 19:22:17] → Scraping 51100538
[2025-12-30 19:22:17] → Scraping 51103212
[2025-12-30 19:22:17] → Scraping 51084689
[2025-12-30 19:22:17] → Scraping 51080155
[2025-12-30 19:22:17] → Scraping 51119092
[2025-12-30 19:22:17] → Scraping 51109493
[2025-12-30 19:22:20] ✓ Saved 10 listings to CSV
[2025-12-30 19:22:20]   ✓ Batch: 10/10 saved
[2025-12-30 19:22:20] → Scraping 51085309
[2025-12-30 19:22:20] → Scraping 51086280
[2025-12-30 19:22:20] → Scraping 51050172
[2025-12-30 19:22:20] → Scraping 51077988
[2025-12-30 19:22:20] → Scraping 51119060
[2025-12-30 19:22:20] → Scraping 51099171
[2025-12-30 19:22:20] → Scraping 51130928
[2025-12-30 19:22:20] → Scraping 51113054
[2025-12-30 19:22:20] → Scraping 51096717
[2025-12-30 19:22:20] → Scraping 2639358
[2025-12-30 19:22:24] ✓ Saved 10 listings to CSV
[2025-12-30 19:22:24]   ✓ Batch: 10/10 saved
[2025-12-30 19:22:24] → Scraping 51130927
[2025-12-30 19:22:24] → Scraping 51130926
[2025-12-30 19:22:24] → Scraping 51130925
[2025-12-30 19:22:24] → Scraping 51130924
[2025-12-30 19:22:24] → Scraping 51130923
[2025-12-30 19:22:24] → Scraping 51130922
[2025-12-30 19:22:24] → Scraping 487142
[2025-12-30 19:22:24] → Scraping 51130920
[2025-12-30 19:22:24] → Scraping 51130919
[2025-12-30 19:22:24] → Scraping 51130918
[2025-12-30 19:22:28] ✓ Saved 10 listings to CSV
[2025-12-30 19:22:28]   ✓ Batch: 10/10 saved
[2025-12-30 19:22:30] 
▶ Page 70
[2025-12-30 19:22:31] ✓ Found 30 listings
[2025-12-30 19:22:31] → Scraping 51109694
[2025-12-30 19:22:31] → Scraping 5283851
[2025-12-30 19:22:31] → Scraping 5310317
[2025-12-30 19:22:31] → Scraping 51052529
[2025-12-30 19:22:31] → Scraping 5270304
[2025-12-30 19:22:31] → Scraping 51052525
[2025-12-30 19:22:31] → Scraping 5310316
[2025-12-30 19:22:31] → Scraping 5348189
[2025-12-30 19:22:31] → Scraping 5517392
[2025-12-30 19:22:31] → Scraping 5579767
[2025-12-30 19:22:35] ✓ Saved 10 listings to CSV
[2025-12-30 19:22:35]   ✓ Batch: 10/10 saved
[2025-12-30 19:22:35] → Scraping 51038835
[2025-12-30 19:22:35] → Scraping 51036980
[2025-12-30 19:22:35] → Scraping 5286277
[2025-12-30 19:22:35] → Scraping 5270980
[2025-12-30 19:22:35] → Scraping 51060819
[2025-12-30 19:22:35] → Scraping 5253395
[2025-12-30 19:22:35] → Scraping 5232487
[2025-12-30 19:22:35] → Scraping 5666631
[2025-12-30 19:22:35] → Scraping 5279132
[2025-12-30 19:22:35] → Scraping 5334285
[2025-12-30 19:22:38] ✓ Saved 10 listings to CSV
[2025-12-30 19:22:38]   ✓ Batch: 10/10 saved
[2025-12-30 19:22:38] → Scraping 51060904
[2025-12-30 19:22:38] → Scraping 2640896
[2025-12-30 19:22:38] → Scraping 5849717
[2025-12-30 19:22:38] → Scraping 51130917
[2025-12-30 19:22:38] → Scraping 51130916
[2025-12-30 19:22:38] → Scraping 137278
[2025-12-30 19:22:38] → Scraping 51117140
[2025-12-30 19:22:38] → Scraping 2640895
[2025-12-30 19:22:38] → Scraping 51107178
[2025-12-30 19:22:38] → Scraping 2640894
[2025-12-30 19:22:42] ✓ Saved 10 listings to CSV
[2025-12-30 19:22:42]   ✓ Batch: 10/10 saved
[2025-12-30 19:22:44] 
▶ Page 71
[2025-12-30 19:22:45] ✓ Found 30 listings
[2025-12-30 19:22:45] → Scraping 2640893
[2025-12-30 19:22:45] → Scraping 2639272
[2025-12-30 19:22:45] → Scraping 2639276
[2025-12-30 19:22:45] → Scraping 2639281
[2025-12-30 19:22:45] → Scraping 2639354
[2025-12-30 19:22:45] → Scraping 2639284
[2025-12-30 19:22:45] → Scraping 2639269
[2025-12-30 19:22:45] → Scraping 2639306
[2025-12-30 19:22:45] → Scraping 2640892
[2025-12-30 19:22:45] → Scraping 2640891
[2025-12-30 19:22:48] ✓ Saved 10 listings to CSV
[2025-12-30 19:22:48]   ✓ Batch: 10/10 saved
[2025-12-30 19:22:48] → Scraping 51130915
[2025-12-30 19:22:48] → Scraping 5980576
[2025-12-30 19:22:48] → Scraping 5870825
[2025-12-30 19:22:48] → Scraping 2640889
[2025-12-30 19:22:48] → Scraping 2640887
[2025-12-30 19:22:48] → Scraping 51130914
[2025-12-30 19:22:48] → Scraping 51124859
[2025-12-30 19:22:48] → Scraping 51125005
[2025-12-30 19:22:48] → Scraping 51130912
[2025-12-30 19:22:48] → Scraping 2640886
[2025-12-30 19:22:52] ✓ Saved 10 listings to CSV
[2025-12-30 19:22:52]   ✓ Batch: 10/10 saved
[2025-12-30 19:22:52] → Scraping 51104171
[2025-12-30 19:22:52] → Scraping 51104783
[2025-12-30 19:22:52] → Scraping 51099967
[2025-12-30 19:22:52] → Scraping 51083754
[2025-12-30 19:22:52] → Scraping 51099975
[2025-12-30 19:22:52] → Scraping 51100135
[2025-12-30 19:22:52] → Scraping 2632473
[2025-12-30 19:22:52] → Scraping 2627640
[2025-12-30 19:22:52] → Scraping 2633126
[2025-12-30 19:22:52] → Scraping 2636788
[2025-12-30 19:22:55] ✓ Saved 10 listings to CSV
[2025-12-30 19:22:55]   ✓ Batch: 10/10 saved
[2025-12-30 19:22:57] 
▶ Page 72
[2025-12-30 19:22:59] ✓ Found 30 listings
[2025-12-30 19:22:59] → Scraping 2636607
[2025-12-30 19:22:59] → Scraping 2640885
[2025-12-30 19:22:59] → Scraping 3239715
[2025-12-30 19:22:59] → Scraping 51130911
[2025-12-30 19:22:59] → Scraping 2640884
[2025-12-30 19:22:59] → Scraping 51130910
[2025-12-30 19:22:59] → Scraping 51130909
[2025-12-30 19:22:59] → Scraping 2640881
[2025-12-30 19:22:59] → Scraping 51125004
[2025-12-30 19:22:59] → Scraping 51125003
[2025-12-30 19:23:02] ✓ Saved 10 listings to CSV
[2025-12-30 19:23:02]   ✓ Batch: 10/10 saved
[2025-12-30 19:23:02] → Scraping 51125001
[2025-12-30 19:23:02] → Scraping 51124999
[2025-12-30 19:23:02] → Scraping 51124997
[2025-12-30 19:23:02] → Scraping 51124848
[2025-12-30 19:23:02] → Scraping 51124847
[2025-12-30 19:23:02] → Scraping 51124845
[2025-12-30 19:23:02] → Scraping 51124844
[2025-12-30 19:23:02] → Scraping 51124843
[2025-12-30 19:23:02] → Scraping 51124837
[2025-12-30 19:23:02] → Scraping 51124835
[2025-12-30 19:23:06] ✓ Saved 10 listings to CSV
[2025-12-30 19:23:06]   ✓ Batch: 10/10 saved
[2025-12-30 19:23:06] → Scraping 51124833
[2025-12-30 19:23:06] → Scraping 2640880
[2025-12-30 19:23:06] → Scraping 2640879
[2025-12-30 19:23:06] → Scraping 51130908
[2025-12-30 19:23:06] → Scraping 51086327
[2025-12-30 19:23:06] → Scraping 2639233
[2025-12-30 19:23:06] → Scraping 2640878
[2025-12-30 19:23:06] → Scraping 2640877
[2025-12-30 19:23:06] → Scraping 51130907
[2025-12-30 19:23:06] → Scraping 51130906
[2025-12-30 19:23:09] ✓ Saved 10 listings to CSV
[2025-12-30 19:23:09]   ✓ Batch: 10/10 saved
[2025-12-30 19:23:11] 
▶ Page 73
[2025-12-30 19:23:13] ✓ Found 30 listings
[2025-12-30 19:23:13] → Scraping 51130905
[2025-12-30 19:23:13] → Scraping 51130904
[2025-12-30 19:23:13] → Scraping 2640876
[2025-12-30 19:23:13] → Scraping 2640875
[2025-12-30 19:23:13] → Scraping 5999779
[2025-12-30 19:23:13] → Scraping 51115741
[2025-12-30 19:23:13] → Scraping 2640874
[2025-12-30 19:23:13] → Scraping 51130903
[2025-12-30 19:23:13] → Scraping 51130902
[2025-12-30 19:23:13] → Scraping 51130901
[2025-12-30 19:23:16] ✓ Saved 10 listings to CSV
[2025-12-30 19:23:16]   ✓ Batch: 10/10 saved
[2025-12-30 19:23:16] → Scraping 51125022
[2025-12-30 19:23:16] → Scraping 2639018
[2025-12-30 19:23:16] → Scraping 51110554
[2025-12-30 19:23:16] → Scraping 51110552
[2025-12-30 19:23:16] → Scraping 51110533
[2025-12-30 19:23:16] → Scraping 51118334
[2025-12-30 19:23:16] → Scraping 2637384
[2025-12-30 19:23:16] → Scraping 2635339
[2025-12-30 19:23:16] → Scraping 2635180
[2025-12-30 19:23:16] → Scraping 2633492
[2025-12-30 19:23:20] ✓ Saved 10 listings to CSV
[2025-12-30 19:23:20]   ✓ Batch: 10/10 saved
[2025-12-30 19:23:20] → Scraping 2634995
[2025-12-30 19:23:20] → Scraping 51130896
[2025-12-30 19:23:20] → Scraping 487167
[2025-12-30 19:23:20] → Scraping 51122154
[2025-12-30 19:23:20] → Scraping 2640870
[2025-12-30 19:23:20] → Scraping 51124613
[2025-12-30 19:23:20] → Scraping 51128058
[2025-12-30 19:23:20] → Scraping 51127074
[2025-12-30 19:23:20] → Scraping 51086073
[2025-12-30 19:23:20] → Scraping 51077011
[2025-12-30 19:23:23] ✓ Saved 10 listings to CSV
[2025-12-30 19:23:23]   ✓ Batch: 10/10 saved
[2025-12-30 19:23:25] 
▶ Page 74
[2025-12-30 19:23:27] ✓ Found 30 listings
[2025-12-30 19:23:27] → Scraping 487106
[2025-12-30 19:23:27] → Scraping 51124982
[2025-12-30 19:23:27] → Scraping 51125704
[2025-12-30 19:23:27] → Scraping 51127814
[2025-12-30 19:23:27] → Scraping 5983086
[2025-12-30 19:23:27] → Scraping 51121843
[2025-12-30 19:23:27] → Scraping 5504721
[2025-12-30 19:23:27] → Scraping 5474949
[2025-12-30 19:23:27] → Scraping 5579730
[2025-12-30 19:23:27] → Scraping 51122167
[2025-12-30 19:23:31] ✓ Saved 10 listings to CSV
[2025-12-30 19:23:31]   ✓ Batch: 10/10 saved
[2025-12-30 19:23:31] → Scraping 2639022
[2025-12-30 19:23:31] → Scraping 2637693
[2025-12-30 19:23:31] → Scraping 51122640
[2025-12-30 19:23:31] → Scraping 51059780
[2025-12-30 19:23:31] → Scraping 51128025
[2025-12-30 19:23:31] → Scraping 51130892
[2025-12-30 19:23:31] → Scraping 2640869
[2025-12-30 19:23:31] → Scraping 51100032
[2025-12-30 19:23:31] → Scraping 51083901
[2025-12-30 19:23:31] → Scraping 5567310
[2025-12-30 19:23:34] ✓ Saved 10 listings to CSV
[2025-12-30 19:23:34]   ✓ Batch: 10/10 saved
[2025-12-30 19:23:34] → Scraping 5979888
[2025-12-30 19:23:34] → Scraping 5348923
[2025-12-30 19:23:34] → Scraping 5978137
[2025-12-30 19:23:34] → Scraping 5310321
[2025-12-30 19:23:34] → Scraping 51051003
[2025-12-30 19:23:34] → Scraping 5567297
[2025-12-30 19:23:34] → Scraping 5592482
[2025-12-30 19:23:34] → Scraping 51031618
[2025-12-30 19:23:34] → Scraping 5994510
[2025-12-30 19:23:34] → Scraping 5320383
[2025-12-30 19:23:38] ✓ Saved 10 listings to CSV
[2025-12-30 19:23:38]   ✓ Batch: 10/10 saved
[2025-12-30 19:23:40] 
▶ Page 75
[2025-12-30 19:23:41] ✓ Found 30 listings
[2025-12-30 19:23:41] → Scraping 5231971
[2025-12-30 19:23:41] → Scraping 5497134
[2025-12-30 19:23:41] → Scraping 5496186
[2025-12-30 19:23:41] → Scraping 5666626
[2025-12-30 19:23:41] → Scraping 5310539
[2025-12-30 19:23:41] → Scraping 5385361
[2025-12-30 19:23:41] → Scraping 5606458
[2025-12-30 19:23:41] → Scraping 5610729
[2025-12-30 19:23:41] → Scraping 5218596
[2025-12-30 19:23:41] → Scraping 51130891
[2025-12-30 19:23:45] ✓ Saved 10 listings to CSV
[2025-12-30 19:23:45]   ✓ Batch: 10/10 saved
[2025-12-30 19:23:45] → Scraping 3239792
[2025-12-30 19:23:45] → Scraping 2640868
[2025-12-30 19:23:45] → Scraping 2640866
[2025-12-30 19:23:45] → Scraping 51130890
[2025-12-30 19:23:45] → Scraping 2640865
[2025-12-30 19:23:45] → Scraping 2640864
[2025-12-30 19:23:45] → Scraping 2640863
[2025-12-30 19:23:45] → Scraping 2640862
[2025-12-30 19:23:45] → Scraping 51130887
[2025-12-30 19:23:45] → Scraping 2640860
[2025-12-30 19:23:48] ✓ Saved 10 listings to CSV
[2025-12-30 19:23:48]   ✓ Batch: 10/10 saved
[2025-12-30 19:23:48] → Scraping 2640859
[2025-12-30 19:23:48] → Scraping 51130886
[2025-12-30 19:23:48] → Scraping 2640858
[2025-12-30 19:23:48] → Scraping 2636472
[2025-12-30 19:23:48] → Scraping 2631365
[2025-12-30 19:23:48] → Scraping 2632401
[2025-12-30 19:23:48] → Scraping 2634769
[2025-12-30 19:23:48] → Scraping 2627482
[2025-12-30 19:23:48] → Scraping 2639280
[2025-12-30 19:23:48] → Scraping 51130885
[2025-12-30 19:23:52] ✓ Saved 10 listings to CSV
[2025-12-30 19:23:52]   ✓ Batch: 10/10 saved
[2025-12-30 19:23:54] 
▶ Page 76
[2025-12-30 19:23:55] ✓ Found 30 listings
[2025-12-30 19:23:55] → Scraping 2640857
[2025-12-30 19:23:55] → Scraping 51130884
[2025-12-30 19:23:55] → Scraping 51130883
[2025-12-30 19:23:55] → Scraping 2640856
[2025-12-30 19:23:55] → Scraping 3239791
[2025-12-30 19:23:55] → Scraping 51130880
[2025-12-30 19:23:55] → Scraping 51130879
[2025-12-30 19:23:55] → Scraping 487195
[2025-12-30 19:23:55] → Scraping 51130878
[2025-12-30 19:23:55] → Scraping 2638973
[2025-12-30 19:23:58] ✓ Saved 10 listings to CSV
[2025-12-30 19:23:58]   ✓ Batch: 10/10 saved
[2025-12-30 19:23:58] → Scraping 51113132
[2025-12-30 19:23:58] → Scraping 2640854
[2025-12-30 19:23:58] → Scraping 51106208
[2025-12-30 19:23:58] → Scraping 2640853
[2025-12-30 19:23:58] → Scraping 51114528
[2025-12-30 19:23:58] → Scraping 2640852
[2025-12-30 19:23:58] → Scraping 2640851
[2025-12-30 19:23:58] → Scraping 51124920
[2025-12-30 19:23:58] → Scraping 2640849
[2025-12-30 19:23:58] → Scraping 2152169
[2025-12-30 19:24:02] ✓ Saved 10 listings to CSV
[2025-12-30 19:24:02]   ✓ Batch: 10/10 saved
[2025-12-30 19:24:02] → Scraping 2524367
[2025-12-30 19:24:02] → Scraping 2135513
[2025-12-30 19:24:02] → Scraping 2178822
[2025-12-30 19:24:02] → Scraping 2536596
[2025-12-30 19:24:02] → Scraping 2189016
[2025-12-30 19:24:02] → Scraping 2520499
[2025-12-30 19:24:02] → Scraping 2308775
[2025-12-30 19:24:02] → Scraping 2537712
[2025-12-30 19:24:02] → Scraping 2527604
[2025-12-30 19:24:02] → Scraping 2514016
[2025-12-30 19:24:05] ✓ Saved 10 listings to CSV
[2025-12-30 19:24:05]   ✓ Batch: 10/10 saved
[2025-12-30 19:24:07] 
▶ Page 77
[2025-12-30 19:24:09] ✓ Found 30 listings
[2025-12-30 19:24:09] → Scraping 3239790
[2025-12-30 19:24:09] → Scraping 5504735
[2025-12-30 19:24:09] → Scraping 5569923
[2025-12-30 19:24:09] → Scraping 5479634
[2025-12-30 19:24:09] → Scraping 5474301
[2025-12-30 19:24:09] → Scraping 5492717
[2025-12-30 19:24:09] → Scraping 5499299
[2025-12-30 19:24:09] → Scraping 2640848
[2025-12-30 19:24:09] → Scraping 51130875
[2025-12-30 19:24:09] → Scraping 51130874
[2025-12-30 19:24:12] ✓ Saved 10 listings to CSV
[2025-12-30 19:24:12]   ✓ Batch: 10/10 saved
[2025-12-30 19:24:12] → Scraping 51130873
[2025-12-30 19:24:12] → Scraping 51100475
[2025-12-30 19:24:12] → Scraping 51094482
[2025-12-30 19:24:12] → Scraping 51127680
[2025-12-30 19:24:12] → Scraping 51127002
[2025-12-30 19:24:12] → Scraping 51130872
[2025-12-30 19:24:12] → Scraping 2640847
[2025-12-30 19:24:12] → Scraping 51130871
[2025-12-30 19:24:12] → Scraping 51130869
[2025-12-30 19:24:12] → Scraping 51130868
[2025-12-30 19:24:17] ✓ Saved 10 listings to CSV
[2025-12-30 19:24:17]   ✓ Batch: 10/10 saved
[2025-12-30 19:24:17] → Scraping 2640846
[2025-12-30 19:24:17] → Scraping 2633083
[2025-12-30 19:24:17] → Scraping 2633014
[2025-12-30 19:24:17] → Scraping 2633015
[2025-12-30 19:24:17] → Scraping 2633016
[2025-12-30 19:24:17] → Scraping 2612064
[2025-12-30 19:24:17] → Scraping 51118027
[2025-12-30 19:24:17] → Scraping 51098356
[2025-12-30 19:24:17] → Scraping 2640845
[2025-12-30 19:24:17] → Scraping 51130867
[2025-12-30 19:24:21] ✓ Saved 10 listings to CSV
[2025-12-30 19:24:21]   ✓ Batch: 10/10 saved
[2025-12-30 19:24:23] 
▶ Page 78
[2025-12-30 19:24:24] ✓ Found 30 listings
[2025-12-30 19:24:24] → Scraping 51130866
[2025-12-30 19:24:24] → Scraping 51130865
[2025-12-30 19:24:24] → Scraping 487194
[2025-12-30 19:24:24] → Scraping 2640844
[2025-12-30 19:24:24] → Scraping 51130864
[2025-12-30 19:24:24] → Scraping 51130863
[2025-12-30 19:24:24] → Scraping 51130862
[2025-12-30 19:24:24] → Scraping 51122042
[2025-12-30 19:24:24] → Scraping 51130861
[2025-12-30 19:24:24] → Scraping 2640843
[2025-12-30 19:24:28] ✓ Saved 10 listings to CSV
[2025-12-30 19:24:28]   ✓ Batch: 10/10 saved
[2025-12-30 19:24:28] → Scraping 51130860
[2025-12-30 19:24:28] → Scraping 51130859
[2025-12-30 19:24:28] → Scraping 2640842
[2025-12-30 19:24:28] → Scraping 51130858
[2025-12-30 19:24:28] → Scraping 51130857
[2025-12-30 19:24:28] → Scraping 2640841
[2025-12-30 19:24:28] → Scraping 2640840
[2025-12-30 19:24:28] → Scraping 51130856
[2025-12-30 19:24:28] → Scraping 2640839
[2025-12-30 19:24:28] → Scraping 51130855
[2025-12-30 19:24:31] ✓ Saved 10 listings to CSV
[2025-12-30 19:24:31]   ✓ Batch: 10/10 saved
[2025-12-30 19:24:31] → Scraping 51130854
[2025-12-30 19:24:31] → Scraping 51102825
[2025-12-30 19:24:31] → Scraping 3239789
[2025-12-30 19:24:31] → Scraping 51102381
[2025-12-30 19:24:31] → Scraping 51109051
[2025-12-30 19:24:31] → Scraping 51108256
[2025-12-30 19:24:31] → Scraping 51108257
[2025-12-30 19:24:31] → Scraping 51108258
[2025-12-30 19:24:31] → Scraping 51108259
[2025-12-30 19:24:31] → Scraping 51130851
[2025-12-30 19:24:35] ✓ Saved 10 listings to CSV
[2025-12-30 19:24:35]   ✓ Batch: 10/10 saved
[2025-12-30 19:24:37] 
▶ Page 79
[2025-12-30 19:24:38] ✓ Found 30 listings
[2025-12-30 19:24:38] → Scraping 51130850
[2025-12-30 19:24:38] → Scraping 51130849
[2025-12-30 19:24:38] → Scraping 2640838
[2025-12-30 19:24:38] → Scraping 51130848
[2025-12-30 19:24:38] → Scraping 51130847
[2025-12-30 19:24:38] → Scraping 2640837
[2025-12-30 19:24:38] → Scraping 2630182
[2025-12-30 19:24:38] → Scraping 2613977
[2025-12-30 19:24:38] → Scraping 51130845
[2025-12-30 19:24:38] → Scraping 51130844
[2025-12-30 19:24:42] ✓ Saved 10 listings to CSV
[2025-12-30 19:24:42]   ✓ Batch: 10/10 saved
[2025-12-30 19:24:42] → Scraping 51130843
[2025-12-30 19:24:42] → Scraping 51052552
[2025-12-30 19:24:42] → Scraping 51053119
[2025-12-30 19:24:42] → Scraping 51064965
[2025-12-30 19:24:42] → Scraping 51090830
[2025-12-30 19:24:42] → Scraping 51056971
[2025-12-30 19:24:42] → Scraping 51089855
[2025-12-30 19:24:42] → Scraping 51088315
[2025-12-30 19:24:42] → Scraping 51053108
[2025-12-30 19:24:42] → Scraping 51122960
[2025-12-30 19:24:45] ✓ Saved 10 listings to CSV
[2025-12-30 19:24:46]   ✓ Batch: 10/10 saved
[2025-12-30 19:24:46] → Scraping 51053106
[2025-12-30 19:24:46] → Scraping 51057345
[2025-12-30 19:24:46] → Scraping 51100199
[2025-12-30 19:24:46] → Scraping 51100614
[2025-12-30 19:24:46] → Scraping 51071232
[2025-12-30 19:24:46] → Scraping 51057323
[2025-12-30 19:24:46] → Scraping 51056969
[2025-12-30 19:24:46] → Scraping 51057003
[2025-12-30 19:24:46] → Scraping 51090637
[2025-12-30 19:24:46] → Scraping 51057663
[2025-12-30 19:24:49] ✓ Saved 10 listings to CSV
[2025-12-30 19:24:49]   ✓ Batch: 10/10 saved
[2025-12-30 19:24:51] 
▶ Page 80
[2025-12-30 19:24:53] ✓ Found 30 listings
[2025-12-30 19:24:53] → Scraping 51067348
[2025-12-30 19:24:53] → Scraping 51123051
[2025-12-30 19:24:53] → Scraping 51102352
[2025-12-30 19:24:53] → Scraping 3239467
[2025-12-30 19:24:53] → Scraping 487055
[2025-12-30 19:24:53] → Scraping 51099564
[2025-12-30 19:24:53] → Scraping 51090266
[2025-12-30 19:24:53] → Scraping 2623902
[2025-12-30 19:24:53] → Scraping 2624012
[2025-12-30 19:24:53] → Scraping 2626081
[2025-12-30 19:24:57] ✓ Saved 10 listings to CSV
[2025-12-30 19:24:57]   ✓ Batch: 10/10 saved
[2025-12-30 19:24:57] → Scraping 51119514
[2025-12-30 19:24:57] → Scraping 51090240
[2025-12-30 19:24:57] → Scraping 2640811
[2025-12-30 19:24:57] → Scraping 51130842
[2025-12-30 19:24:57] → Scraping 51130841
[2025-12-30 19:24:57] → Scraping 51130840
[2025-12-30 19:24:57] → Scraping 5505228
[2025-12-30 19:24:57] → Scraping 5522025
[2025-12-30 19:24:57] → Scraping 51130838
[2025-12-30 19:24:57] → Scraping 2640834
[2025-12-30 19:25:00] ✓ Saved 10 listings to CSV
[2025-12-30 19:25:00]   ✓ Batch: 10/10 saved
[2025-12-30 19:25:00] → Scraping 2640833
[2025-12-30 19:25:00] → Scraping 2640832
[2025-12-30 19:25:00] → Scraping 51130835
[2025-12-30 19:25:00] → Scraping 51130834
[2025-12-30 19:25:00] → Scraping 51130833
[2025-12-30 19:25:00] → Scraping 5666634
[2025-12-30 19:25:00] → Scraping 5430632
[2025-12-30 19:25:00] → Scraping 5322201
[2025-12-30 19:25:00] → Scraping 5567309
[2025-12-30 19:25:00] → Scraping 51031619
[2025-12-30 19:25:05] ✓ Saved 10 listings to CSV
[2025-12-30 19:25:05]   ✓ Batch: 10/10 saved
[2025-12-30 19:25:07] 
▶ Page 81
[2025-12-30 19:25:08] ✓ Found 30 listings
[2025-12-30 19:25:08] → Scraping 5258663
[2025-12-30 19:25:08] → Scraping 5980171
[2025-12-30 19:25:08] → Scraping 5567886
[2025-12-30 19:25:08] → Scraping 2640831
[2025-12-30 19:25:08] → Scraping 5387989
[2025-12-30 19:25:08] → Scraping 5666639
[2025-12-30 19:25:08] → Scraping 5953056
[2025-12-30 19:25:08] → Scraping 51046009
[2025-12-30 19:25:08] → Scraping 5277001
[2025-12-30 19:25:08] → Scraping 51056543
[2025-12-30 19:25:11] ✓ Saved 10 listings to CSV
[2025-12-30 19:25:11]   ✓ Batch: 10/10 saved
[2025-12-30 19:25:11] → Scraping 51127912
[2025-12-30 19:25:11] → Scraping 51108878
[2025-12-30 19:25:11] → Scraping 5175657
[2025-12-30 19:25:11] → Scraping 5398616
[2025-12-30 19:25:11] → Scraping 51130832
[2025-12-30 19:25:11] → Scraping 51130831
[2025-12-30 19:25:11] → Scraping 51130830
[2025-12-30 19:25:11] → Scraping 5387992
[2025-12-30 19:25:11] → Scraping 5666636
[2025-12-30 19:25:11] → Scraping 5232942
[2025-12-30 19:25:15] ✓ Saved 10 listings to CSV
[2025-12-30 19:25:15]   ✓ Batch: 10/10 saved
[2025-12-30 19:25:15] → Scraping 2640830
[2025-12-30 19:25:15] → Scraping 3239788
[2025-12-30 19:25:15] → Scraping 5461737
[2025-12-30 19:25:15] → Scraping 5499356
[2025-12-30 19:25:15] → Scraping 5461697
[2025-12-30 19:25:15] → Scraping 51094172
[2025-12-30 19:25:15] → Scraping 51124759
[2025-12-30 19:25:15] → Scraping 51124758
[2025-12-30 19:25:15] → Scraping 51130829
[2025-12-30 19:25:15] → Scraping 51130828
[2025-12-30 19:25:18] ✓ Saved 10 listings to CSV
[2025-12-30 19:25:18]   ✓ Batch: 10/10 saved
[2025-12-30 19:25:20] 
▶ Page 82
[2025-12-30 19:25:22] ✓ Found 30 listings
[2025-12-30 19:25:22] → Scraping 51130827
[2025-12-30 19:25:22] → Scraping 51130826
[2025-12-30 19:25:22] → Scraping 51130824
[2025-12-30 19:25:22] → Scraping 51130823
[2025-12-30 19:25:22] → Scraping 51130822
[2025-12-30 19:25:22] → Scraping 51073034
[2025-12-30 19:25:22] → Scraping 51078527
[2025-12-30 19:25:22] → Scraping 2639221
[2025-12-30 19:25:22] → Scraping 2639231
[2025-12-30 19:25:22] → Scraping 2637610
[2025-12-30 19:25:25] ✓ Saved 10 listings to CSV
[2025-12-30 19:25:25]   ✓ Batch: 10/10 saved
[2025-12-30 19:25:25] → Scraping 2637608
[2025-12-30 19:25:25] → Scraping 51130821
[2025-12-30 19:25:25] → Scraping 51130820
[2025-12-30 19:25:25] → Scraping 51130819
[2025-12-30 19:25:25] → Scraping 51093086
[2025-12-30 19:25:25] → Scraping 51106851
[2025-12-30 19:25:25] → Scraping 5459852
[2025-12-30 19:25:25] → Scraping 2640827
[2025-12-30 19:25:25] → Scraping 51130818
[2025-12-30 19:25:25] → Scraping 51087971
[2025-12-30 19:25:29] ✓ Saved 10 listings to CSV
[2025-12-30 19:25:29]   ✓ Batch: 10/10 saved
[2025-12-30 19:25:29] → Scraping 51130817
[2025-12-30 19:25:29] → Scraping 51130816
[2025-12-30 19:25:29] → Scraping 51130815
[2025-12-30 19:25:29] → Scraping 51130814
[2025-12-30 19:25:29] → Scraping 51130813
[2025-12-30 19:25:29] → Scraping 51130812
[2025-12-30 19:25:29] → Scraping 51130811
[2025-12-30 19:25:29] → Scraping 2640825
[2025-12-30 19:25:29] → Scraping 51130810
[2025-12-30 19:25:29] → Scraping 2640824
[2025-12-30 19:25:33] ✓ Saved 10 listings to CSV
[2025-12-30 19:25:33]   ✓ Batch: 10/10 saved
[2025-12-30 19:25:35] 
▶ Page 83
[2025-12-30 19:25:36] ✓ Found 30 listings
[2025-12-30 19:25:36] → Scraping 51130809
[2025-12-30 19:25:36] → Scraping 51130808
[2025-12-30 19:25:36] → Scraping 51130807
[2025-12-30 19:25:36] → Scraping 2640823
[2025-12-30 19:25:36] → Scraping 51130806
[2025-12-30 19:25:36] → Scraping 51130805
[2025-12-30 19:25:36] → Scraping 51130804
[2025-12-30 19:25:36] → Scraping 51130803
[2025-12-30 19:25:36] → Scraping 51121995
[2025-12-30 19:25:36] → Scraping 51121994
[2025-12-30 19:25:40] ✓ Saved 10 listings to CSV
[2025-12-30 19:25:40]   ✓ Batch: 10/10 saved
[2025-12-30 19:25:40] → Scraping 2640822
[2025-12-30 19:25:40] → Scraping 2640821
[2025-12-30 19:25:40] → Scraping 2640806
[2025-12-30 19:25:40] → Scraping 2640820
[2025-12-30 19:25:40] → Scraping 51130801
[2025-12-30 19:25:40] → Scraping 2640819
[2025-12-30 19:25:40] → Scraping 51130799
[2025-12-30 19:25:40] → Scraping 2640818
[2025-12-30 19:25:40] → Scraping 51130798
[2025-12-30 19:25:40] → Scraping 2640817
[2025-12-30 19:25:44] ✓ Saved 10 listings to CSV
[2025-12-30 19:25:44]   ✓ Batch: 10/10 saved
[2025-12-30 19:25:44] → Scraping 51130796
[2025-12-30 19:25:44] → Scraping 51130795
[2025-12-30 19:25:44] → Scraping 51130794
[2025-12-30 19:25:44] → Scraping 51130793
[2025-12-30 19:25:44] → Scraping 2640816
[2025-12-30 19:25:44] → Scraping 3239787
[2025-12-30 19:25:44] → Scraping 2640815
[2025-12-30 19:25:44] → Scraping 2640814
[2025-12-30 19:25:44] → Scraping 51130792
[2025-12-30 19:25:44] → Scraping 51130791
[2025-12-30 19:25:47] ✓ Saved 10 listings to CSV
[2025-12-30 19:25:47]   ✓ Batch: 10/10 saved
[2025-12-30 19:25:49] 
▶ Page 84
[2025-12-30 19:25:51] ✓ Found 30 listings
[2025-12-30 19:25:51] → Scraping 51130790
[2025-12-30 19:25:51] → Scraping 51130789
[2025-12-30 19:25:51] → Scraping 51130788
[2025-12-30 19:25:51] → Scraping 51130787
[2025-12-30 19:25:51] → Scraping 51130785
[2025-12-30 19:25:51] → Scraping 51130784
[2025-12-30 19:25:51] → Scraping 51130783
[2025-12-30 19:25:51] → Scraping 51130782
[2025-12-30 19:25:51] → Scraping 3239786
[2025-12-30 19:25:51] → Scraping 51130781
[2025-12-30 19:25:54] ✓ Saved 10 listings to CSV
[2025-12-30 19:25:54]   ✓ Batch: 10/10 saved
[2025-12-30 19:25:54] → Scraping 51130779
[2025-12-30 19:25:54] → Scraping 51130778
[2025-12-30 19:25:54] → Scraping 51130777
[2025-12-30 19:25:54] → Scraping 51130776
[2025-12-30 19:25:54] → Scraping 2640813
[2025-12-30 19:25:54] → Scraping 2640812
[2025-12-30 19:25:54] → Scraping 51130774
[2025-12-30 19:25:54] → Scraping 51130773
[2025-12-30 19:25:54] → Scraping 51130772
[2025-12-30 19:25:54] → Scraping 2640802
[2025-12-30 19:25:58] ✓ Saved 10 listings to CSV
[2025-12-30 19:25:58]   ✓ Batch: 10/10 saved
[2025-12-30 19:25:58] → Scraping 51124394
[2025-12-30 19:25:58] → Scraping 51124301
[2025-12-30 19:25:58] → Scraping 51130768
[2025-12-30 19:25:58] → Scraping 51130767
[2025-12-30 19:25:58] → Scraping 51130765
[2025-12-30 19:25:58] → Scraping 51130764
[2025-12-30 19:25:58] → Scraping 2640810
[2025-12-30 19:25:58] → Scraping 2640809
[2025-12-30 19:25:58] → Scraping 2640808
[2025-12-30 19:25:58] → Scraping 51130762
[2025-12-30 19:26:01] ✓ Saved 10 listings to CSV
[2025-12-30 19:26:01]   ✓ Batch: 10/10 saved
[2025-12-30 19:26:03] 
▶ Page 85
[2025-12-30 19:26:05] ✓ Found 30 listings
[2025-12-30 19:26:05] → Scraping 51111021
[2025-12-30 19:26:05] → Scraping 51130761
[2025-12-30 19:26:05] → Scraping 51124557
[2025-12-30 19:26:05] → Scraping 51119109
[2025-12-30 19:26:05] → Scraping 51101556
[2025-12-30 19:26:05] → Scraping 51101830
[2025-12-30 19:26:05] → Scraping 51103778
[2025-12-30 19:26:05] → Scraping 51088993
[2025-12-30 19:26:05] → Scraping 51130759
[2025-12-30 19:26:05] → Scraping 2635269
[2025-12-30 19:26:08] ✓ Saved 10 listings to CSV
[2025-12-30 19:26:08]   ✓ Batch: 10/10 saved
[2025-12-30 19:26:08] → Scraping 51130754
[2025-12-30 19:26:08] → Scraping 2640804
[2025-12-30 19:26:08] → Scraping 2640803
[2025-12-30 19:26:08] → Scraping 51130753
[2025-12-30 19:26:08] → Scraping 2640801
[2025-12-30 19:26:08] → Scraping 51130748
[2025-12-30 19:26:08] → Scraping 51122085
[2025-12-30 19:26:08] → Scraping 51130746
[2025-12-30 19:26:08] → Scraping 51029182
[2025-12-30 19:26:08] → Scraping 51039764
[2025-12-30 19:26:12] ✓ Saved 10 listings to CSV
[2025-12-30 19:26:12]   ✓ Batch: 10/10 saved
[2025-12-30 19:26:12] → Scraping 51027307
[2025-12-30 19:26:12] → Scraping 51021093
[2025-12-30 19:26:12] → Scraping 51033059
[2025-12-30 19:26:12] → Scraping 51033511
[2025-12-30 19:26:12] → Scraping 51019203
[2025-12-30 19:26:12] → Scraping 5995101
[2025-12-30 19:26:12] → Scraping 51029379
[2025-12-30 19:26:12] → Scraping 51038267
[2025-12-30 19:26:12] → Scraping 51028561
[2025-12-30 19:26:12] → Scraping 51029588
[2025-12-30 19:26:15] ✓ Saved 10 listings to CSV
[2025-12-30 19:26:15]   ✓ Batch: 10/10 saved
[2025-12-30 19:26:17] 
▶ Page 86
[2025-12-30 19:26:19] ✓ Found 30 listings
[2025-12-30 19:26:19] → Scraping 51027950
[2025-12-30 19:26:19] → Scraping 51036563
[2025-12-30 19:26:19] → Scraping 51037926
[2025-12-30 19:26:19] → Scraping 51033831
[2025-12-30 19:26:19] → Scraping 51026773
[2025-12-30 19:26:19] → Scraping 51034622
[2025-12-30 19:26:19] → Scraping 51034125
[2025-12-30 19:26:19] → Scraping 51018936
[2025-12-30 19:26:19] → Scraping 51086908
[2025-12-30 19:26:19] → Scraping 51039678
[2025-12-30 19:26:23] ✓ Saved 10 listings to CSV
[2025-12-30 19:26:23]   ✓ Batch: 10/10 saved
[2025-12-30 19:26:23] → Scraping 51086861
[2025-12-30 19:26:23] → Scraping 51026334
[2025-12-30 19:26:23] → Scraping 51033707
[2025-12-30 19:26:23] → Scraping 51040011
[2025-12-30 19:26:23] → Scraping 51092644
[2025-12-30 19:26:23] → Scraping 51034711
[2025-12-30 19:26:23] → Scraping 51087011
[2025-12-30 19:26:23] → Scraping 51087765
[2025-12-30 19:26:23] → Scraping 51107044
[2025-12-30 19:26:23] → Scraping 51087866
[2025-12-30 19:26:26] ✓ Saved 10 listings to CSV
[2025-12-30 19:26:26]   ✓ Batch: 10/10 saved
[2025-12-30 19:26:26] → Scraping 51107077
[2025-12-30 19:26:26] → Scraping 51119950
[2025-12-30 19:26:26] → Scraping 51109060
[2025-12-30 19:26:26] → Scraping 51104542
[2025-12-30 19:26:26] → Scraping 51104474
[2025-12-30 19:26:26] → Scraping 51117013
[2025-12-30 19:26:26] → Scraping 51125918
[2025-12-30 19:26:26] → Scraping 51078370
[2025-12-30 19:26:26] → Scraping 51130745
[2025-12-30 19:26:26] → Scraping 51130744
[2025-12-30 19:26:30] ✓ Saved 10 listings to CSV
[2025-12-30 19:26:30]   ✓ Batch: 10/10 saved
[2025-12-30 19:26:32] 
▶ Page 87
[2025-12-30 19:26:33] ✓ Found 30 listings
[2025-12-30 19:26:33] → Scraping 51130743
[2025-12-30 19:26:33] → Scraping 51127846
[2025-12-30 19:26:33] → Scraping 51130742
[2025-12-30 19:26:33] → Scraping 2640798
[2025-12-30 19:26:33] → Scraping 51130741
[2025-12-30 19:26:33] → Scraping 51116175
[2025-12-30 19:26:33] → Scraping 51130740
[2025-12-30 19:26:33] → Scraping 51130739
[2025-12-30 19:26:33] → Scraping 51130738
[2025-12-30 19:26:33] → Scraping 51130736
[2025-12-30 19:26:37] ✓ Saved 10 listings to CSV
[2025-12-30 19:26:37]   ✓ Batch: 10/10 saved
[2025-12-30 19:26:37] → Scraping 51130735
[2025-12-30 19:26:37] → Scraping 51125417
[2025-12-30 19:26:37] → Scraping 51119783
[2025-12-30 19:26:37] → Scraping 2624026
[2025-12-30 19:26:37] → Scraping 2624083
[2025-12-30 19:26:37] → Scraping 2624029
[2025-12-30 19:26:37] → Scraping 2626360
[2025-12-30 19:26:37] → Scraping 2623904
[2025-12-30 19:26:37] → Scraping 2629380
[2025-12-30 19:26:37] → Scraping 2623933
[2025-12-30 19:26:41] ✓ Saved 10 listings to CSV
[2025-12-30 19:26:41]   ✓ Batch: 10/10 saved
[2025-12-30 19:26:41] → Scraping 2629378
[2025-12-30 19:26:41] → Scraping 2624011
[2025-12-30 19:26:41] → Scraping 51089918
[2025-12-30 19:26:41] → Scraping 51046219
[2025-12-30 19:26:41] → Scraping 51050896
[2025-12-30 19:26:41] → Scraping 51043220
[2025-12-30 19:26:41] → Scraping 51050902
[2025-12-30 19:26:41] → Scraping 51087252
[2025-12-30 19:26:41] → Scraping 51050926
[2025-12-30 19:26:41] → Scraping 51121998
[2025-12-30 19:26:44] ✓ Saved 10 listings to CSV
[2025-12-30 19:26:44]   ✓ Batch: 10/10 saved
[2025-12-30 19:26:46] 
▶ Page 88
[2025-12-30 19:26:48] ✓ Found 30 listings
[2025-12-30 19:26:48] → Scraping 51050647
[2025-12-30 19:26:48] → Scraping 51061673
[2025-12-30 19:26:48] → Scraping 51050646
[2025-12-30 19:26:48] → Scraping 51050648
[2025-12-30 19:26:48] → Scraping 51054040
[2025-12-30 19:26:48] → Scraping 51050649
[2025-12-30 19:26:48] → Scraping 51050812
[2025-12-30 19:26:48] → Scraping 51050813
[2025-12-30 19:26:48] → Scraping 51050628
[2025-12-30 19:26:48] → Scraping 51054259
[2025-12-30 19:26:51] ✓ Saved 10 listings to CSV
[2025-12-30 19:26:51]   ✓ Batch: 10/10 saved
[2025-12-30 19:26:51] → Scraping 51054260
[2025-12-30 19:26:51] → Scraping 51054256
[2025-12-30 19:26:51] → Scraping 51054255
[2025-12-30 19:26:51] → Scraping 51054134
[2025-12-30 19:26:51] → Scraping 51054133
[2025-12-30 19:26:51] → Scraping 51054131
[2025-12-30 19:26:51] → Scraping 51054132
[2025-12-30 19:26:51] → Scraping 51054102
[2025-12-30 19:26:51] → Scraping 51054098
[2025-12-30 19:26:51] → Scraping 51054100
[2025-12-30 19:26:56] ✓ Saved 10 listings to CSV
[2025-12-30 19:26:56]   ✓ Batch: 10/10 saved
[2025-12-30 19:26:56] → Scraping 51054099
[2025-12-30 19:26:56] → Scraping 51054096
[2025-12-30 19:26:56] → Scraping 51053517
[2025-12-30 19:26:56] → Scraping 51054045
[2025-12-30 19:26:56] → Scraping 51054043
[2025-12-30 19:26:56] → Scraping 51053957
[2025-12-30 19:26:56] → Scraping 51053956
[2025-12-30 19:26:56] → Scraping 51053852
[2025-12-30 19:26:56] → Scraping 51053846
[2025-12-30 19:26:56] → Scraping 51053242
[2025-12-30 19:27:00] ✓ Saved 10 listings to CSV
[2025-12-30 19:27:00]   ✓ Batch: 10/10 saved
[2025-12-30 19:27:02] 
▶ Page 89
[2025-12-30 19:27:03] ✓ Found 30 listings
[2025-12-30 19:27:03] → Scraping 51053842
[2025-12-30 19:27:03] → Scraping 51053841
[2025-12-30 19:27:03] → Scraping 51053840
[2025-12-30 19:27:03] → Scraping 51053701
[2025-12-30 19:27:03] → Scraping 51053699
[2025-12-30 19:27:03] → Scraping 51053218
[2025-12-30 19:27:03] → Scraping 51053186
[2025-12-30 19:27:03] → Scraping 51054881
[2025-12-30 19:27:03] → Scraping 51108410
[2025-12-30 19:27:03] → Scraping 51049313
[2025-12-30 19:27:08] ✓ Saved 10 listings to CSV
[2025-12-30 19:27:08]   ✓ Batch: 10/10 saved
[2025-12-30 19:27:08] → Scraping 51101645
[2025-12-30 19:27:08] → Scraping 51035136
[2025-12-30 19:27:08] → Scraping 51034882
[2025-12-30 19:27:08] → Scraping 51042085
[2025-12-30 19:27:08] → Scraping 51042091
[2025-12-30 19:27:08] → Scraping 51042105
[2025-12-30 19:27:08] → Scraping 51048914
[2025-12-30 19:27:08] → Scraping 51048868
[2025-12-30 19:27:08] → Scraping 51048680
[2025-12-30 19:27:08] → Scraping 51048643
[2025-12-30 19:27:12] ✓ Saved 10 listings to CSV
[2025-12-30 19:27:12]   ✓ Batch: 10/10 saved
[2025-12-30 19:27:12] → Scraping 51048627
[2025-12-30 19:27:12] → Scraping 51084152
[2025-12-30 19:27:12] → Scraping 51101530
[2025-12-30 19:27:12] → Scraping 51101532
[2025-12-30 19:27:12] → Scraping 51027053
[2025-12-30 19:27:12] → Scraping 51027077
[2025-12-30 19:27:12] → Scraping 51034019
[2025-12-30 19:27:12] → Scraping 51033985
[2025-12-30 19:27:12] → Scraping 51047994
[2025-12-30 19:27:12] → Scraping 51048103
[2025-12-30 19:27:16] ✓ Saved 10 listings to CSV
[2025-12-30 19:27:16]   ✓ Batch: 10/10 saved
[2025-12-30 19:27:18] 
▶ Page 90
[2025-12-30 19:27:19] ✓ Found 30 listings
[2025-12-30 19:27:19] → Scraping 51048325
[2025-12-30 19:27:19] → Scraping 51088384
[2025-12-30 19:27:19] → Scraping 51088375
[2025-12-30 19:27:19] → Scraping 51088381
[2025-12-30 19:27:19] → Scraping 51046965
[2025-12-30 19:27:19] → Scraping 51053428
[2025-12-30 19:27:19] → Scraping 51110583
[2025-12-30 19:27:19] → Scraping 51046660
[2025-12-30 19:27:19] → Scraping 51046605
[2025-12-30 19:27:19] → Scraping 51046604
[2025-12-30 19:27:23] ✓ Saved 10 listings to CSV
[2025-12-30 19:27:23]   ✓ Batch: 10/10 saved
[2025-12-30 19:27:23] → Scraping 51046602
[2025-12-30 19:27:23] → Scraping 51053088
[2025-12-30 19:27:23] → Scraping 51053089
[2025-12-30 19:27:23] → Scraping 51053090
[2025-12-30 19:27:23] → Scraping 51053092
[2025-12-30 19:27:23] → Scraping 51112252
[2025-12-30 19:27:23] → Scraping 51094418
[2025-12-30 19:27:23] → Scraping 137276
[2025-12-30 19:27:23] → Scraping 5517669
[2025-12-30 19:27:23] → Scraping 5489789
[2025-12-30 19:27:26] ✓ Saved 10 listings to CSV
[2025-12-30 19:27:26]   ✓ Batch: 10/10 saved
[2025-12-30 19:27:26] → Scraping 3239784
[2025-12-30 19:27:26] → Scraping 51130732
[2025-12-30 19:27:26] → Scraping 51121735
[2025-12-30 19:27:26] → Scraping 487193
[2025-12-30 19:27:26] → Scraping 2640795
[2025-12-30 19:27:26] → Scraping 51130730
[2025-12-30 19:27:26] → Scraping 2640794
[2025-12-30 19:27:26] → Scraping 51130729
[2025-12-30 19:27:26] → Scraping 2640793
[2025-12-30 19:27:26] → Scraping 51130727
[2025-12-30 19:27:30] ✓ Saved 10 listings to CSV
[2025-12-30 19:27:30]   ✓ Batch: 10/10 saved
[2025-12-30 19:27:32] 
▶ Page 91
[2025-12-30 19:27:33] ✓ Found 30 listings
[2025-12-30 19:27:33] → Scraping 5526930
[2025-12-30 19:27:33] → Scraping 51130726
[2025-12-30 19:27:33] → Scraping 51130725
[2025-12-30 19:27:33] → Scraping 51130724
[2025-12-30 19:27:33] → Scraping 51130722
[2025-12-30 19:27:33] → Scraping 2640789
[2025-12-30 19:27:33] → Scraping 51130721
[2025-12-30 19:27:33] → Scraping 51130720
[2025-12-30 19:27:33] → Scraping 51115774
[2025-12-30 19:27:33] → Scraping 51077933
[2025-12-30 19:27:37] ✓ Saved 10 listings to CSV
[2025-12-30 19:27:37]   ✓ Batch: 10/10 saved
[2025-12-30 19:27:37] → Scraping 51077934
[2025-12-30 19:27:37] → Scraping 51050789
[2025-12-30 19:27:37] → Scraping 51065026
[2025-12-30 19:27:37] → Scraping 51118790
[2025-12-30 19:27:37] → Scraping 51042382
[2025-12-30 19:27:37] → Scraping 51032357
[2025-12-30 19:27:37] → Scraping 51115775
[2025-12-30 19:27:37] → Scraping 51031073
[2025-12-30 19:27:37] → Scraping 51105796
[2025-12-30 19:27:37] → Scraping 51100458
[2025-12-30 19:27:42] ✓ Saved 10 listings to CSV
[2025-12-30 19:27:42]   ✓ Batch: 10/10 saved
[2025-12-30 19:27:42] → Scraping 51105635
[2025-12-30 19:27:42] → Scraping 51105634
[2025-12-30 19:27:42] → Scraping 51105636
[2025-12-30 19:27:42] → Scraping 51105638
[2025-12-30 19:27:42] → Scraping 51105637
[2025-12-30 19:27:42] → Scraping 51105639
[2025-12-30 19:27:42] → Scraping 51105640
[2025-12-30 19:27:42] → Scraping 51105641
[2025-12-30 19:27:42] → Scraping 2640788
[2025-12-30 19:27:42] → Scraping 51105643
[2025-12-30 19:27:46] ✓ Saved 10 listings to CSV
[2025-12-30 19:27:46]   ✓ Batch: 10/10 saved
[2025-12-30 19:27:48] 
▶ Page 92
[2025-12-30 19:27:49] ✓ Found 30 listings
[2025-12-30 19:27:49] → Scraping 51105787
[2025-12-30 19:27:49] → Scraping 51105791
[2025-12-30 19:27:49] → Scraping 51105792
[2025-12-30 19:27:49] → Scraping 51105644
[2025-12-30 19:27:49] → Scraping 51105794
[2025-12-30 19:27:49] → Scraping 51105795
[2025-12-30 19:27:49] → Scraping 51105790
[2025-12-30 19:27:49] → Scraping 51080420
[2025-12-30 19:27:49] → Scraping 51080421
[2025-12-30 19:27:49] → Scraping 51080423
[2025-12-30 19:27:53] ✓ Saved 10 listings to CSV
[2025-12-30 19:27:53]   ✓ Batch: 10/10 saved
[2025-12-30 19:27:53] → Scraping 51080424
[2025-12-30 19:27:53] → Scraping 51084397
[2025-12-30 19:27:53] → Scraping 51080427
[2025-12-30 19:27:53] → Scraping 51080432
[2025-12-30 19:27:53] → Scraping 51075744
[2025-12-30 19:27:53] → Scraping 51080433
[2025-12-30 19:27:53] → Scraping 51080434
[2025-12-30 19:27:53] → Scraping 51080669
[2025-12-30 19:27:53] → Scraping 51079842
[2025-12-30 19:27:53] → Scraping 51079841
[2025-12-30 19:27:58] ✓ Saved 10 listings to CSV
[2025-12-30 19:27:58]   ✓ Batch: 10/10 saved
[2025-12-30 19:27:58] → Scraping 51079845
[2025-12-30 19:27:58] → Scraping 51079849
[2025-12-30 19:27:58] → Scraping 51079848
[2025-12-30 19:27:58] → Scraping 51079850
[2025-12-30 19:27:58] → Scraping 51080096
[2025-12-30 19:27:58] → Scraping 51080104
[2025-12-30 19:27:58] → Scraping 51088199
[2025-12-30 19:27:58] → Scraping 51080097
[2025-12-30 19:27:58] → Scraping 51080426
[2025-12-30 19:27:58] → Scraping 51088200
[2025-12-30 19:28:02] ✓ Saved 10 listings to CSV
[2025-12-30 19:28:02]   ✓ Batch: 10/10 saved
[2025-12-30 19:28:04] 
▶ Page 93
[2025-12-30 19:28:06] ✓ Found 30 listings
[2025-12-30 19:28:06] → Scraping 51080092
[2025-12-30 19:28:06] → Scraping 51080093
[2025-12-30 19:28:06] → Scraping 51075747
[2025-12-30 19:28:06] → Scraping 51075746
[2025-12-30 19:28:06] → Scraping 51075745
[2025-12-30 19:28:06] → Scraping 51075743
[2025-12-30 19:28:06] → Scraping 51075742
[2025-12-30 19:28:06] → Scraping 51075738
[2025-12-30 19:28:06] → Scraping 51075740
[2025-12-30 19:28:06] → Scraping 51075739
[2025-12-30 19:28:10] ✓ Saved 10 listings to CSV
[2025-12-30 19:28:10]   ✓ Batch: 10/10 saved
[2025-12-30 19:28:10] → Scraping 51088118
[2025-12-30 19:28:10] → Scraping 51088194
[2025-12-30 19:28:10] → Scraping 51088195
[2025-12-30 19:28:10] → Scraping 51088196
[2025-12-30 19:28:10] → Scraping 51088197
[2025-12-30 19:28:10] → Scraping 51088198
[2025-12-30 19:28:10] → Scraping 51089783
[2025-12-30 19:28:10] → Scraping 5972480
[2025-12-30 19:28:10] → Scraping 51088963
[2025-12-30 19:28:10] → Scraping 51130719
[2025-12-30 19:28:14] ✓ Saved 10 listings to CSV
[2025-12-30 19:28:14]   ✓ Batch: 10/10 saved
[2025-12-30 19:28:14] → Scraping 51130717
[2025-12-30 19:28:14] → Scraping 51130716
[2025-12-30 19:28:14] → Scraping 2640787
[2025-12-30 19:28:14] → Scraping 51130715
[2025-12-30 19:28:14] → Scraping 5531825
[2025-12-30 19:28:14] → Scraping 51121812
[2025-12-30 19:28:14] → Scraping 51121901
[2025-12-30 19:28:14] → Scraping 51130714
[2025-12-30 19:28:14] → Scraping 51130713
[2025-12-30 19:28:14] → Scraping 5904429
[2025-12-30 19:28:18] ✓ Saved 10 listings to CSV
[2025-12-30 19:28:18]   ✓ Batch: 10/10 saved
[2025-12-30 19:28:20] 
▶ Page 94
[2025-12-30 19:28:21] ✓ Found 30 listings
[2025-12-30 19:28:21] → Scraping 51130712
[2025-12-30 19:28:21] → Scraping 51130711
[2025-12-30 19:28:21] → Scraping 51130710
[2025-12-30 19:28:21] → Scraping 51130707
[2025-12-30 19:28:21] → Scraping 51130706
[2025-12-30 19:28:21] → Scraping 51118896
[2025-12-30 19:28:21] → Scraping 2640786
[2025-12-30 19:28:21] → Scraping 51130705
[2025-12-30 19:28:21] → Scraping 2640785
[2025-12-30 19:28:21] → Scraping 51126254
[2025-12-30 19:28:25] ✓ Saved 10 listings to CSV
[2025-12-30 19:28:25]   ✓ Batch: 10/10 saved
[2025-12-30 19:28:25] → Scraping 5778742
[2025-12-30 19:28:25] → Scraping 5805698
[2025-12-30 19:28:25] → Scraping 5802144
[2025-12-30 19:28:25] → Scraping 5762998
[2025-12-30 19:28:25] → Scraping 5831834
[2025-12-30 19:28:25] → Scraping 5812567
[2025-12-30 19:28:25] → Scraping 5845775
[2025-12-30 19:28:25] → Scraping 5779992
[2025-12-30 19:28:25] → Scraping 5827328
[2025-12-30 19:28:25] → Scraping 51130703
[2025-12-30 19:28:28] ✓ Saved 10 listings to CSV
[2025-12-30 19:28:28]   ✓ Batch: 10/10 saved
[2025-12-30 19:28:28] → Scraping 2640784
[2025-12-30 19:28:28] → Scraping 51130702
[2025-12-30 19:28:28] → Scraping 51130701
[2025-12-30 19:28:28] → Scraping 2616097
[2025-12-30 19:28:28] → Scraping 2620025
[2025-12-30 19:28:28] → Scraping 2594869
[2025-12-30 19:28:28] → Scraping 2590187
[2025-12-30 19:28:28] → Scraping 2599696
[2025-12-30 19:28:28] → Scraping 2599708
[2025-12-30 19:28:28] → Scraping 2599700
[2025-12-30 19:28:32] ✓ Saved 10 listings to CSV
[2025-12-30 19:28:32]   ✓ Batch: 10/10 saved
[2025-12-30 19:28:34] 
▶ Page 95
[2025-12-30 19:28:35] ✓ Found 30 listings
[2025-12-30 19:28:35] → Scraping 2599713
[2025-12-30 19:28:35] → Scraping 2587324
[2025-12-30 19:28:35] → Scraping 2599742
[2025-12-30 19:28:35] → Scraping 2599717
[2025-12-30 19:28:35] → Scraping 2587727
[2025-12-30 19:28:35] → Scraping 2596865
[2025-12-30 19:28:35] → Scraping 2587496
[2025-12-30 19:28:35] → Scraping 2596962
[2025-12-30 19:28:35] → Scraping 2640783
[2025-12-30 19:28:35] → Scraping 5833641
[2025-12-30 19:28:39] ✓ Saved 10 listings to CSV
[2025-12-30 19:28:39]   ✓ Batch: 10/10 saved
[2025-12-30 19:28:39] → Scraping 51130699
[2025-12-30 19:28:39] → Scraping 51124494
[2025-12-30 19:28:39] → Scraping 51123510
[2025-12-30 19:28:39] → Scraping 51123509
[2025-12-30 19:28:39] → Scraping 51127528
[2025-12-30 19:28:39] → Scraping 51121594
[2025-12-30 19:28:39] → Scraping 51127524
[2025-12-30 19:28:39] → Scraping 51130698
[2025-12-30 19:28:39] → Scraping 51120869
[2025-12-30 19:28:39] → Scraping 51121592
[2025-12-30 19:28:43] ✓ Saved 10 listings to CSV
[2025-12-30 19:28:43]   ✓ Batch: 10/10 saved
[2025-12-30 19:28:43] → Scraping 51124101
[2025-12-30 19:28:43] → Scraping 51130697
[2025-12-30 19:28:43] → Scraping 2640782
[2025-12-30 19:28:43] → Scraping 51119808
[2025-12-30 19:28:43] → Scraping 51120014
[2025-12-30 19:28:43] → Scraping 51120992
[2025-12-30 19:28:43] → Scraping 51121595
[2025-12-30 19:28:43] → Scraping 51127570
[2025-12-30 19:28:43] → Scraping 51109825
[2025-12-30 19:28:43] → Scraping 51130695
[2025-12-30 19:28:48] ✓ Saved 10 listings to CSV
[2025-12-30 19:28:48]   ✓ Batch: 10/10 saved
[2025-12-30 19:28:50] 
▶ Page 96
[2025-12-30 19:28:52] ✓ Found 30 listings
[2025-12-30 19:28:52] → Scraping 51130693
[2025-12-30 19:28:52] → Scraping 51130692
[2025-12-30 19:28:52] → Scraping 51130691
[2025-12-30 19:28:52] → Scraping 2640781
[2025-12-30 19:28:52] → Scraping 51130690
[2025-12-30 19:28:52] → Scraping 51130688
[2025-12-30 19:28:52] → Scraping 51130687
[2025-12-30 19:28:52] → Scraping 2637486
[2025-12-30 19:28:52] → Scraping 51081178
[2025-12-30 19:28:52] → Scraping 51081181
[2025-12-30 19:28:56] ✓ Saved 10 listings to CSV
[2025-12-30 19:28:56]   ✓ Batch: 10/10 saved
[2025-12-30 19:28:56] → Scraping 51081182
[2025-12-30 19:28:56] → Scraping 51081260
[2025-12-30 19:28:56] → Scraping 51081366
[2025-12-30 19:28:56] → Scraping 51081753
[2025-12-30 19:28:56] → Scraping 51082382
[2025-12-30 19:28:56] → Scraping 51097633
[2025-12-30 19:28:56] → Scraping 51091132
[2025-12-30 19:28:56] → Scraping 51086066
[2025-12-30 19:28:56] → Scraping 51085955
[2025-12-30 19:28:56] → Scraping 51081160
[2025-12-30 19:29:00] ✓ Saved 10 listings to CSV
[2025-12-30 19:29:00]   ✓ Batch: 10/10 saved
[2025-12-30 19:29:00] → Scraping 51086404
[2025-12-30 19:29:00] → Scraping 51086357
[2025-12-30 19:29:00] → Scraping 51097635
[2025-12-30 19:29:00] → Scraping 51092631
[2025-12-30 19:29:00] → Scraping 51086402
[2025-12-30 19:29:00] → Scraping 51086719
[2025-12-30 19:29:00] → Scraping 51091775
[2025-12-30 19:29:00] → Scraping 51086894
[2025-12-30 19:29:00] → Scraping 51087926
[2025-12-30 19:29:00] → Scraping 51087919
[2025-12-30 19:29:04] ✓ Saved 10 listings to CSV
[2025-12-30 19:29:04]   ✓ Batch: 10/10 saved
[2025-12-30 19:29:06] 
▶ Page 97
[2025-12-30 19:29:07] ✓ Found 30 listings
[2025-12-30 19:29:07] → Scraping 51083741
[2025-12-30 19:29:07] → Scraping 51083911
[2025-12-30 19:29:07] → Scraping 51083924
[2025-12-30 19:29:07] → Scraping 51088296
[2025-12-30 19:29:07] → Scraping 51097636
[2025-12-30 19:29:07] → Scraping 51092593
[2025-12-30 19:29:07] → Scraping 51083799
[2025-12-30 19:29:07] → Scraping 51120456
[2025-12-30 19:29:07] → Scraping 51120457
[2025-12-30 19:29:07] → Scraping 51084861
[2025-12-30 19:29:11] ✓ Saved 10 listings to CSV
[2025-12-30 19:29:11]   ✓ Batch: 10/10 saved
[2025-12-30 19:29:11] → Scraping 51084637
[2025-12-30 19:29:11] → Scraping 51084701
[2025-12-30 19:29:11] → Scraping 51084470
[2025-12-30 19:29:11] → Scraping 51084303
[2025-12-30 19:29:11] → Scraping 51088726
[2025-12-30 19:29:11] → Scraping 51104858
[2025-12-30 19:29:11] → Scraping 51117339
[2025-12-30 19:29:11] → Scraping 51089188
[2025-12-30 19:29:11] → Scraping 51127577
[2025-12-30 19:29:11] → Scraping 51127579
[2025-12-30 19:29:14] ✓ Saved 10 listings to CSV
[2025-12-30 19:29:14]   ✓ Batch: 10/10 saved
[2025-12-30 19:29:14] → Scraping 51127668
[2025-12-30 19:29:14] → Scraping 51127669
[2025-12-30 19:29:14] → Scraping 51127670
[2025-12-30 19:29:14] → Scraping 51130686
[2025-12-30 19:29:14] → Scraping 51127689
[2025-12-30 19:29:14] → Scraping 51127802
[2025-12-30 19:29:14] → Scraping 51130685
[2025-12-30 19:29:14] → Scraping 51130683
[2025-12-30 19:29:14] → Scraping 51130682
[2025-12-30 19:29:14] → Scraping 51130681
[2025-12-30 19:29:18] ✓ Saved 10 listings to CSV
[2025-12-30 19:29:18]   ✓ Batch: 10/10 saved
[2025-12-30 19:29:20] 
▶ Page 98
[2025-12-30 19:29:21] ✓ Found 30 listings
[2025-12-30 19:29:21] → Scraping 51130680
[2025-12-30 19:29:21] → Scraping 2640780
[2025-12-30 19:29:21] → Scraping 5997483
[2025-12-30 19:29:21] → Scraping 51068606
[2025-12-30 19:29:21] → Scraping 51068929
[2025-12-30 19:29:21] → Scraping 5997475
[2025-12-30 19:29:21] → Scraping 5997478
[2025-12-30 19:29:21] → Scraping 2640779
[2025-12-30 19:29:21] → Scraping 2640778
[2025-12-30 19:29:21] → Scraping 2640777
[2025-12-30 19:29:25] ✓ Saved 10 listings to CSV
[2025-12-30 19:29:25]   ✓ Batch: 10/10 saved
[2025-12-30 19:29:25] → Scraping 2640776
[2025-12-30 19:29:25] → Scraping 51130677
[2025-12-30 19:29:25] → Scraping 51130676
[2025-12-30 19:29:25] → Scraping 51130674
[2025-12-30 19:29:25] → Scraping 51130673
[2025-12-30 19:29:25] → Scraping 2638088
[2025-12-30 19:29:25] → Scraping 2637279
[2025-12-30 19:29:25] → Scraping 2638905
[2025-12-30 19:29:25] → Scraping 2640775
[2025-12-30 19:29:25] → Scraping 51130672
[2025-12-30 19:29:28] ✓ Saved 10 listings to CSV
[2025-12-30 19:29:28]   ✓ Batch: 10/10 saved
[2025-12-30 19:29:28] → Scraping 51130671
[2025-12-30 19:29:28] → Scraping 2640773
[2025-12-30 19:29:28] → Scraping 2640772
[2025-12-30 19:29:28] → Scraping 2640771
[2025-12-30 19:29:28] → Scraping 51130669
[2025-12-30 19:29:28] → Scraping 51107010
[2025-12-30 19:29:28] → Scraping 51122665
[2025-12-30 19:29:28] → Scraping 51055952
[2025-12-30 19:29:28] → Scraping 51107011
[2025-12-30 19:29:28] → Scraping 51130667
[2025-12-30 19:29:32] ✓ Saved 10 listings to CSV
[2025-12-30 19:29:32]   ✓ Batch: 10/10 saved
[2025-12-30 19:29:34] 
▶ Page 99
[2025-12-30 19:29:35] ✓ Found 30 listings
[2025-12-30 19:29:35] → Scraping 51130666
[2025-12-30 19:29:35] → Scraping 51130665
[2025-12-30 19:29:35] → Scraping 51130664
[2025-12-30 19:29:35] → Scraping 2640769
[2025-12-30 19:29:35] → Scraping 2640767
[2025-12-30 19:29:35] → Scraping 5768351
[2025-12-30 19:29:35] → Scraping 51130661
[2025-12-30 19:29:35] → Scraping 51130660
[2025-12-30 19:29:35] → Scraping 51031923
[2025-12-30 19:29:35] → Scraping 5360887
[2025-12-30 19:29:38] ✓ Saved 10 listings to CSV
[2025-12-30 19:29:38]   ✓ Batch: 10/10 saved
[2025-12-30 19:29:38] → Scraping 5322204
[2025-12-30 19:29:38] → Scraping 51130659
[2025-12-30 19:29:38] → Scraping 2640766
[2025-12-30 19:29:38] → Scraping 5213867
[2025-12-30 19:29:38] → Scraping 5174893
[2025-12-30 19:29:38] → Scraping 51017209
[2025-12-30 19:29:38] → Scraping 5953055
[2025-12-30 19:29:38] → Scraping 5234130
[2025-12-30 19:29:38] → Scraping 5279150
[2025-12-30 19:29:38] → Scraping 5325589
[2025-12-30 19:29:42] ✓ Saved 10 listings to CSV
[2025-12-30 19:29:42]   ✓ Batch: 10/10 saved
[2025-12-30 19:29:42] → Scraping 5988013
[2025-12-30 19:29:42] → Scraping 5970883
[2025-12-30 19:29:42] → Scraping 51039308
[2025-12-30 19:29:42] → Scraping 51046051
[2025-12-30 19:29:42] → Scraping 5646023
[2025-12-30 19:29:42] → Scraping 5979931
[2025-12-30 19:29:42] → Scraping 5953058
[2025-12-30 19:29:42] → Scraping 51017207
[2025-12-30 19:29:42] → Scraping 51083967
[2025-12-30 19:29:42] → Scraping 5431333
[2025-12-30 19:29:46] ✓ Saved 10 listings to CSV
[2025-12-30 19:29:46]   ✓ Batch: 10/10 saved
[2025-12-30 19:29:48] 
▶ Page 100
[2025-12-30 19:29:49] ✓ Found 30 listings
[2025-12-30 19:29:49] → Scraping 5988138
[2025-12-30 19:29:49] → Scraping 2640765
[2025-12-30 19:29:49] → Scraping 51124695
[2025-12-30 19:29:49] → Scraping 51124684
[2025-12-30 19:29:49] → Scraping 2640762
[2025-12-30 19:29:49] → Scraping 2640761
[2025-12-30 19:29:49] → Scraping 3239781
[2025-12-30 19:29:49] → Scraping 2640760
[2025-12-30 19:29:49] → Scraping 2640759
[2025-12-30 19:29:49] → Scraping 51130658
[2025-12-30 19:29:52] ✓ Saved 10 listings to CSV
[2025-12-30 19:29:52]   ✓ Batch: 10/10 saved
[2025-12-30 19:29:52] → Scraping 51123140
[2025-12-30 19:29:52] → Scraping 51122103
[2025-12-30 19:29:52] → Scraping 51122102
[2025-12-30 19:29:52] → Scraping 51122101
[2025-12-30 19:29:52] → Scraping 51122099
[2025-12-30 19:29:52] → Scraping 51122098
[2025-12-30 19:29:52] → Scraping 51122097
[2025-12-30 19:29:52] → Scraping 51122096
[2025-12-30 19:29:52] → Scraping 51122095
[2025-12-30 19:29:52] → Scraping 51122094
[2025-12-30 19:29:56] ✓ Saved 10 listings to CSV
[2025-12-30 19:29:56]   ✓ Batch: 10/10 saved
[2025-12-30 19:29:56] → Scraping 51121980
[2025-12-30 19:29:56] → Scraping 51121979
[2025-12-30 19:29:56] → Scraping 51121977
[2025-12-30 19:29:56] → Scraping 51121976
[2025-12-30 19:29:56] → Scraping 51121975
[2025-12-30 19:29:56] → Scraping 51121974
[2025-12-30 19:29:56] → Scraping 51124144
[2025-12-30 19:29:56] → Scraping 51124388
[2025-12-30 19:29:56] → Scraping 51124384
[2025-12-30 19:29:56] → Scraping 51124380
[2025-12-30 19:30:00] ✓ Saved 10 listings to CSV
[2025-12-30 19:30:00]   ✓ Batch: 10/10 saved
[2025-12-30 19:30:02] 
▶ Page 101
[2025-12-30 19:30:03] ✓ Found 30 listings
[2025-12-30 19:30:03] → Scraping 51124379
[2025-12-30 19:30:03] → Scraping 51124377
[2025-12-30 19:30:03] → Scraping 51124374
[2025-12-30 19:30:03] → Scraping 51130657
[2025-12-30 19:30:03] → Scraping 51130655
[2025-12-30 19:30:03] → Scraping 51130654
[2025-12-30 19:30:03] → Scraping 51130653
[2025-12-30 19:30:03] → Scraping 51124404
[2025-12-30 19:30:03] → Scraping 51130651
[2025-12-30 19:30:03] → Scraping 51126062
[2025-12-30 19:30:07] ✓ Saved 10 listings to CSV
[2025-12-30 19:30:07]   ✓ Batch: 10/10 saved
[2025-12-30 19:30:07] → Scraping 2640756
[2025-12-30 19:30:07] → Scraping 51130650
[2025-12-30 19:30:07] → Scraping 51130649
[2025-12-30 19:30:07] → Scraping 51130648
[2025-12-30 19:30:07] → Scraping 51130647
[2025-12-30 19:30:07] → Scraping 51130645
[2025-12-30 19:30:07] → Scraping 51130644
[2025-12-30 19:30:07] → Scraping 51130643
[2025-12-30 19:30:07] → Scraping 51130642
[2025-12-30 19:30:07] → Scraping 51130641
[2025-12-30 19:30:10] ✓ Saved 10 listings to CSV
[2025-12-30 19:30:10]   ✓ Batch: 10/10 saved
[2025-12-30 19:30:10] → Scraping 51130638
[2025-12-30 19:30:10] → Scraping 2640754
[2025-12-30 19:30:10] → Scraping 51130636
[2025-12-30 19:30:10] → Scraping 51129722
[2025-12-30 19:30:10] → Scraping 51120122
[2025-12-30 19:30:10] → Scraping 51092014
[2025-12-30 19:30:10] → Scraping 51130635
[2025-12-30 19:30:10] → Scraping 5593372
[2025-12-30 19:30:10] → Scraping 5500330
[2025-12-30 19:30:10] → Scraping 51068517
[2025-12-30 19:30:13] ✓ Saved 10 listings to CSV
[2025-12-30 19:30:13]   ✓ Batch: 10/10 saved
[2025-12-30 19:30:15] 
▶ Page 102
[2025-12-30 19:30:17] ✓ Found 30 listings
[2025-12-30 19:30:17] → Scraping 5598718
[2025-12-30 19:30:17] → Scraping 5522036
[2025-12-30 19:30:17] → Scraping 51079082
[2025-12-30 19:30:17] → Scraping 51126957
[2025-12-30 19:30:17] → Scraping 51020818
[2025-12-30 19:30:17] → Scraping 51007151
[2025-12-30 19:30:17] → Scraping 51066103
[2025-12-30 19:30:17] → Scraping 51002853
[2025-12-30 19:30:17] → Scraping 51020819
[2025-12-30 19:30:17] → Scraping 51020824
[2025-12-30 19:30:20] ✓ Saved 10 listings to CSV
[2025-12-30 19:30:20]   ✓ Batch: 10/10 saved
[2025-12-30 19:30:20] → Scraping 51020546
[2025-12-30 19:30:20] → Scraping 51004102
[2025-12-30 19:30:20] → Scraping 51001266
[2025-12-30 19:30:20] → Scraping 51006232
[2025-12-30 19:30:20] → Scraping 51001251
[2025-12-30 19:30:20] → Scraping 51005254
[2025-12-30 19:30:20] → Scraping 51041783
[2025-12-30 19:30:20] → Scraping 51004104
[2025-12-30 19:30:20] → Scraping 51001269
[2025-12-30 19:30:20] → Scraping 51002844
[2025-12-30 19:30:24] ✓ Saved 10 listings to CSV
[2025-12-30 19:30:24]   ✓ Batch: 10/10 saved
[2025-12-30 19:30:24] → Scraping 51005255
[2025-12-30 19:30:24] → Scraping 51003988
[2025-12-30 19:30:24] → Scraping 51003998
[2025-12-30 19:30:24] → Scraping 51002845
[2025-12-30 19:30:24] → Scraping 51001945
[2025-12-30 19:30:24] → Scraping 51002846
[2025-12-30 19:30:24] → Scraping 51007150
[2025-12-30 19:30:24] → Scraping 51121923
[2025-12-30 19:30:24] → Scraping 51086729
[2025-12-30 19:30:24] → Scraping 51130634
[2025-12-30 19:30:27] ✓ Saved 10 listings to CSV
[2025-12-30 19:30:27]   ✓ Batch: 10/10 saved
[2025-12-30 19:30:29] 
▶ Page 103
[2025-12-30 19:30:31] ✓ Found 30 listings
[2025-12-30 19:30:31] → Scraping 51130633
[2025-12-30 19:30:31] → Scraping 2638161
[2025-12-30 19:30:31] → Scraping 2638299
[2025-12-30 19:30:31] → Scraping 2638302
[2025-12-30 19:30:31] → Scraping 2638322
[2025-12-30 19:30:31] → Scraping 2638578
[2025-12-30 19:30:31] → Scraping 2635352
[2025-12-30 19:30:31] → Scraping 2635454
[2025-12-30 19:30:31] → Scraping 2635465
[2025-12-30 19:30:31] → Scraping 2635497
[2025-12-30 19:30:34] ✓ Saved 10 listings to CSV
[2025-12-30 19:30:34]   ✓ Batch: 10/10 saved
[2025-12-30 19:30:34] → Scraping 2635707
[2025-12-30 19:30:34] → Scraping 2637029
[2025-12-30 19:30:34] → Scraping 2636937
[2025-12-30 19:30:34] → Scraping 2636927
[2025-12-30 19:30:34] → Scraping 2636845
[2025-12-30 19:30:34] → Scraping 2636829
[2025-12-30 19:30:34] → Scraping 2635885
[2025-12-30 19:30:34] → Scraping 2625421
[2025-12-30 19:30:34] → Scraping 2625669
[2025-12-30 19:30:34] → Scraping 2625795
[2025-12-30 19:30:38] ✓ Saved 10 listings to CSV
[2025-12-30 19:30:38]   ✓ Batch: 10/10 saved
[2025-12-30 19:30:38] → Scraping 2632408
[2025-12-30 19:30:38] → Scraping 2632409
[2025-12-30 19:30:38] → Scraping 2632570
[2025-12-30 19:30:38] → Scraping 2632589
[2025-12-30 19:30:38] → Scraping 2629136
[2025-12-30 19:30:38] → Scraping 2630843
[2025-12-30 19:30:38] → Scraping 2627395
[2025-12-30 19:30:38] → Scraping 2627051
[2025-12-30 19:30:38] → Scraping 2592164
[2025-12-30 19:30:38] → Scraping 2592015
[2025-12-30 19:30:41] ✓ Saved 10 listings to CSV
[2025-12-30 19:30:41]   ✓ Batch: 10/10 saved
[2025-12-30 19:30:43] 
▶ Page 104
[2025-12-30 19:30:45] ✓ Found 30 listings
[2025-12-30 19:30:45] → Scraping 2592013
[2025-12-30 19:30:45] → Scraping 2634030
[2025-12-30 19:30:45] → Scraping 2633934
[2025-12-30 19:30:45] → Scraping 5980077
[2025-12-30 19:30:45] → Scraping 51127496
[2025-12-30 19:30:45] → Scraping 2640752
[2025-12-30 19:30:45] → Scraping 2640751
[2025-12-30 19:30:45] → Scraping 3239780
[2025-12-30 19:30:45] → Scraping 51130630
[2025-12-30 19:30:45] → Scraping 51130629
[2025-12-30 19:30:48] ✓ Saved 10 listings to CSV
[2025-12-30 19:30:48]   ✓ Batch: 10/10 saved
[2025-12-30 19:30:48] → Scraping 51130628
[2025-12-30 19:30:48] → Scraping 5996853
[2025-12-30 19:30:48] → Scraping 51056297
[2025-12-30 19:30:48] → Scraping 5997054
[2025-12-30 19:30:48] → Scraping 51056309
[2025-12-30 19:30:48] → Scraping 5997049
[2025-12-30 19:30:48] → Scraping 5997041
[2025-12-30 19:30:48] → Scraping 5996856
[2025-12-30 19:30:48] → Scraping 5997482
[2025-12-30 19:30:48] → Scraping 5997474
[2025-12-30 19:30:51] ✓ Saved 10 listings to CSV
[2025-12-30 19:30:51]   ✓ Batch: 10/10 saved
[2025-12-30 19:30:51] → Scraping 5997053
[2025-12-30 19:30:51] → Scraping 5996848
[2025-12-30 19:30:51] → Scraping 5997045
[2025-12-30 19:30:51] → Scraping 5997038
[2025-12-30 19:30:51] → Scraping 5997473
[2025-12-30 19:30:51] → Scraping 5996839
[2025-12-30 19:30:51] → Scraping 5996857
[2025-12-30 19:30:51] → Scraping 5997471
[2025-12-30 19:30:51] → Scraping 5997057
[2025-12-30 19:30:51] → Scraping 5997056
[2025-12-30 19:30:55] ✓ Saved 10 listings to CSV
[2025-12-30 19:30:55]   ✓ Batch: 10/10 saved
[2025-12-30 19:30:57] 
▶ Page 105
[2025-12-30 19:30:58] ✓ Found 30 listings
[2025-12-30 19:30:58] → Scraping 5996837
[2025-12-30 19:30:58] → Scraping 5996838
[2025-12-30 19:30:58] → Scraping 5996855
[2025-12-30 19:30:58] → Scraping 5997479
[2025-12-30 19:30:58] → Scraping 5996844
[2025-12-30 19:30:58] → Scraping 5997476
[2025-12-30 19:30:58] → Scraping 5997040
[2025-12-30 19:30:58] → Scraping 5997055
[2025-12-30 19:30:58] → Scraping 5996840
[2025-12-30 19:30:58] → Scraping 5997037
[2025-12-30 19:31:02] ✓ Saved 10 listings to CSV
[2025-12-30 19:31:02]   ✓ Batch: 10/10 saved
[2025-12-30 19:31:02] → Scraping 5997044
[2025-12-30 19:31:02] → Scraping 5526386
[2025-12-30 19:31:02] → Scraping 5996845
[2025-12-30 19:31:02] → Scraping 51085375
[2025-12-30 19:31:02] → Scraping 5997052
[2025-12-30 19:31:02] → Scraping 5996852
[2025-12-30 19:31:02] → Scraping 5996843
[2025-12-30 19:31:02] → Scraping 5496668
[2025-12-30 19:31:02] → Scraping 5982379
[2025-12-30 19:31:02] → Scraping 5517806
[2025-12-30 19:31:07] ✓ Saved 10 listings to CSV
[2025-12-30 19:31:07]   ✓ Batch: 10/10 saved
[2025-12-30 19:31:07] → Scraping 51130627
[2025-12-30 19:31:07] → Scraping 51123458
[2025-12-30 19:31:07] → Scraping 51117051
[2025-12-30 19:31:07] → Scraping 51130626
[2025-12-30 19:31:07] → Scraping 51130625
[2025-12-30 19:31:07] → Scraping 5983823
[2025-12-30 19:31:07] → Scraping 51130624
[2025-12-30 19:31:07] → Scraping 2640750
[2025-12-30 19:31:07] → Scraping 2504968
[2025-12-30 19:31:07] → Scraping 2516941
[2025-12-30 19:31:11] ✓ Saved 10 listings to CSV
[2025-12-30 19:31:11]   ✓ Batch: 10/10 saved
[2025-12-30 19:31:13] 
▶ Page 106
[2025-12-30 19:31:14] ✓ Found 30 listings
[2025-12-30 19:31:14] → Scraping 2164281
[2025-12-30 19:31:14] → Scraping 2513735
[2025-12-30 19:31:14] → Scraping 2513734
[2025-12-30 19:31:14] → Scraping 2520967
[2025-12-30 19:31:14] → Scraping 2524462
[2025-12-30 19:31:14] → Scraping 2308634
[2025-12-30 19:31:14] → Scraping 2540262
[2025-12-30 19:31:14] → Scraping 2531745
[2025-12-30 19:31:14] → Scraping 2303123
[2025-12-30 19:31:14] → Scraping 51130623
[2025-12-30 19:31:18] ✓ Saved 10 listings to CSV
[2025-12-30 19:31:18]   ✓ Batch: 10/10 saved
[2025-12-30 19:31:18] → Scraping 51052726
[2025-12-30 19:31:18] → Scraping 51031925
[2025-12-30 19:31:18] → Scraping 5233141
[2025-12-30 19:31:18] → Scraping 5953039
[2025-12-30 19:31:18] → Scraping 5953057
[2025-12-30 19:31:18] → Scraping 51046053
[2025-12-30 19:31:18] → Scraping 5953045
[2025-12-30 19:31:18] → Scraping 5325531
[2025-12-30 19:31:18] → Scraping 5953053
[2025-12-30 19:31:18] → Scraping 5953036
[2025-12-30 19:31:21] ✓ Saved 10 listings to CSV
[2025-12-30 19:31:21]   ✓ Batch: 10/10 saved
[2025-12-30 19:31:21] → Scraping 5953040
[2025-12-30 19:31:21] → Scraping 5399536
[2025-12-30 19:31:21] → Scraping 5583532
[2025-12-30 19:31:21] → Scraping 5228094
[2025-12-30 19:31:21] → Scraping 5598021
[2025-12-30 19:31:21] → Scraping 51102596
[2025-12-30 19:31:21] → Scraping 51102595
[2025-12-30 19:31:21] → Scraping 5552987
[2025-12-30 19:31:21] → Scraping 5279125
[2025-12-30 19:31:21] → Scraping 5315585
[2025-12-30 19:31:25] ✓ Saved 10 listings to CSV
[2025-12-30 19:31:25]   ✓ Batch: 10/10 saved
[2025-12-30 19:31:27] 
▶ Page 107
[2025-12-30 19:31:28] ✓ Found 30 listings
[2025-12-30 19:31:28] → Scraping 5275540
[2025-12-30 19:31:28] → Scraping 2640749
[2025-12-30 19:31:28] → Scraping 2640748
[2025-12-30 19:31:28] → Scraping 2640747
[2025-12-30 19:31:28] → Scraping 2640745
[2025-12-30 19:31:28] → Scraping 51130622
[2025-12-30 19:31:28] → Scraping 2640744
[2025-12-30 19:31:28] → Scraping 51127698
[2025-12-30 19:31:28] → Scraping 51130621
[2025-12-30 19:31:28] → Scraping 51121929
[2025-12-30 19:31:32] ✓ Saved 10 listings to CSV
[2025-12-30 19:31:32]   ✓ Batch: 10/10 saved
[2025-12-30 19:31:32] → Scraping 51113803
[2025-12-30 19:31:32] → Scraping 2640742
[2025-12-30 19:31:32] → Scraping 51130620
[2025-12-30 19:31:32] → Scraping 2640741
[2025-12-30 19:31:32] → Scraping 51124399
[2025-12-30 19:31:32] → Scraping 5932232
[2025-12-30 19:31:32] → Scraping 5912644
[2025-12-30 19:31:32] → Scraping 5804158
[2025-12-30 19:31:32] → Scraping 5778078
[2025-12-30 19:31:32] → Scraping 5828223
[2025-12-30 19:31:35] ✓ Saved 10 listings to CSV
[2025-12-30 19:31:35]   ✓ Batch: 10/10 saved
[2025-12-30 19:31:35] → Scraping 51116274
[2025-12-30 19:31:35] → Scraping 5794013
[2025-12-30 19:31:35] → Scraping 5935707
[2025-12-30 19:31:35] → Scraping 5794311
[2025-12-30 19:31:35] → Scraping 5827362
[2025-12-30 19:31:35] → Scraping 51130619
[2025-12-30 19:31:35] → Scraping 2640740
[2025-12-30 19:31:35] → Scraping 51130618
[2025-12-30 19:31:35] → Scraping 2640739
[2025-12-30 19:31:35] → Scraping 51130617
[2025-12-30 19:31:39] ✓ Saved 10 listings to CSV
[2025-12-30 19:31:39]   ✓ Batch: 10/10 saved
[2025-12-30 19:31:41] 
▶ Page 108
[2025-12-30 19:31:42] ✓ Found 30 listings
[2025-12-30 19:31:42] → Scraping 2640738
[2025-12-30 19:31:42] → Scraping 51130615
[2025-12-30 19:31:42] → Scraping 2640737
[2025-12-30 19:31:42] → Scraping 51117970
[2025-12-30 19:31:42] → Scraping 51130613
[2025-12-30 19:31:42] → Scraping 51130612
[2025-12-30 19:31:42] → Scraping 51130611
[2025-12-30 19:31:42] → Scraping 51130610
[2025-12-30 19:31:42] → Scraping 51084278
[2025-12-30 19:31:42] → Scraping 51130609
[2025-12-30 19:31:45] ✓ Saved 10 listings to CSV
[2025-12-30 19:31:45]   ✓ Batch: 10/10 saved
[2025-12-30 19:31:45] → Scraping 2640735
[2025-12-30 19:31:45] → Scraping 51130608
[2025-12-30 19:31:45] → Scraping 2640734
[2025-12-30 19:31:45] → Scraping 51077574
[2025-12-30 19:31:45] → Scraping 51117878
[2025-12-30 19:31:45] → Scraping 51130607
[2025-12-30 19:31:45] → Scraping 2640733
[2025-12-30 19:31:45] → Scraping 51130606
[2025-12-30 19:31:45] → Scraping 51130605
[2025-12-30 19:31:45] → Scraping 51130604
[2025-12-30 19:31:49] ✓ Saved 10 listings to CSV
[2025-12-30 19:31:49]   ✓ Batch: 10/10 saved
[2025-12-30 19:31:49] → Scraping 51130602
[2025-12-30 19:31:49] → Scraping 51130601
[2025-12-30 19:31:49] → Scraping 51130600
[2025-12-30 19:31:49] → Scraping 51130599
[2025-12-30 19:31:49] → Scraping 51130597
[2025-12-30 19:31:49] → Scraping 51130595
[2025-12-30 19:31:49] → Scraping 3239779
[2025-12-30 19:31:49] → Scraping 487192
[2025-12-30 19:31:49] → Scraping 2640731
[2025-12-30 19:31:49] → Scraping 2640730
[2025-12-30 19:31:52] ✓ Saved 10 listings to CSV
[2025-12-30 19:31:52]   ✓ Batch: 10/10 saved
[2025-12-30 19:31:54] 
▶ Page 109
[2025-12-30 19:31:55] ✓ Found 30 listings
[2025-12-30 19:31:55] → Scraping 51130593
[2025-12-30 19:31:55] → Scraping 5339041
[2025-12-30 19:31:55] → Scraping 2640728
[2025-12-30 19:31:55] → Scraping 5375069
[2025-12-30 19:31:55] → Scraping 5169507
[2025-12-30 19:31:55] → Scraping 51060990
[2025-12-30 19:31:55] → Scraping 5286354
[2025-12-30 19:31:55] → Scraping 5270512
[2025-12-30 19:31:55] → Scraping 51017388
[2025-12-30 19:31:55] → Scraping 5567728
[2025-12-30 19:31:59] ✓ Saved 10 listings to CSV
[2025-12-30 19:31:59]   ✓ Batch: 10/10 saved
[2025-12-30 19:31:59] → Scraping 5279134
[2025-12-30 19:31:59] → Scraping 51046052
[2025-12-30 19:31:59] → Scraping 51061020
[2025-12-30 19:31:59] → Scraping 5360885
[2025-12-30 19:31:59] → Scraping 51061021
[2025-12-30 19:31:59] → Scraping 5442371
[2025-12-30 19:31:59] → Scraping 5953059
[2025-12-30 19:31:59] → Scraping 5286618
[2025-12-30 19:31:59] → Scraping 5646024
[2025-12-30 19:31:59] → Scraping 5286617
[2025-12-30 19:32:03] ✓ Saved 10 listings to CSV
[2025-12-30 19:32:03]   ✓ Batch: 10/10 saved
[2025-12-30 19:32:03] → Scraping 5387564
[2025-12-30 19:32:03] → Scraping 5214194
[2025-12-30 19:32:03] → Scraping 5279147
[2025-12-30 19:32:03] → Scraping 51130591
[2025-12-30 19:32:03] → Scraping 5691757
[2025-12-30 19:32:03] → Scraping 5427810
[2025-12-30 19:32:03] → Scraping 51105991
[2025-12-30 19:32:03] → Scraping 5429307
[2025-12-30 19:32:03] → Scraping 5536252
[2025-12-30 19:32:03] → Scraping 51094165
[2025-12-30 19:32:06] ✓ Saved 10 listings to CSV
[2025-12-30 19:32:06]   ✓ Batch: 10/10 saved
[2025-12-30 19:32:08] 
▶ Page 110
[2025-12-30 19:32:10] ✓ Found 30 listings
[2025-12-30 19:32:10] → Scraping 51105547
[2025-12-30 19:32:10] → Scraping 5536956
[2025-12-30 19:32:10] → Scraping 51127341
[2025-12-30 19:32:10] → Scraping 5453264
[2025-12-30 19:32:10] → Scraping 51130590
[2025-12-30 19:32:10] → Scraping 51130589
[2025-12-30 19:32:10] → Scraping 51067689
[2025-12-30 19:32:10] → Scraping 51105553
[2025-12-30 19:32:10] → Scraping 51063803
[2025-12-30 19:32:10] → Scraping 51121943
[2025-12-30 19:32:13] ✓ Saved 10 listings to CSV
[2025-12-30 19:32:13]   ✓ Batch: 10/10 saved
[2025-12-30 19:32:13] → Scraping 51130588
[2025-12-30 19:32:13] → Scraping 51063800
[2025-12-30 19:32:13] → Scraping 5523918
[2025-12-30 19:32:13] → Scraping 51067688
[2025-12-30 19:32:13] → Scraping 51094175
[2025-12-30 19:32:13] → Scraping 51093093
[2025-12-30 19:32:13] → Scraping 51093091
[2025-12-30 19:32:13] → Scraping 51130587
[2025-12-30 19:32:13] → Scraping 51130586
[2025-12-30 19:32:13] → Scraping 51098425
[2025-12-30 19:32:16] ✓ Saved 10 listings to CSV
[2025-12-30 19:32:16]   ✓ Batch: 10/10 saved
[2025-12-30 19:32:16] → Scraping 51063531
[2025-12-30 19:32:16] → Scraping 51094176
[2025-12-30 19:32:16] → Scraping 5676794
[2025-12-30 19:32:16] → Scraping 51106453
[2025-12-30 19:32:16] → Scraping 51063527
[2025-12-30 19:32:16] → Scraping 51093089
[2025-12-30 19:32:16] → Scraping 51063799
[2025-12-30 19:32:16] → Scraping 51050751
[2025-12-30 19:32:16] → Scraping 51063526
[2025-12-30 19:32:16] → Scraping 2640727
[2025-12-30 19:32:20] ✓ Saved 10 listings to CSV
[2025-12-30 19:32:20]   ✓ Batch: 10/10 saved
[2025-12-30 19:32:22] 
▶ Page 111
[2025-12-30 19:32:23] ✓ Found 30 listings
[2025-12-30 19:32:23] → Scraping 51130585
[2025-12-30 19:32:23] → Scraping 2640726
[2025-12-30 19:32:23] → Scraping 51130584
[2025-12-30 19:32:23] → Scraping 51130583
[2025-12-30 19:32:23] → Scraping 51130582
[2025-12-30 19:32:23] → Scraping 51130581
[2025-12-30 19:32:23] → Scraping 51130580
[2025-12-30 19:32:23] → Scraping 51130579
[2025-12-30 19:32:23] → Scraping 51130578
[2025-12-30 19:32:23] → Scraping 51031671
[2025-12-30 19:32:26] ✓ Saved 10 listings to CSV
[2025-12-30 19:32:26]   ✓ Batch: 10/10 saved
[2025-12-30 19:32:26] → Scraping 51067701
[2025-12-30 19:32:26] → Scraping 51050190
[2025-12-30 19:32:26] → Scraping 51051959
[2025-12-30 19:32:26] → Scraping 51079292
[2025-12-30 19:32:26] → Scraping 51114137
[2025-12-30 19:32:26] → Scraping 51032433
[2025-12-30 19:32:26] → Scraping 51048420
[2025-12-30 19:32:26] → Scraping 51030318
[2025-12-30 19:32:26] → Scraping 51122997
[2025-12-30 19:32:26] → Scraping 51130577
[2025-12-30 19:32:30] ✓ Saved 10 listings to CSV
[2025-12-30 19:32:30]   ✓ Batch: 10/10 saved
[2025-12-30 19:32:30] → Scraping 51047508
[2025-12-30 19:32:30] → Scraping 51050552
[2025-12-30 19:32:30] → Scraping 51033516
[2025-12-30 19:32:30] → Scraping 51034808
[2025-12-30 19:32:30] → Scraping 51071074
[2025-12-30 19:32:30] → Scraping 51130576
[2025-12-30 19:32:30] → Scraping 51130575
[2025-12-30 19:32:30] → Scraping 51130574
[2025-12-30 19:32:30] → Scraping 51130573
[2025-12-30 19:32:30] → Scraping 51099034
[2025-12-30 19:32:33] ✓ Saved 10 listings to CSV
[2025-12-30 19:32:33]   ✓ Batch: 10/10 saved
[2025-12-30 19:32:35] 
▶ Page 112
[2025-12-30 19:32:36] ✓ Found 30 listings
[2025-12-30 19:32:36] → Scraping 51130569
[2025-12-30 19:32:36] → Scraping 51130568
[2025-12-30 19:32:36] → Scraping 2640723
[2025-12-30 19:32:36] → Scraping 2640722
[2025-12-30 19:32:36] → Scraping 51130565
[2025-12-30 19:32:36] → Scraping 2640721
[2025-12-30 19:32:36] → Scraping 51130564
[2025-12-30 19:32:36] → Scraping 2640719
[2025-12-30 19:32:36] → Scraping 51130563
[2025-12-30 19:32:36] → Scraping 2640718
[2025-12-30 19:32:40] ✓ Saved 10 listings to CSV
[2025-12-30 19:32:40]   ✓ Batch: 10/10 saved
[2025-12-30 19:32:40] → Scraping 51130562
[2025-12-30 19:32:40] → Scraping 51130561
[2025-12-30 19:32:40] → Scraping 2640717
[2025-12-30 19:32:40] → Scraping 51130560
[2025-12-30 19:32:40] → Scraping 2640716
[2025-12-30 19:32:40] → Scraping 51130559
[2025-12-30 19:32:40] → Scraping 51130558
[2025-12-30 19:32:40] → Scraping 2636174
[2025-12-30 19:32:40] → Scraping 2640714
[2025-12-30 19:32:40] → Scraping 51130556
[2025-12-30 19:32:43] ✓ Saved 10 listings to CSV
[2025-12-30 19:32:43]   ✓ Batch: 10/10 saved
[2025-12-30 19:32:43] → Scraping 51114140
[2025-12-30 19:32:43] → Scraping 51111696
[2025-12-30 19:32:43] → Scraping 51111695
[2025-12-30 19:32:43] → Scraping 51111697
[2025-12-30 19:32:43] → Scraping 51108823
[2025-12-30 19:32:43] → Scraping 51108824
[2025-12-30 19:32:43] → Scraping 51108825
[2025-12-30 19:32:43] → Scraping 51108826
[2025-12-30 19:32:43] → Scraping 51114131
[2025-12-30 19:32:43] → Scraping 51108827
[2025-12-30 19:32:47] ✓ Saved 10 listings to CSV
[2025-12-30 19:32:47]   ✓ Batch: 10/10 saved
[2025-12-30 19:32:49] 
▶ Page 113
[2025-12-30 19:32:52] ✓ Found 30 listings
[2025-12-30 19:32:52] → Scraping 2628184
[2025-12-30 19:32:52] → Scraping 2637561
[2025-12-30 19:32:52] → Scraping 2640713
[2025-12-30 19:32:52] → Scraping 2640712
[2025-12-30 19:32:52] → Scraping 51126678
[2025-12-30 19:32:52] → Scraping 51129526
[2025-12-30 19:32:52] → Scraping 51130555
[2025-12-30 19:32:52] → Scraping 5380782
[2025-12-30 19:32:52] → Scraping 51127604
[2025-12-30 19:32:52] → Scraping 51124624
[2025-12-30 19:32:55] ✓ Saved 10 listings to CSV
[2025-12-30 19:32:55]   ✓ Batch: 10/10 saved
[2025-12-30 19:32:55] → Scraping 51130554
[2025-12-30 19:32:55] → Scraping 51119583
[2025-12-30 19:32:55] → Scraping 51127450
[2025-12-30 19:32:55] → Scraping 51127527
[2025-12-30 19:32:55] → Scraping 2637208
[2025-12-30 19:32:55] → Scraping 51084452
[2025-12-30 19:32:55] → Scraping 51124667
[2025-12-30 19:32:55] → Scraping 51121914
[2025-12-30 19:32:55] → Scraping 3239413
[2025-12-30 19:32:55] → Scraping 2640711
[2025-12-30 19:32:58] ✓ Saved 10 listings to CSV
[2025-12-30 19:32:58]   ✓ Batch: 10/10 saved
[2025-12-30 19:32:58] → Scraping 51071862
[2025-12-30 19:32:58] → Scraping 51071847
[2025-12-30 19:32:58] → Scraping 51071861
[2025-12-30 19:32:58] → Scraping 51071867
[2025-12-30 19:32:58] → Scraping 51071863
[2025-12-30 19:32:58] → Scraping 51071866
[2025-12-30 19:32:58] → Scraping 51072150
[2025-12-30 19:32:58] → Scraping 51072154
[2025-12-30 19:32:58] → Scraping 51127626
[2025-12-30 19:32:58] → Scraping 51118356
[2025-12-30 19:33:02] ✓ Saved 10 listings to CSV
[2025-12-30 19:33:02]   ✓ Batch: 10/10 saved
[2025-12-30 19:33:04] 
▶ Page 114
[2025-12-30 19:33:05] ✓ Found 30 listings
[2025-12-30 19:33:05] → Scraping 51126746
[2025-12-30 19:33:05] → Scraping 51126748
[2025-12-30 19:33:05] → Scraping 51126752
[2025-12-30 19:33:05] → Scraping 51126753
[2025-12-30 19:33:05] → Scraping 51083337
[2025-12-30 19:33:05] → Scraping 51006760
[2025-12-30 19:33:05] → Scraping 51051582
[2025-12-30 19:33:05] → Scraping 51107226
[2025-12-30 19:33:05] → Scraping 51065368
[2025-12-30 19:33:05] → Scraping 3237890
[2025-12-30 19:33:09] ✓ Saved 10 listings to CSV
[2025-12-30 19:33:09]   ✓ Batch: 10/10 saved
[2025-12-30 19:33:09] → Scraping 51124070
[2025-12-30 19:33:09] → Scraping 2640709
[2025-12-30 19:33:09] → Scraping 51130551
[2025-12-30 19:33:09] → Scraping 51130550
[2025-12-30 19:33:09] → Scraping 51130549
[2025-12-30 19:33:09] → Scraping 51130547
[2025-12-30 19:33:09] → Scraping 2640707
[2025-12-30 19:33:09] → Scraping 487191
[2025-12-30 19:33:09] → Scraping 51130546
[2025-12-30 19:33:09] → Scraping 51130545
[2025-12-30 19:33:12] ✓ Saved 10 listings to CSV
[2025-12-30 19:33:12]   ✓ Batch: 10/10 saved
[2025-12-30 19:33:12] → Scraping 2640705
[2025-12-30 19:33:12] → Scraping 51130544
[2025-12-30 19:33:12] → Scraping 51130543
[2025-12-30 19:33:12] → Scraping 51127591
[2025-12-30 19:33:12] → Scraping 51127615
[2025-12-30 19:33:12] → Scraping 51127616
[2025-12-30 19:33:12] → Scraping 51130541
[2025-12-30 19:33:12] → Scraping 2640704
[2025-12-30 19:33:12] → Scraping 51130540
[2025-12-30 19:33:12] → Scraping 51130538
[2025-12-30 19:33:15] ✓ Saved 10 listings to CSV
[2025-12-30 19:33:15]   ✓ Batch: 10/10 saved
[2025-12-30 19:33:17] 
▶ Page 115
[2025-12-30 19:33:19] ✓ Found 30 listings
[2025-12-30 19:33:19] → Scraping 51130537
[2025-12-30 19:33:19] → Scraping 51130536
[2025-12-30 19:33:19] → Scraping 51130535
[2025-12-30 19:33:19] → Scraping 51130534
[2025-12-30 19:33:19] → Scraping 51130532
[2025-12-30 19:33:19] → Scraping 51130530
[2025-12-30 19:33:19] → Scraping 51130527
[2025-12-30 19:33:19] → Scraping 2640701
[2025-12-30 19:33:19] → Scraping 51118698
[2025-12-30 19:33:19] → Scraping 2640699
[2025-12-30 19:33:22] ✓ Saved 10 listings to CSV
[2025-12-30 19:33:22]   ✓ Batch: 10/10 saved
[2025-12-30 19:33:22] → Scraping 51099458
[2025-12-30 19:33:22] → Scraping 51127245
[2025-12-30 19:33:22] → Scraping 51127262
[2025-12-30 19:33:22] → Scraping 51127263
[2025-12-30 19:33:22] → Scraping 51127264
[2025-12-30 19:33:22] → Scraping 51127490
[2025-12-30 19:33:22] → Scraping 51127491
[2025-12-30 19:33:22] → Scraping 51130526
[2025-12-30 19:33:22] → Scraping 51130525
[2025-12-30 19:33:22] → Scraping 2640698
[2025-12-30 19:33:26] ✓ Saved 10 listings to CSV
[2025-12-30 19:33:26]   ✓ Batch: 10/10 saved
[2025-12-30 19:33:26] → Scraping 51087563
[2025-12-30 19:33:26] → Scraping 2633110
[2025-12-30 19:33:26] → Scraping 2635473
[2025-12-30 19:33:26] → Scraping 2636790
[2025-12-30 19:33:26] → Scraping 2636654
[2025-12-30 19:33:26] → Scraping 2636570
[2025-12-30 19:33:26] → Scraping 2636093
[2025-12-30 19:33:26] → Scraping 2635678
[2025-12-30 19:33:26] → Scraping 2640697
[2025-12-30 19:33:26] → Scraping 51130523
[2025-12-30 19:33:29] ✓ Saved 10 listings to CSV
[2025-12-30 19:33:29]   ✓ Batch: 10/10 saved
[2025-12-30 19:33:31] 
▶ Page 116
[2025-12-30 19:33:33] ✓ Found 30 listings
[2025-12-30 19:33:33] → Scraping 51130522
[2025-12-30 19:33:33] → Scraping 51130521
[2025-12-30 19:33:33] → Scraping 2640696
[2025-12-30 19:33:33] → Scraping 51130520
[2025-12-30 19:33:33] → Scraping 2640695
[2025-12-30 19:33:33] → Scraping 2640694
[2025-12-30 19:33:33] → Scraping 2640693
[2025-12-30 19:33:33] → Scraping 2640692
[2025-12-30 19:33:33] → Scraping 51130519
[2025-12-30 19:33:33] → Scraping 51130518
[2025-12-30 19:33:37] ✓ Saved 10 listings to CSV
[2025-12-30 19:33:37]   ✓ Batch: 10/10 saved
[2025-12-30 19:33:37] → Scraping 51130517
[2025-12-30 19:33:37] → Scraping 2640690
[2025-12-30 19:33:37] → Scraping 51130516
[2025-12-30 19:33:37] → Scraping 2640689
[2025-12-30 19:33:37] → Scraping 2640688
[2025-12-30 19:33:37] → Scraping 2640687
[2025-12-30 19:33:37] → Scraping 2640686
[2025-12-30 19:33:37] → Scraping 51130515
[2025-12-30 19:33:37] → Scraping 51085998
[2025-12-30 19:33:37] → Scraping 51126192
[2025-12-30 19:33:41] ✓ Saved 10 listings to CSV
[2025-12-30 19:33:41]   ✓ Batch: 10/10 saved
[2025-12-30 19:33:41] → Scraping 51126358
[2025-12-30 19:33:41] → Scraping 51130514
[2025-12-30 19:33:41] → Scraping 51068320
[2025-12-30 19:33:41] → Scraping 5866959
[2025-12-30 19:33:41] → Scraping 5490133
[2025-12-30 19:33:41] → Scraping 5492782
[2025-12-30 19:33:41] → Scraping 5474564
[2025-12-30 19:33:41] → Scraping 5533462
[2025-12-30 19:33:41] → Scraping 5503461
[2025-12-30 19:33:41] → Scraping 51130513
[2025-12-30 19:33:44] ✓ Saved 10 listings to CSV
[2025-12-30 19:33:44]   ✓ Batch: 10/10 saved
[2025-12-30 19:33:46] 
▶ Page 117
[2025-12-30 19:33:48] ✓ Found 30 listings
[2025-12-30 19:33:48] → Scraping 2640685
[2025-12-30 19:33:48] → Scraping 51130512
[2025-12-30 19:33:48] → Scraping 51130511
[2025-12-30 19:33:48] → Scraping 2640683
[2025-12-30 19:33:48] → Scraping 2640682
[2025-12-30 19:33:48] → Scraping 51130510
[2025-12-30 19:33:48] → Scraping 51061760
[2025-12-30 19:33:48] → Scraping 51045185
[2025-12-30 19:33:48] → Scraping 51050261
[2025-12-30 19:33:48] → Scraping 51061849
[2025-12-30 19:33:52] ✓ Saved 10 listings to CSV
[2025-12-30 19:33:52]   ✓ Batch: 10/10 saved
[2025-12-30 19:33:52] → Scraping 51045811
[2025-12-30 19:33:52] → Scraping 51130509
[2025-12-30 19:33:52] → Scraping 51130508
[2025-12-30 19:33:52] → Scraping 51130507
[2025-12-30 19:33:52] → Scraping 2640681
[2025-12-30 19:33:52] → Scraping 51130506
[2025-12-30 19:33:52] → Scraping 51130505
[2025-12-30 19:33:52] → Scraping 51130504
[2025-12-30 19:33:52] → Scraping 51130503
[2025-12-30 19:33:52] → Scraping 51130500
[2025-12-30 19:33:55] ✓ Saved 10 listings to CSV
[2025-12-30 19:33:55]   ✓ Batch: 10/10 saved
[2025-12-30 19:33:55] → Scraping 2640680
[2025-12-30 19:33:55] → Scraping 51130499
[2025-12-30 19:33:55] → Scraping 51130497
[2025-12-30 19:33:55] → Scraping 3239778
[2025-12-30 19:33:55] → Scraping 51130496
[2025-12-30 19:33:55] → Scraping 51130495
[2025-12-30 19:33:55] → Scraping 51130494
[2025-12-30 19:33:55] → Scraping 51130493
[2025-12-30 19:33:55] → Scraping 51130491
[2025-12-30 19:33:55] → Scraping 51127095
[2025-12-30 19:33:59] ✓ Saved 10 listings to CSV
[2025-12-30 19:33:59]   ✓ Batch: 10/10 saved
[2025-12-30 19:34:01] 
▶ Page 118
[2025-12-30 19:34:02] ✓ Found 30 listings
[2025-12-30 19:34:02] → Scraping 51130489
[2025-12-30 19:34:02] → Scraping 2640679
[2025-12-30 19:34:02] → Scraping 51130488
[2025-12-30 19:34:02] → Scraping 51130487
[2025-12-30 19:34:02] → Scraping 2640678
[2025-12-30 19:34:02] → Scraping 2640677
[2025-12-30 19:34:02] → Scraping 486842
[2025-12-30 19:34:02] → Scraping 51130486
[2025-12-30 19:34:02] → Scraping 2640676
[2025-12-30 19:34:02] → Scraping 2640675
[2025-12-30 19:34:06] ✓ Saved 10 listings to CSV
[2025-12-30 19:34:06]   ✓ Batch: 10/10 saved
[2025-12-30 19:34:06] → Scraping 51130485
[2025-12-30 19:34:06] → Scraping 51063003
[2025-12-30 19:34:06] → Scraping 5895869
[2025-12-30 19:34:06] → Scraping 51130484
[2025-12-30 19:34:06] → Scraping 5895873
[2025-12-30 19:34:06] → Scraping 5896387
[2025-12-30 19:34:06] → Scraping 5951326
[2025-12-30 19:34:06] → Scraping 5954880
[2025-12-30 19:34:06] → Scraping 5850264
[2025-12-30 19:34:06] → Scraping 5850602
[2025-12-30 19:34:09] ✓ Saved 10 listings to CSV
[2025-12-30 19:34:09]   ✓ Batch: 10/10 saved
[2025-12-30 19:34:09] → Scraping 5881127
[2025-12-30 19:34:09] → Scraping 51000044
[2025-12-30 19:34:09] → Scraping 5944948
[2025-12-30 19:34:09] → Scraping 5953427
[2025-12-30 19:34:09] → Scraping 51001951
[2025-12-30 19:34:09] → Scraping 5941847
[2025-12-30 19:34:09] → Scraping 5959570
[2025-12-30 19:34:09] → Scraping 51094156
[2025-12-30 19:34:09] → Scraping 5535075
[2025-12-30 19:34:09] → Scraping 5874969
[2025-12-30 19:34:13] ✓ Saved 10 listings to CSV
[2025-12-30 19:34:13]   ✓ Batch: 10/10 saved
[2025-12-30 19:34:15] 
▶ Page 119
[2025-12-30 19:34:16] ✓ Found 30 listings
[2025-12-30 19:34:16] → Scraping 5875026
[2025-12-30 19:34:16] → Scraping 5893817
[2025-12-30 19:34:16] → Scraping 51099566
[2025-12-30 19:34:16] → Scraping 51087865
[2025-12-30 19:34:16] → Scraping 51087507
[2025-12-30 19:34:16] → Scraping 2640674
[2025-12-30 19:34:16] → Scraping 51093749
[2025-12-30 19:34:16] → Scraping 51043170
[2025-12-30 19:34:16] → Scraping 5873740
[2025-12-30 19:34:16] → Scraping 5887364
[2025-12-30 19:34:20] ✓ Saved 10 listings to CSV
[2025-12-30 19:34:20]   ✓ Batch: 10/10 saved
[2025-12-30 19:34:20] → Scraping 5907142
[2025-12-30 19:34:20] → Scraping 51043169
[2025-12-30 19:34:20] → Scraping 51051891
[2025-12-30 19:34:20] → Scraping 51051892
[2025-12-30 19:34:20] → Scraping 51055220
[2025-12-30 19:34:20] → Scraping 51086958
[2025-12-30 19:34:20] → Scraping 51102939
[2025-12-30 19:34:20] → Scraping 51110578
[2025-12-30 19:34:20] → Scraping 51111420
[2025-12-30 19:34:20] → Scraping 51111605
[2025-12-30 19:34:23] ✓ Saved 10 listings to CSV
[2025-12-30 19:34:23]   ✓ Batch: 10/10 saved
[2025-12-30 19:34:23] → Scraping 5849509
[2025-12-30 19:34:23] → Scraping 5850457
[2025-12-30 19:34:23] → Scraping 51130481
[2025-12-30 19:34:23] → Scraping 5816668
[2025-12-30 19:34:23] → Scraping 5849510
[2025-12-30 19:34:23] → Scraping 5849529
[2025-12-30 19:34:23] → Scraping 5850246
[2025-12-30 19:34:23] → Scraping 5871280
[2025-12-30 19:34:23] → Scraping 5900399
[2025-12-30 19:34:23] → Scraping 5931376
[2025-12-30 19:34:27] ✓ Saved 10 listings to CSV
[2025-12-30 19:34:27]   ✓ Batch: 10/10 saved
[2025-12-30 19:34:29] 
▶ Page 120
[2025-12-30 19:34:30] ✓ Found 30 listings
[2025-12-30 19:34:30] → Scraping 5975455
[2025-12-30 19:34:30] → Scraping 51130480
[2025-12-30 19:34:30] → Scraping 5977839
[2025-12-30 19:34:30] → Scraping 51130479
[2025-12-30 19:34:30] → Scraping 5996115
[2025-12-30 19:34:30] → Scraping 5996116
[2025-12-30 19:34:30] → Scraping 51025575
[2025-12-30 19:34:30] → Scraping 51029929
[2025-12-30 19:34:30] → Scraping 51063774
[2025-12-30 19:34:30] → Scraping 5996113
[2025-12-30 19:34:33] ✓ Saved 10 listings to CSV
[2025-12-30 19:34:33]   ✓ Batch: 10/10 saved
[2025-12-30 19:34:33] → Scraping 5815662
[2025-12-30 19:34:33] → Scraping 5824985
[2025-12-30 19:34:33] → Scraping 5804712
[2025-12-30 19:34:33] → Scraping 5811228
[2025-12-30 19:34:33] → Scraping 5815635
[2025-12-30 19:34:33] → Scraping 5815670
[2025-12-30 19:34:33] → Scraping 5816079
[2025-12-30 19:34:33] → Scraping 5816664
[2025-12-30 19:34:33] → Scraping 5826724
[2025-12-30 19:34:33] → Scraping 5850458
[2025-12-30 19:34:37] ✓ Saved 10 listings to CSV
[2025-12-30 19:34:37]   ✓ Batch: 10/10 saved
[2025-12-30 19:34:37] → Scraping 5851810
[2025-12-30 19:34:37] → Scraping 5977841
[2025-12-30 19:34:37] → Scraping 5996114
[2025-12-30 19:34:37] → Scraping 51041534
[2025-12-30 19:34:37] → Scraping 51130478
[2025-12-30 19:34:37] → Scraping 5849531
[2025-12-30 19:34:37] → Scraping 5814774
[2025-12-30 19:34:37] → Scraping 5849533
[2025-12-30 19:34:37] → Scraping 5939629
[2025-12-30 19:34:37] → Scraping 5941824
[2025-12-30 19:34:41] ✓ Saved 10 listings to CSV
[2025-12-30 19:34:41]   ✓ Batch: 10/10 saved
[2025-12-30 19:34:43] 
▶ Page 121
[2025-12-30 19:34:44] ✓ Found 30 listings
[2025-12-30 19:34:44] → Scraping 51037071
[2025-12-30 19:34:44] → Scraping 5877595
[2025-12-30 19:34:44] → Scraping 5803334
[2025-12-30 19:34:44] → Scraping 5811171
[2025-12-30 19:34:44] → Scraping 51130477
[2025-12-30 19:34:44] → Scraping 51130476
[2025-12-30 19:34:44] → Scraping 51076970
[2025-12-30 19:34:44] → Scraping 51076969
[2025-12-30 19:34:44] → Scraping 51089364
[2025-12-30 19:34:44] → Scraping 5802984
[2025-12-30 19:34:48] ✓ Saved 10 listings to CSV
[2025-12-30 19:34:48]   ✓ Batch: 10/10 saved
[2025-12-30 19:34:48] → Scraping 5803399
[2025-12-30 19:34:48] → Scraping 5814694
[2025-12-30 19:34:48] → Scraping 5815645
[2025-12-30 19:34:48] → Scraping 5818704
[2025-12-30 19:34:48] → Scraping 51130475
[2025-12-30 19:34:48] → Scraping 5820294
[2025-12-30 19:34:48] → Scraping 5874293
[2025-12-30 19:34:48] → Scraping 5890519
[2025-12-30 19:34:48] → Scraping 5892603
[2025-12-30 19:34:48] → Scraping 5504010
[2025-12-30 19:34:52] ✓ Saved 10 listings to CSV
[2025-12-30 19:34:52]   ✓ Batch: 10/10 saved
[2025-12-30 19:34:52] → Scraping 51088259
[2025-12-30 19:34:52] → Scraping 51063533
[2025-12-30 19:34:52] → Scraping 2640673
[2025-12-30 19:34:52] → Scraping 51130474
[2025-12-30 19:34:52] → Scraping 51130473
[2025-12-30 19:34:52] → Scraping 51106536
[2025-12-30 19:34:52] → Scraping 5594451
[2025-12-30 19:34:52] → Scraping 51127083
[2025-12-30 19:34:52] → Scraping 5522273
[2025-12-30 19:34:52] → Scraping 5526426
[2025-12-30 19:34:55] ✓ Saved 10 listings to CSV
[2025-12-30 19:34:55]   ✓ Batch: 10/10 saved
[2025-12-30 19:34:57] 
▶ Page 122
[2025-12-30 19:34:58] ✓ Found 30 listings
[2025-12-30 19:34:58] → Scraping 5517245
[2025-12-30 19:34:58] → Scraping 5491366
[2025-12-30 19:34:58] → Scraping 5513379
[2025-12-30 19:34:58] → Scraping 51122197
[2025-12-30 19:34:58] → Scraping 51130471
[2025-12-30 19:34:58] → Scraping 51130470
[2025-12-30 19:34:58] → Scraping 51127568
[2025-12-30 19:34:58] → Scraping 51127571
[2025-12-30 19:34:58] → Scraping 2639066
[2025-12-30 19:34:58] → Scraping 51130469
[2025-12-30 19:35:03] ✓ Saved 10 listings to CSV
[2025-12-30 19:35:03]   ✓ Batch: 10/10 saved
[2025-12-30 19:35:03] → Scraping 51122234
[2025-12-30 19:35:03] → Scraping 487065
[2025-12-30 19:35:03] → Scraping 487136
[2025-12-30 19:35:03] → Scraping 51044302
[2025-12-30 19:35:03] → Scraping 51130468
[2025-12-30 19:35:03] → Scraping 51091353
[2025-12-30 19:35:03] → Scraping 51130466
[2025-12-30 19:35:03] → Scraping 51130465
[2025-12-30 19:35:03] → Scraping 51130464
[2025-12-30 19:35:03] → Scraping 51130463
[2025-12-30 19:35:07] ✓ Saved 10 listings to CSV
[2025-12-30 19:35:07]   ✓ Batch: 10/10 saved
[2025-12-30 19:35:07] → Scraping 5705954
[2025-12-30 19:35:07] → Scraping 51126052
[2025-12-30 19:35:07] → Scraping 51126233
[2025-12-30 19:35:07] → Scraping 51126234
[2025-12-30 19:35:07] → Scraping 51126361
[2025-12-30 19:35:07] → Scraping 51126362
[2025-12-30 19:35:07] → Scraping 51126366
[2025-12-30 19:35:07] → Scraping 51126370
[2025-12-30 19:35:07] → Scraping 51126371
[2025-12-30 19:35:07] → Scraping 51126372
[2025-12-30 19:35:10] ✓ Saved 10 listings to CSV
[2025-12-30 19:35:10]   ✓ Batch: 10/10 saved
[2025-12-30 19:35:12] 
▶ Page 123
[2025-12-30 19:35:14] ✓ Found 30 listings
[2025-12-30 19:35:14] → Scraping 51126375
[2025-12-30 19:35:14] → Scraping 51126376
[2025-12-30 19:35:14] → Scraping 51126521
[2025-12-30 19:35:14] → Scraping 51126523
[2025-12-30 19:35:14] → Scraping 51126524
[2025-12-30 19:35:14] → Scraping 51126526
[2025-12-30 19:35:14] → Scraping 51126527
[2025-12-30 19:35:14] → Scraping 51126528
[2025-12-30 19:35:14] → Scraping 51126531
[2025-12-30 19:35:14] → Scraping 5848212
[2025-12-30 19:35:17] ✓ Saved 10 listings to CSV
[2025-12-30 19:35:17]   ✓ Batch: 10/10 saved
[2025-12-30 19:35:17] → Scraping 51126540
[2025-12-30 19:35:17] → Scraping 51126542
[2025-12-30 19:35:17] → Scraping 5884739
[2025-12-30 19:35:17] → Scraping 5876135
[2025-12-30 19:35:17] → Scraping 5528916
[2025-12-30 19:35:17] → Scraping 5775325
[2025-12-30 19:35:17] → Scraping 5539617
[2025-12-30 19:35:17] → Scraping 5756489
[2025-12-30 19:35:17] → Scraping 5904451
[2025-12-30 19:35:17] → Scraping 5795502
[2025-12-30 19:35:21] ✓ Saved 10 listings to CSV
[2025-12-30 19:35:21]   ✓ Batch: 10/10 saved
[2025-12-30 19:35:21] → Scraping 5886239
[2025-12-30 19:35:21] → Scraping 5701061
[2025-12-30 19:35:21] → Scraping 5528913
[2025-12-30 19:35:21] → Scraping 5904240
[2025-12-30 19:35:21] → Scraping 5958292
[2025-12-30 19:35:21] → Scraping 51080003
[2025-12-30 19:35:21] → Scraping 5765293
[2025-12-30 19:35:21] → Scraping 5792824
[2025-12-30 19:35:21] → Scraping 5543613
[2025-12-30 19:35:21] → Scraping 5956730
[2025-12-30 19:35:25] ✓ Saved 10 listings to CSV
[2025-12-30 19:35:25]   ✓ Batch: 10/10 saved
[2025-12-30 19:35:27] 
▶ Page 124
[2025-12-30 19:35:28] ✓ Found 30 listings
[2025-12-30 19:35:28] → Scraping 51057602
[2025-12-30 19:35:28] → Scraping 51026211
[2025-12-30 19:35:28] → Scraping 5774970
[2025-12-30 19:35:28] → Scraping 5700584
[2025-12-30 19:35:28] → Scraping 5638295
[2025-12-30 19:35:28] → Scraping 51098406
[2025-12-30 19:35:28] → Scraping 5765289
[2025-12-30 19:35:28] → Scraping 5793059
[2025-12-30 19:35:28] → Scraping 51088019
[2025-12-30 19:35:28] → Scraping 5700689
[2025-12-30 19:35:32] ✓ Saved 10 listings to CSV
[2025-12-30 19:35:32]   ✓ Batch: 10/10 saved
[2025-12-30 19:35:32] → Scraping 5958294
[2025-12-30 19:35:32] → Scraping 5956613
[2025-12-30 19:35:32] → Scraping 5447989
[2025-12-30 19:35:32] → Scraping 5875652
[2025-12-30 19:35:32] → Scraping 5886946
[2025-12-30 19:35:32] → Scraping 5876133
[2025-12-30 19:35:32] → Scraping 51098705
[2025-12-30 19:35:32] → Scraping 51057456
[2025-12-30 19:35:32] → Scraping 5956600
[2025-12-30 19:35:32] → Scraping 5756506
[2025-12-30 19:35:36] ✓ Saved 10 listings to CSV
[2025-12-30 19:35:36]   ✓ Batch: 10/10 saved
[2025-12-30 19:35:36] → Scraping 5620425
[2025-12-30 19:35:36] → Scraping 5814458
[2025-12-30 19:35:36] → Scraping 5528744
[2025-12-30 19:35:36] → Scraping 5902976
[2025-12-30 19:35:36] → Scraping 5774972
[2025-12-30 19:35:36] → Scraping 51098408
[2025-12-30 19:35:36] → Scraping 51098405
[2025-12-30 19:35:36] → Scraping 5572289
[2025-12-30 19:35:36] → Scraping 5957932
[2025-12-30 19:35:36] → Scraping 51057598
[2025-12-30 19:35:40] ✓ Saved 10 listings to CSV
[2025-12-30 19:35:40]   ✓ Batch: 10/10 saved
[2025-12-30 19:35:42] 
▶ Page 125
[2025-12-30 19:35:43] ✓ Found 30 listings
[2025-12-30 19:35:43] → Scraping 5701053
[2025-12-30 19:35:43] → Scraping 5602120
[2025-12-30 19:35:43] → Scraping 51057599
[2025-12-30 19:35:43] → Scraping 5757706
[2025-12-30 19:35:43] → Scraping 51047379
[2025-12-30 19:35:43] → Scraping 51083828
[2025-12-30 19:35:43] → Scraping 5795499
[2025-12-30 19:35:43] → Scraping 5539605
[2025-12-30 19:35:43] → Scraping 5848218
[2025-12-30 19:35:43] → Scraping 5602132
[2025-12-30 19:35:47] ✓ Saved 10 listings to CSV
[2025-12-30 19:35:47]   ✓ Batch: 10/10 saved
[2025-12-30 19:35:47] → Scraping 51057606
[2025-12-30 19:35:47] → Scraping 51047378
[2025-12-30 19:35:47] → Scraping 5766966
[2025-12-30 19:35:47] → Scraping 5774976
[2025-12-30 19:35:47] → Scraping 51057457
[2025-12-30 19:35:47] → Scraping 5700395
[2025-12-30 19:35:47] → Scraping 5875201
[2025-12-30 19:35:47] → Scraping 5635439
[2025-12-30 19:35:47] → Scraping 51080439
[2025-12-30 19:35:47] → Scraping 51057603
[2025-12-30 19:35:51] ✓ Saved 10 listings to CSV
[2025-12-30 19:35:51]   ✓ Batch: 10/10 saved
[2025-12-30 19:35:51] → Scraping 5713367
[2025-12-30 19:35:51] → Scraping 5875202
[2025-12-30 19:35:51] → Scraping 5816246
[2025-12-30 19:35:51] → Scraping 5886204
[2025-12-30 19:35:51] → Scraping 5793110
[2025-12-30 19:35:51] → Scraping 51088021
[2025-12-30 19:35:51] → Scraping 5766980
[2025-12-30 19:35:51] → Scraping 5904449
[2025-12-30 19:35:51] → Scraping 5886973
[2025-12-30 19:35:51] → Scraping 5451797
[2025-12-30 19:35:54] ✓ Saved 10 listings to CSV
[2025-12-30 19:35:54]   ✓ Batch: 10/10 saved
[2025-12-30 19:35:56] 
▶ Page 126
[2025-12-30 19:35:58] ✓ Found 30 listings
[2025-12-30 19:35:58] → Scraping 5701058
[2025-12-30 19:35:58] → Scraping 51026210
[2025-12-30 19:35:58] → Scraping 5539616
[2025-12-30 19:35:58] → Scraping 5767263
[2025-12-30 19:35:58] → Scraping 5875654
[2025-12-30 19:35:58] → Scraping 51057557
[2025-12-30 19:35:58] → Scraping 51080441
[2025-12-30 19:35:58] → Scraping 5956624
[2025-12-30 19:35:58] → Scraping 51057605
[2025-12-30 19:35:58] → Scraping 5774975
[2025-12-30 19:36:01] ✓ Saved 10 listings to CSV
[2025-12-30 19:36:01]   ✓ Batch: 10/10 saved
[2025-12-30 19:36:01] → Scraping 5768886
[2025-12-30 19:36:01] → Scraping 5514034
[2025-12-30 19:36:01] → Scraping 51039784
[2025-12-30 19:36:01] → Scraping 5703382
[2025-12-30 19:36:01] → Scraping 5602121
[2025-12-30 19:36:01] → Scraping 5475678
[2025-12-30 19:36:01] → Scraping 5714565
[2025-12-30 19:36:01] → Scraping 5701054
[2025-12-30 19:36:01] → Scraping 51083830
[2025-12-30 19:36:01] → Scraping 5787637
[2025-12-30 19:36:07] ✓ Saved 10 listings to CSV
[2025-12-30 19:36:07]   ✓ Batch: 10/10 saved
[2025-12-30 19:36:07] → Scraping 5808928
[2025-12-30 19:36:07] → Scraping 5847470
[2025-12-30 19:36:07] → Scraping 5514024
[2025-12-30 19:36:07] → Scraping 5475658
[2025-12-30 19:36:07] → Scraping 5475726
[2025-12-30 19:36:07] → Scraping 5757543
[2025-12-30 19:36:07] → Scraping 51080418
[2025-12-30 19:36:07] → Scraping 5749364
[2025-12-30 19:36:07] → Scraping 51057596
[2025-12-30 19:36:07] → Scraping 5514029
[2025-12-30 19:36:11] ✓ Saved 10 listings to CSV
[2025-12-30 19:36:11]   ✓ Batch: 10/10 saved
[2025-12-30 19:36:13] 
▶ Page 127
[2025-12-30 19:36:14] ✓ Found 30 listings
[2025-12-30 19:36:14] → Scraping 5475683
[2025-12-30 19:36:14] → Scraping 5758560
[2025-12-30 19:36:14] → Scraping 5738590
[2025-12-30 19:36:14] → Scraping 5577525
[2025-12-30 19:36:14] → Scraping 5514027
[2025-12-30 19:36:14] → Scraping 5703379
[2025-12-30 19:36:14] → Scraping 51120704
[2025-12-30 19:36:14] → Scraping 5848656
[2025-12-30 19:36:14] → Scraping 5475673
[2025-12-30 19:36:14] → Scraping 5475485
[2025-12-30 19:36:18] ✓ Saved 10 listings to CSV
[2025-12-30 19:36:18]   ✓ Batch: 10/10 saved
[2025-12-30 19:36:18] → Scraping 5514028
[2025-12-30 19:36:18] → Scraping 5514087
[2025-12-30 19:36:18] → Scraping 5787636
[2025-12-30 19:36:18] → Scraping 51114350
[2025-12-30 19:36:18] → Scraping 51117508
[2025-12-30 19:36:18] → Scraping 51082315
[2025-12-30 19:36:18] → Scraping 51093191
[2025-12-30 19:36:18] → Scraping 51068758
[2025-12-30 19:36:18] → Scraping 51109444
[2025-12-30 19:36:18] → Scraping 51110413
[2025-12-30 19:36:21] ✓ Saved 10 listings to CSV
[2025-12-30 19:36:21]   ✓ Batch: 10/10 saved
[2025-12-30 19:36:21] → Scraping 51114716
[2025-12-30 19:36:21] → Scraping 5749369
[2025-12-30 19:36:21] → Scraping 5714502
[2025-12-30 19:36:21] → Scraping 5703385
[2025-12-30 19:36:21] → Scraping 5786503
[2025-12-30 19:36:21] → Scraping 51120566
[2025-12-30 19:36:21] → Scraping 5514030
[2025-12-30 19:36:21] → Scraping 5590070
[2025-12-30 19:36:21] → Scraping 5514084
[2025-12-30 19:36:21] → Scraping 5716387
[2025-12-30 19:36:25] ✓ Saved 10 listings to CSV
[2025-12-30 19:36:25]   ✓ Batch: 10/10 saved
[2025-12-30 19:36:27] 
▶ Page 128
[2025-12-30 19:36:28] ✓ Found 30 listings
[2025-12-30 19:36:28] → Scraping 51120564
[2025-12-30 19:36:28] → Scraping 51120563
[2025-12-30 19:36:28] → Scraping 51120705
[2025-12-30 19:36:28] → Scraping 51120711
[2025-12-30 19:36:28] → Scraping 51120388
[2025-12-30 19:36:28] → Scraping 5514088
[2025-12-30 19:36:28] → Scraping 51106124
[2025-12-30 19:36:28] → Scraping 51120019
[2025-12-30 19:36:28] → Scraping 51120710
[2025-12-30 19:36:28] → Scraping 51120709
[2025-12-30 19:36:33] ✓ Saved 10 listings to CSV
[2025-12-30 19:36:33]   ✓ Batch: 10/10 saved
[2025-12-30 19:36:33] → Scraping 5857829
[2025-12-30 19:36:33] → Scraping 5475670
[2025-12-30 19:36:33] → Scraping 51120713
[2025-12-30 19:36:33] → Scraping 51120716
[2025-12-30 19:36:33] → Scraping 51120386
[2025-12-30 19:36:33] → Scraping 5769084
[2025-12-30 19:36:33] → Scraping 51120712
[2025-12-30 19:36:33] → Scraping 5749349
[2025-12-30 19:36:33] → Scraping 5768095
[2025-12-30 19:36:33] → Scraping 51120569
[2025-12-30 19:36:37] ✓ Saved 10 listings to CSV
[2025-12-30 19:36:37]   ✓ Batch: 10/10 saved
[2025-12-30 19:36:37] → Scraping 51120018
[2025-12-30 19:36:37] → Scraping 51119899
[2025-12-30 19:36:37] → Scraping 51120570
[2025-12-30 19:36:37] → Scraping 51120573
[2025-12-30 19:36:37] → Scraping 51120571
[2025-12-30 19:36:37] → Scraping 51120568
[2025-12-30 19:36:37] → Scraping 51018777
[2025-12-30 19:36:37] → Scraping 51110576
[2025-12-30 19:36:37] → Scraping 5688153
[2025-12-30 19:36:37] → Scraping 51101127
[2025-12-30 19:36:41] ✓ Saved 10 listings to CSV
[2025-12-30 19:36:41]   ✓ Batch: 10/10 saved
[2025-12-30 19:36:43] 
▶ Page 129
[2025-12-30 19:36:44] ✓ Found 30 listings
[2025-12-30 19:36:44] → Scraping 5531102
[2025-12-30 19:36:44] → Scraping 51114114
[2025-12-30 19:36:44] → Scraping 5759939
[2025-12-30 19:36:44] → Scraping 51100999
[2025-12-30 19:36:44] → Scraping 5730598
[2025-12-30 19:36:44] → Scraping 51097667
[2025-12-30 19:36:44] → Scraping 51097566
[2025-12-30 19:36:44] → Scraping 51097670
[2025-12-30 19:36:44] → Scraping 5739177
[2025-12-30 19:36:44] → Scraping 51120017
[2025-12-30 19:36:48] ✓ Saved 10 listings to CSV
[2025-12-30 19:36:48]   ✓ Batch: 10/10 saved
[2025-12-30 19:36:48] → Scraping 51101125
[2025-12-30 19:36:48] → Scraping 51097568
[2025-12-30 19:36:48] → Scraping 5749383
[2025-12-30 19:36:48] → Scraping 5464957
[2025-12-30 19:36:48] → Scraping 5718942
[2025-12-30 19:36:48] → Scraping 51039668
[2025-12-30 19:36:48] → Scraping 5718079
[2025-12-30 19:36:48] → Scraping 5570560
[2025-12-30 19:36:48] → Scraping 5730590
[2025-12-30 19:36:48] → Scraping 5672109
[2025-12-30 19:36:51] ✓ Saved 10 listings to CSV
[2025-12-30 19:36:51]   ✓ Batch: 10/10 saved
[2025-12-30 19:36:51] → Scraping 5741062
[2025-12-30 19:36:51] → Scraping 5727858
[2025-12-30 19:36:51] → Scraping 5749372
[2025-12-30 19:36:51] → Scraping 51097567
[2025-12-30 19:36:51] → Scraping 5447666
[2025-12-30 19:36:51] → Scraping 51101144
[2025-12-30 19:36:51] → Scraping 51097665
[2025-12-30 19:36:51] → Scraping 51101146
[2025-12-30 19:36:51] → Scraping 51097666
[2025-12-30 19:36:51] → Scraping 5730587
[2025-12-30 19:36:56] ✓ Saved 10 listings to CSV
[2025-12-30 19:36:56]   ✓ Batch: 10/10 saved
[2025-12-30 19:36:58] 
▶ Page 130
[2025-12-30 19:36:59] ✓ Found 30 listings
[2025-12-30 19:36:59] → Scraping 51097378
[2025-12-30 19:36:59] → Scraping 5730577
[2025-12-30 19:36:59] → Scraping 5749371
[2025-12-30 19:36:59] → Scraping 5659177
[2025-12-30 19:36:59] → Scraping 5694984
[2025-12-30 19:36:59] → Scraping 5475608
[2025-12-30 19:36:59] → Scraping 51039657
[2025-12-30 19:36:59] → Scraping 5517600
[2025-12-30 19:36:59] → Scraping 51100988
[2025-12-30 19:36:59] → Scraping 5741074
[2025-12-30 19:37:03] ✓ Saved 10 listings to CSV
[2025-12-30 19:37:03]   ✓ Batch: 10/10 saved
[2025-12-30 19:37:03] → Scraping 51097714
[2025-12-30 19:37:03] → Scraping 51039663
[2025-12-30 19:37:03] → Scraping 51100986
[2025-12-30 19:37:03] → Scraping 51018922
[2025-12-30 19:37:03] → Scraping 5704245
[2025-12-30 19:37:03] → Scraping 5706905
[2025-12-30 19:37:03] → Scraping 5730595
[2025-12-30 19:37:03] → Scraping 5708052
[2025-12-30 19:37:03] → Scraping 5718943
[2025-12-30 19:37:03] → Scraping 5768097
[2025-12-30 19:37:06] ✓ Saved 10 listings to CSV
[2025-12-30 19:37:06]   ✓ Batch: 10/10 saved
[2025-12-30 19:37:06] → Scraping 5738659
[2025-12-30 19:37:06] → Scraping 51018775
[2025-12-30 19:37:06] → Scraping 5730860
[2025-12-30 19:37:06] → Scraping 51039661
[2025-12-30 19:37:06] → Scraping 51018924
[2025-12-30 19:37:06] → Scraping 5693416
[2025-12-30 19:37:06] → Scraping 5741065
[2025-12-30 19:37:06] → Scraping 5749158
[2025-12-30 19:37:06] → Scraping 51018928
[2025-12-30 19:37:06] → Scraping 5570556
[2025-12-30 19:37:10] ✓ Saved 10 listings to CSV
[2025-12-30 19:37:10]   ✓ Batch: 10/10 saved
[2025-12-30 19:37:12] 
▶ Page 131
[2025-12-30 19:37:14] ✓ Found 30 listings
[2025-12-30 19:37:14] → Scraping 5884607
[2025-12-30 19:37:14] → Scraping 51018921
[2025-12-30 19:37:14] → Scraping 5570201
[2025-12-30 19:37:14] → Scraping 51018927
[2025-12-30 19:37:14] → Scraping 5739190
[2025-12-30 19:37:14] → Scraping 51039726
[2025-12-30 19:37:14] → Scraping 51097673
[2025-12-30 19:37:14] → Scraping 51097669
[2025-12-30 19:37:14] → Scraping 5982595
[2025-12-30 19:37:14] → Scraping 5738588
[2025-12-30 19:37:17] ✓ Saved 10 listings to CSV
[2025-12-30 19:37:17]   ✓ Batch: 10/10 saved
[2025-12-30 19:37:17] → Scraping 5808922
[2025-12-30 19:37:17] → Scraping 5770372
[2025-12-30 19:37:17] → Scraping 5707194
[2025-12-30 19:37:17] → Scraping 51097732
[2025-12-30 19:37:17] → Scraping 51039666
[2025-12-30 19:37:17] → Scraping 51097722
[2025-12-30 19:37:17] → Scraping 51039683
[2025-12-30 19:37:17] → Scraping 5730855
[2025-12-30 19:37:17] → Scraping 5884634
[2025-12-30 19:37:17] → Scraping 51018932
[2025-12-30 19:37:21] ✓ Saved 10 listings to CSV
[2025-12-30 19:37:21]   ✓ Batch: 10/10 saved
[2025-12-30 19:37:21] → Scraping 51018773
[2025-12-30 19:37:21] → Scraping 5719564
[2025-12-30 19:37:21] → Scraping 51039670
[2025-12-30 19:37:21] → Scraping 5739180
[2025-12-30 19:37:21] → Scraping 51097718
[2025-12-30 19:37:21] → Scraping 51097721
[2025-12-30 19:37:21] → Scraping 51097716
[2025-12-30 19:37:21] → Scraping 51039719
[2025-12-30 19:37:21] → Scraping 5669407
[2025-12-30 19:37:21] → Scraping 51097734
[2025-12-30 19:37:25] ✓ Saved 10 listings to CSV
[2025-12-30 19:37:25]   ✓ Batch: 10/10 saved
[2025-12-30 19:37:27] 
▶ Page 132
[2025-12-30 19:37:28] ✓ Found 30 listings
[2025-12-30 19:37:28] → Scraping 5570604
[2025-12-30 19:37:28] → Scraping 51039682
[2025-12-30 19:37:28] → Scraping 51039658
[2025-12-30 19:37:28] → Scraping 51097717
[2025-12-30 19:37:28] → Scraping 51097719
[2025-12-30 19:37:28] → Scraping 51039664
[2025-12-30 19:37:28] → Scraping 5982596
[2025-12-30 19:37:28] → Scraping 51097668
[2025-12-30 19:37:28] → Scraping 5741061
[2025-12-30 19:37:28] → Scraping 5740535
[2025-12-30 19:37:32] ✓ Saved 10 listings to CSV
[2025-12-30 19:37:32]   ✓ Batch: 10/10 saved
[2025-12-30 19:37:32] → Scraping 51033975
[2025-12-30 19:37:32] → Scraping 51084235
[2025-12-30 19:37:32] → Scraping 51083966
[2025-12-30 19:37:32] → Scraping 51088507
[2025-12-30 19:37:32] → Scraping 5803405
[2025-12-30 19:37:32] → Scraping 51019253
[2025-12-30 19:37:32] → Scraping 5998479
[2025-12-30 19:37:32] → Scraping 5998475
[2025-12-30 19:37:32] → Scraping 5982597
[2025-12-30 19:37:32] → Scraping 51039681
[2025-12-30 19:37:35] ✓ Saved 10 listings to CSV
[2025-12-30 19:37:35]   ✓ Batch: 10/10 saved
[2025-12-30 19:37:35] → Scraping 51018772
[2025-12-30 19:37:35] → Scraping 51080240
[2025-12-30 19:37:35] → Scraping 5765288
[2025-12-30 19:37:35] → Scraping 51019317
[2025-12-30 19:37:35] → Scraping 5756500
[2025-12-30 19:37:35] → Scraping 51040249
[2025-12-30 19:37:35] → Scraping 5782460
[2025-12-30 19:37:35] → Scraping 51088498
[2025-12-30 19:37:35] → Scraping 5884734
[2025-12-30 19:37:35] → Scraping 51088493
[2025-12-30 19:37:39] ✓ Saved 10 listings to CSV
[2025-12-30 19:37:39]   ✓ Batch: 10/10 saved
[2025-12-30 19:37:41] 
▶ Page 133
[2025-12-30 19:37:42] ✓ Found 30 listings
[2025-12-30 19:37:42] → Scraping 51057611
[2025-12-30 19:37:42] → Scraping 5803406
[2025-12-30 19:37:42] → Scraping 5956622
[2025-12-30 19:37:42] → Scraping 5773819
[2025-12-30 19:37:42] → Scraping 5755703
[2025-12-30 19:37:42] → Scraping 5956732
[2025-12-30 19:37:42] → Scraping 5956726
[2025-12-30 19:37:42] → Scraping 5875651
[2025-12-30 19:37:42] → Scraping 5755705
[2025-12-30 19:37:42] → Scraping 51088511
[2025-12-30 19:37:46] ✓ Saved 10 listings to CSV
[2025-12-30 19:37:46]   ✓ Batch: 10/10 saved
[2025-12-30 19:37:46] → Scraping 51088510
[2025-12-30 19:37:46] → Scraping 51088504
[2025-12-30 19:37:46] → Scraping 5956599
[2025-12-30 19:37:46] → Scraping 51084245
[2025-12-30 19:37:46] → Scraping 51019319
[2025-12-30 19:37:46] → Scraping 51088513
[2025-12-30 19:37:46] → Scraping 51084239
[2025-12-30 19:37:46] → Scraping 5875343
[2025-12-30 19:37:46] → Scraping 51084236
[2025-12-30 19:37:46] → Scraping 5864838
[2025-12-30 19:37:51] ✓ Saved 10 listings to CSV
[2025-12-30 19:37:51]   ✓ Batch: 10/10 saved
[2025-12-30 19:37:51] → Scraping 51084252
[2025-12-30 19:37:51] → Scraping 5983679
[2025-12-30 19:37:51] → Scraping 51033853
[2025-12-30 19:37:51] → Scraping 51057612
[2025-12-30 19:37:51] → Scraping 5884645
[2025-12-30 19:37:51] → Scraping 51033852
[2025-12-30 19:37:51] → Scraping 51083969
[2025-12-30 19:37:51] → Scraping 51098217
[2025-12-30 19:37:51] → Scraping 5956606
[2025-12-30 19:37:51] → Scraping 5998464
[2025-12-30 19:37:55] ✓ Saved 10 listings to CSV
[2025-12-30 19:37:55]   ✓ Batch: 10/10 saved
[2025-12-30 19:37:57] 
▶ Page 134
[2025-12-30 19:37:58] ✓ Found 30 listings
[2025-12-30 19:37:58] → Scraping 5713362
[2025-12-30 19:37:58] → Scraping 51019256
[2025-12-30 19:37:58] → Scraping 51097977
[2025-12-30 19:37:58] → Scraping 5956616
[2025-12-30 19:37:58] → Scraping 51098806
[2025-12-30 19:37:58] → Scraping 5998474
[2025-12-30 19:37:58] → Scraping 5998469
[2025-12-30 19:37:58] → Scraping 5875360
[2025-12-30 19:37:58] → Scraping 51080241
[2025-12-30 19:37:58] → Scraping 5998489
[2025-12-30 19:38:03] ✓ Saved 10 listings to CSV
[2025-12-30 19:38:03]   ✓ Batch: 10/10 saved
[2025-12-30 19:38:03] → Scraping 51019257
[2025-12-30 19:38:03] → Scraping 51040268
[2025-12-30 19:38:03] → Scraping 51080242
[2025-12-30 19:38:03] → Scraping 51019318
[2025-12-30 19:38:03] → Scraping 51098219
[2025-12-30 19:38:03] → Scraping 51080270
[2025-12-30 19:38:03] → Scraping 51033854
[2025-12-30 19:38:03] → Scraping 51088509
[2025-12-30 19:38:03] → Scraping 51098220
[2025-12-30 19:38:03] → Scraping 5998492
[2025-12-30 19:38:06] ✓ Saved 10 listings to CSV
[2025-12-30 19:38:06]   ✓ Batch: 10/10 saved
[2025-12-30 19:38:06] → Scraping 51033855
[2025-12-30 19:38:06] → Scraping 51098698
[2025-12-30 19:38:06] → Scraping 5539601
[2025-12-30 19:38:06] → Scraping 5635435
[2025-12-30 19:38:06] → Scraping 51083968
[2025-12-30 19:38:06] → Scraping 51080266
[2025-12-30 19:38:06] → Scraping 51097976
[2025-12-30 19:38:06] → Scraping 5757541
[2025-12-30 19:38:06] → Scraping 51097978
[2025-12-30 19:38:06] → Scraping 51019255
[2025-12-30 19:38:11] ✓ Saved 10 listings to CSV
[2025-12-30 19:38:11]   ✓ Batch: 10/10 saved
[2025-12-30 19:38:13] 
▶ Page 135
[2025-12-30 19:38:14] ✓ Found 30 listings
[2025-12-30 19:38:14] → Scraping 51098218
[2025-12-30 19:38:14] → Scraping 51080161
[2025-12-30 19:38:14] → Scraping 51083971
[2025-12-30 19:38:14] → Scraping 5766965
[2025-12-30 19:38:14] → Scraping 5773818
[2025-12-30 19:38:14] → Scraping 5756504
[2025-12-30 19:38:14] → Scraping 51098809
[2025-12-30 19:38:14] → Scraping 51098736
[2025-12-30 19:38:14] → Scraping 51047554
[2025-12-30 19:38:14] → Scraping 5998486
[2025-12-30 19:38:18] ✓ Saved 10 listings to CSV
[2025-12-30 19:38:18]   ✓ Batch: 10/10 saved
[2025-12-30 19:38:18] → Scraping 51033977
[2025-12-30 19:38:18] → Scraping 51088491
[2025-12-30 19:38:18] → Scraping 5844368
[2025-12-30 19:38:18] → Scraping 51088501
[2025-12-30 19:38:18] → Scraping 51098683
[2025-12-30 19:38:18] → Scraping 51097979
[2025-12-30 19:38:18] → Scraping 51098216
[2025-12-30 19:38:18] → Scraping 51033851
[2025-12-30 19:38:18] → Scraping 51098700
[2025-12-30 19:38:18] → Scraping 51062185
[2025-12-30 19:38:22] ✓ Saved 10 listings to CSV
[2025-12-30 19:38:22]   ✓ Batch: 10/10 saved
[2025-12-30 19:38:22] → Scraping 51052448
[2025-12-30 19:38:22] → Scraping 51049661
[2025-12-30 19:38:22] → Scraping 51061643
[2025-12-30 19:38:22] → Scraping 51062144
[2025-12-30 19:38:22] → Scraping 51126081
[2025-12-30 19:38:22] → Scraping 51130458
[2025-12-30 19:38:22] → Scraping 51130457
[2025-12-30 19:38:22] → Scraping 2640672
[2025-12-30 19:38:22] → Scraping 137274
[2025-12-30 19:38:22] → Scraping 51130456
[2025-12-30 19:38:25] ✓ Saved 10 listings to CSV
[2025-12-30 19:38:25]   ✓ Batch: 10/10 saved
[2025-12-30 19:38:27] 
▶ Page 136
[2025-12-30 19:38:29] ✓ Found 30 listings
[2025-12-30 19:38:29] → Scraping 51130455
[2025-12-30 19:38:29] → Scraping 51130454
[2025-12-30 19:38:29] → Scraping 51130453
[2025-12-30 19:38:29] → Scraping 2640671
[2025-12-30 19:38:29] → Scraping 5364865
[2025-12-30 19:38:29] → Scraping 5310318
[2025-12-30 19:38:29] → Scraping 5629895
[2025-12-30 19:38:29] → Scraping 5553550
[2025-12-30 19:38:29] → Scraping 5432598
[2025-12-30 19:38:29] → Scraping 5552992
[2025-12-30 19:38:32] ✓ Saved 10 listings to CSV
[2025-12-30 19:38:32]   ✓ Batch: 10/10 saved
[2025-12-30 19:38:32] → Scraping 5283858
[2025-12-30 19:38:32] → Scraping 5422740
[2025-12-30 19:38:32] → Scraping 5286561
[2025-12-30 19:38:32] → Scraping 51109070
[2025-12-30 19:38:32] → Scraping 5229421
[2025-12-30 19:38:32] → Scraping 5375715
[2025-12-30 19:38:32] → Scraping 5325578
[2025-12-30 19:38:32] → Scraping 5540261
[2025-12-30 19:38:32] → Scraping 5451829
[2025-12-30 19:38:32] → Scraping 5524701
[2025-12-30 19:38:36] ✓ Saved 10 listings to CSV
[2025-12-30 19:38:36]   ✓ Batch: 10/10 saved
[2025-12-30 19:38:36] → Scraping 5279160
[2025-12-30 19:38:36] → Scraping 5451806
[2025-12-30 19:38:36] → Scraping 5329141
[2025-12-30 19:38:36] → Scraping 51130452
[2025-12-30 19:38:36] → Scraping 51130451
[2025-12-30 19:38:36] → Scraping 51130450
[2025-12-30 19:38:36] → Scraping 51130448
[2025-12-30 19:38:36] → Scraping 51130447
[2025-12-30 19:38:36] → Scraping 5475614
[2025-12-30 19:38:36] → Scraping 51130446
[2025-12-30 19:38:40] ✓ Saved 10 listings to CSV
[2025-12-30 19:38:40]   ✓ Batch: 10/10 saved
[2025-12-30 19:38:42] 
▶ Page 137
[2025-12-30 19:38:43] ✓ Found 30 listings
[2025-12-30 19:38:43] → Scraping 2640670
[2025-12-30 19:38:43] → Scraping 2640669
[2025-12-30 19:38:43] → Scraping 51130445
[2025-12-30 19:38:43] → Scraping 51130444
[2025-12-30 19:38:43] → Scraping 51130443
[2025-12-30 19:38:43] → Scraping 51130441
[2025-12-30 19:38:43] → Scraping 51125044
[2025-12-30 19:38:43] → Scraping 2640668
[2025-12-30 19:38:43] → Scraping 51078702
[2025-12-30 19:38:43] → Scraping 51078700
[2025-12-30 19:38:47] ✓ Saved 10 listings to CSV
[2025-12-30 19:38:47]   ✓ Batch: 10/10 saved
[2025-12-30 19:38:47] → Scraping 51078707
[2025-12-30 19:38:47] → Scraping 51078703
[2025-12-30 19:38:47] → Scraping 51078709
[2025-12-30 19:38:47] → Scraping 51078819
[2025-12-30 19:38:47] → Scraping 51078815
[2025-12-30 19:38:47] → Scraping 51078821
[2025-12-30 19:38:47] → Scraping 51078823
[2025-12-30 19:38:47] → Scraping 51078825
[2025-12-30 19:38:47] → Scraping 51078829
[2025-12-30 19:38:47] → Scraping 51078831
[2025-12-30 19:38:50] ✓ Saved 10 listings to CSV
[2025-12-30 19:38:50]   ✓ Batch: 10/10 saved
[2025-12-30 19:38:50] → Scraping 51078939
[2025-12-30 19:38:50] → Scraping 51078932
[2025-12-30 19:38:50] → Scraping 51043831
[2025-12-30 19:38:50] → Scraping 51043829
[2025-12-30 19:38:50] → Scraping 51043827
[2025-12-30 19:38:50] → Scraping 51043823
[2025-12-30 19:38:50] → Scraping 51043824
[2025-12-30 19:38:50] → Scraping 51043821
[2025-12-30 19:38:50] → Scraping 51043820
[2025-12-30 19:38:50] → Scraping 51043819
[2025-12-30 19:38:54] ✓ Saved 10 listings to CSV
[2025-12-30 19:38:54]   ✓ Batch: 10/10 saved
[2025-12-30 19:38:56] 
▶ Page 138
[2025-12-30 19:38:57] ✓ Found 30 listings
[2025-12-30 19:38:57] → Scraping 51043818
[2025-12-30 19:38:57] → Scraping 51014541
[2025-12-30 19:38:57] → Scraping 51014543
[2025-12-30 19:38:57] → Scraping 51014542
[2025-12-30 19:38:57] → Scraping 51014539
[2025-12-30 19:38:57] → Scraping 51014538
[2025-12-30 19:38:57] → Scraping 51014536
[2025-12-30 19:38:57] → Scraping 51014540
[2025-12-30 19:38:57] → Scraping 51014537
[2025-12-30 19:38:57] → Scraping 51014533
[2025-12-30 19:39:00] ✓ Saved 10 listings to CSV
[2025-12-30 19:39:00]   ✓ Batch: 10/10 saved
[2025-12-30 19:39:00] → Scraping 51014532
[2025-12-30 19:39:00] → Scraping 51021972
[2025-12-30 19:39:00] → Scraping 51021977
[2025-12-30 19:39:00] → Scraping 51021974
[2025-12-30 19:39:00] → Scraping 51021979
[2025-12-30 19:39:00] → Scraping 51021978
[2025-12-30 19:39:00] → Scraping 51029370
[2025-12-30 19:39:00] → Scraping 51029373
[2025-12-30 19:39:00] → Scraping 51029371
[2025-12-30 19:39:00] → Scraping 51029372
[2025-12-30 19:39:04] ✓ Saved 10 listings to CSV
[2025-12-30 19:39:04]   ✓ Batch: 10/10 saved
[2025-12-30 19:39:04] → Scraping 51029376
[2025-12-30 19:39:04] → Scraping 51029375
[2025-12-30 19:39:04] → Scraping 51029914
[2025-12-30 19:39:04] → Scraping 51030384
[2025-12-30 19:39:04] → Scraping 51029898
[2025-12-30 19:39:04] → Scraping 51030392
[2025-12-30 19:39:04] → Scraping 51030561
[2025-12-30 19:39:04] → Scraping 51030569
[2025-12-30 19:39:04] → Scraping 51030575
[2025-12-30 19:39:04] → Scraping 51030586
[2025-12-30 19:39:08] ✓ Saved 10 listings to CSV
[2025-12-30 19:39:08]   ✓ Batch: 10/10 saved
[2025-12-30 19:39:10] 
▶ Page 139
[2025-12-30 19:39:11] ✓ Found 30 listings
[2025-12-30 19:39:11] → Scraping 51030577
[2025-12-30 19:39:11] → Scraping 51030587
[2025-12-30 19:39:11] → Scraping 51030604
[2025-12-30 19:39:11] → Scraping 51030630
[2025-12-30 19:39:11] → Scraping 51030635
[2025-12-30 19:39:11] → Scraping 487190
[2025-12-30 19:39:11] → Scraping 51029368
[2025-12-30 19:39:11] → Scraping 51037297
[2025-12-30 19:39:11] → Scraping 51037296
[2025-12-30 19:39:11] → Scraping 51037291
[2025-12-30 19:39:14] ✓ Saved 10 listings to CSV
[2025-12-30 19:39:14]   ✓ Batch: 10/10 saved
[2025-12-30 19:39:14] → Scraping 51037288
[2025-12-30 19:39:14] → Scraping 51037285
[2025-12-30 19:39:14] → Scraping 51037278
[2025-12-30 19:39:14] → Scraping 51037274
[2025-12-30 19:39:14] → Scraping 51037272
[2025-12-30 19:39:14] → Scraping 51037270
[2025-12-30 19:39:14] → Scraping 51037269
[2025-12-30 19:39:14] → Scraping 2640667
[2025-12-30 19:39:14] → Scraping 51120008
[2025-12-30 19:39:14] → Scraping 51120171
[2025-12-30 19:39:18] ✓ Saved 10 listings to CSV
[2025-12-30 19:39:18]   ✓ Batch: 10/10 saved
[2025-12-30 19:39:18] → Scraping 51123914
[2025-12-30 19:39:18] → Scraping 51117145
[2025-12-30 19:39:18] → Scraping 51123913
[2025-12-30 19:39:18] → Scraping 51120344
[2025-12-30 19:39:18] → Scraping 51124310
[2025-12-30 19:39:18] → Scraping 51121353
[2025-12-30 19:39:18] → Scraping 51117357
[2025-12-30 19:39:18] → Scraping 51121214
[2025-12-30 19:39:18] → Scraping 2640666
[2025-12-30 19:39:18] → Scraping 51130439
[2025-12-30 19:39:21] ✓ Saved 10 listings to CSV
[2025-12-30 19:39:21]   ✓ Batch: 10/10 saved
[2025-12-30 19:39:23] 
▶ Page 140
[2025-12-30 19:39:25] ✓ Found 30 listings
[2025-12-30 19:39:25] → Scraping 3238208
[2025-12-30 19:39:25] → Scraping 51130438
[2025-12-30 19:39:25] → Scraping 51130437
[2025-12-30 19:39:25] → Scraping 51085776
[2025-12-30 19:39:25] → Scraping 51085130
[2025-12-30 19:39:25] → Scraping 51085774
[2025-12-30 19:39:25] → Scraping 51085778
[2025-12-30 19:39:25] → Scraping 51127515
[2025-12-30 19:39:25] → Scraping 51130436
[2025-12-30 19:39:25] → Scraping 51130435
[2025-12-30 19:39:28] ✓ Saved 10 listings to CSV
[2025-12-30 19:39:28]   ✓ Batch: 10/10 saved
[2025-12-30 19:39:28] → Scraping 2640664
[2025-12-30 19:39:28] → Scraping 51130434
[2025-12-30 19:39:28] → Scraping 51130433
[2025-12-30 19:39:28] → Scraping 51130432
[2025-12-30 19:39:28] → Scraping 51130431
[2025-12-30 19:39:28] → Scraping 51130430
[2025-12-30 19:39:28] → Scraping 51125045
[2025-12-30 19:39:28] → Scraping 51130429
[2025-12-30 19:39:28] → Scraping 51111912
[2025-12-30 19:39:28] → Scraping 51118129
[2025-12-30 19:39:31] ✓ Saved 10 listings to CSV
[2025-12-30 19:39:31]   ✓ Batch: 10/10 saved
[2025-12-30 19:39:31] → Scraping 51111914
[2025-12-30 19:39:31] → Scraping 51111911
[2025-12-30 19:39:31] → Scraping 51111910
[2025-12-30 19:39:31] → Scraping 51105164
[2025-12-30 19:39:31] → Scraping 51105163
[2025-12-30 19:39:31] → Scraping 51108460
[2025-12-30 19:39:31] → Scraping 51108463
[2025-12-30 19:39:31] → Scraping 51108466
[2025-12-30 19:39:31] → Scraping 51093106
[2025-12-30 19:39:31] → Scraping 51080591
[2025-12-30 19:39:35] ✓ Saved 10 listings to CSV
[2025-12-30 19:39:35]   ✓ Batch: 10/10 saved
[2025-12-30 19:39:37] 
▶ Page 141
[2025-12-30 19:39:38] ✓ Found 30 listings
[2025-12-30 19:39:38] → Scraping 51080505
[2025-12-30 19:39:38] → Scraping 51072809
[2025-12-30 19:39:38] → Scraping 51072642
[2025-12-30 19:39:38] → Scraping 51072640
[2025-12-30 19:39:38] → Scraping 51072638
[2025-12-30 19:39:38] → Scraping 3237868
[2025-12-30 19:39:38] → Scraping 3237870
[2025-12-30 19:39:38] → Scraping 3237871
[2025-12-30 19:39:38] → Scraping 3237753
[2025-12-30 19:39:38] → Scraping 3237751
[2025-12-30 19:39:42] ✓ Saved 10 listings to CSV
[2025-12-30 19:39:42]   ✓ Batch: 10/10 saved
[2025-12-30 19:39:42] → Scraping 3237750
[2025-12-30 19:39:42] → Scraping 3237749
[2025-12-30 19:39:42] → Scraping 3237748
[2025-12-30 19:39:42] → Scraping 3237747
[2025-12-30 19:39:42] → Scraping 51130428
[2025-12-30 19:39:42] → Scraping 3238114
[2025-12-30 19:39:42] → Scraping 3239705
[2025-12-30 19:39:42] → Scraping 51130427
[2025-12-30 19:39:42] → Scraping 2640662
[2025-12-30 19:39:42] → Scraping 51130426
[2025-12-30 19:39:45] ✓ Saved 10 listings to CSV
[2025-12-30 19:39:45]   ✓ Batch: 10/10 saved
[2025-12-30 19:39:45] → Scraping 51130425
[2025-12-30 19:39:45] → Scraping 51130424
[2025-12-30 19:39:45] → Scraping 2640661
[2025-12-30 19:39:45] → Scraping 2640659
[2025-12-30 19:39:45] → Scraping 51122928
[2025-12-30 19:39:45] → Scraping 51130423
[2025-12-30 19:39:45] → Scraping 2640658
[2025-12-30 19:39:45] → Scraping 51130422
[2025-12-30 19:39:45] → Scraping 2640657
[2025-12-30 19:39:45] → Scraping 51130421
[2025-12-30 19:39:49] ✓ Saved 10 listings to CSV
[2025-12-30 19:39:49]   ✓ Batch: 10/10 saved
[2025-12-30 19:39:51] 
▶ Page 142
[2025-12-30 19:39:52] ✓ Found 30 listings
[2025-12-30 19:39:52] → Scraping 51120042
[2025-12-30 19:39:52] → Scraping 51118256
[2025-12-30 19:39:52] → Scraping 2640656
[2025-12-30 19:39:52] → Scraping 51076690
[2025-12-30 19:39:52] → Scraping 51069749
[2025-12-30 19:39:52] → Scraping 51061846
[2025-12-30 19:39:52] → Scraping 51130420
[2025-12-30 19:39:52] → Scraping 51130419
[2025-12-30 19:39:52] → Scraping 2640655
[2025-12-30 19:39:52] → Scraping 51130418
[2025-12-30 19:39:56] ✓ Saved 10 listings to CSV
[2025-12-30 19:39:56]   ✓ Batch: 10/10 saved
[2025-12-30 19:39:56] → Scraping 2640653
[2025-12-30 19:39:56] → Scraping 51130417
[2025-12-30 19:39:56] → Scraping 51130416
[2025-12-30 19:39:56] → Scraping 51130415
[2025-12-30 19:39:56] → Scraping 51130413
[2025-12-30 19:39:56] → Scraping 2640652
[2025-12-30 19:39:56] → Scraping 51130410
[2025-12-30 19:39:56] → Scraping 51130409
[2025-12-30 19:39:56] → Scraping 2640651
[2025-12-30 19:39:56] → Scraping 51115590
[2025-12-30 19:39:59] ✓ Saved 10 listings to CSV
[2025-12-30 19:39:59]   ✓ Batch: 10/10 saved
[2025-12-30 19:39:59] → Scraping 51130408
[2025-12-30 19:39:59] → Scraping 51130407
[2025-12-30 19:39:59] → Scraping 51130406
[2025-12-30 19:39:59] → Scraping 51118068
[2025-12-30 19:39:59] → Scraping 51130405
[2025-12-30 19:39:59] → Scraping 51127533
[2025-12-30 19:39:59] → Scraping 51130404
[2025-12-30 19:39:59] → Scraping 2640649
[2025-12-30 19:39:59] → Scraping 51130403
[2025-12-30 19:39:59] → Scraping 2640648
[2025-12-30 19:40:04] ✓ Saved 10 listings to CSV
[2025-12-30 19:40:04]   ✓ Batch: 10/10 saved
[2025-12-30 19:40:06] 
▶ Page 143
[2025-12-30 19:40:07] ✓ Found 30 listings
[2025-12-30 19:40:07] → Scraping 51123977
[2025-12-30 19:40:07] → Scraping 51059173
[2025-12-30 19:40:07] → Scraping 51054234
[2025-12-30 19:40:07] → Scraping 51073260
[2025-12-30 19:40:07] → Scraping 2640647
[2025-12-30 19:40:07] → Scraping 51061847
[2025-12-30 19:40:07] → Scraping 51063323
[2025-12-30 19:40:07] → Scraping 51057368
[2025-12-30 19:40:07] → Scraping 51073082
[2025-12-30 19:40:07] → Scraping 51061641
[2025-12-30 19:40:11] ✓ Saved 10 listings to CSV
[2025-12-30 19:40:11]   ✓ Batch: 10/10 saved
[2025-12-30 19:40:11] → Scraping 51130401
[2025-12-30 19:40:11] → Scraping 51130399
[2025-12-30 19:40:11] → Scraping 51130398
[2025-12-30 19:40:11] → Scraping 51130397
[2025-12-30 19:40:11] → Scraping 51130396
[2025-12-30 19:40:11] → Scraping 51130395
[2025-12-30 19:40:11] → Scraping 51130394
[2025-12-30 19:40:11] → Scraping 51130393
[2025-12-30 19:40:11] → Scraping 51130392
[2025-12-30 19:40:11] → Scraping 51130391
[2025-12-30 19:40:14] ✓ Saved 10 listings to CSV
[2025-12-30 19:40:14]   ✓ Batch: 10/10 saved
[2025-12-30 19:40:14] → Scraping 51130389
[2025-12-30 19:40:14] → Scraping 2640642
[2025-12-30 19:40:14] → Scraping 51130388
[2025-12-30 19:40:14] → Scraping 51130387
[2025-12-30 19:40:14] → Scraping 51130386
[2025-12-30 19:40:14] → Scraping 51130385
[2025-12-30 19:40:14] → Scraping 51130384
[2025-12-30 19:40:14] → Scraping 5535972
[2025-12-30 19:40:14] → Scraping 5479946
[2025-12-30 19:40:14] → Scraping 5941689
[2025-12-30 19:40:18] ✓ Saved 10 listings to CSV
[2025-12-30 19:40:18]   ✓ Batch: 10/10 saved
[2025-12-30 19:40:20] 
▶ Page 144
[2025-12-30 19:40:21] ✓ Found 30 listings
[2025-12-30 19:40:21] → Scraping 51130383
[2025-12-30 19:40:21] → Scraping 2640641
[2025-12-30 19:40:21] → Scraping 51118174
[2025-12-30 19:40:21] → Scraping 51130382
[2025-12-30 19:40:21] → Scraping 51130381
[2025-12-30 19:40:21] → Scraping 51130380
[2025-12-30 19:40:21] → Scraping 2640640
[2025-12-30 19:40:21] → Scraping 51130379
[2025-12-30 19:40:21] → Scraping 51111063
[2025-12-30 19:40:21] → Scraping 51111062
[2025-12-30 19:40:25] ✓ Saved 10 listings to CSV
[2025-12-30 19:40:25]   ✓ Batch: 10/10 saved
[2025-12-30 19:40:25] → Scraping 5733864
[2025-12-30 19:40:25] → Scraping 2640639
[2025-12-30 19:40:25] → Scraping 5260064
[2025-12-30 19:40:25] → Scraping 2640638
[2025-12-30 19:40:25] → Scraping 51130378
[2025-12-30 19:40:25] → Scraping 51130376
[2025-12-30 19:40:25] → Scraping 2640636
[2025-12-30 19:40:25] → Scraping 51130375
[2025-12-30 19:40:25] → Scraping 51130374
[2025-12-30 19:40:25] → Scraping 51130373
[2025-12-30 19:40:28] ✓ Saved 10 listings to CSV
[2025-12-30 19:40:28]   ✓ Batch: 10/10 saved
[2025-12-30 19:40:28] → Scraping 51130372
[2025-12-30 19:40:28] → Scraping 51130371
[2025-12-30 19:40:28] → Scraping 487189
[2025-12-30 19:40:28] → Scraping 2640634
[2025-12-30 19:40:28] → Scraping 51102909
[2025-12-30 19:40:28] → Scraping 51105585
[2025-12-30 19:40:28] → Scraping 51104374
[2025-12-30 19:40:28] → Scraping 51125737
[2025-12-30 19:40:28] → Scraping 51122222
[2025-12-30 19:40:28] → Scraping 51125828
[2025-12-30 19:40:32] ✓ Saved 10 listings to CSV
[2025-12-30 19:40:32]   ✓ Batch: 10/10 saved
[2025-12-30 19:40:34] 
▶ Page 145
[2025-12-30 19:40:35] ✓ Found 30 listings
[2025-12-30 19:40:35] → Scraping 51122233
[2025-12-30 19:40:35] → Scraping 51126323
[2025-12-30 19:40:35] → Scraping 2640633
[2025-12-30 19:40:35] → Scraping 51130369
[2025-12-30 19:40:35] → Scraping 2640632
[2025-12-30 19:40:35] → Scraping 2640631
[2025-12-30 19:40:35] → Scraping 51105693
[2025-12-30 19:40:35] → Scraping 51097321
[2025-12-30 19:40:35] → Scraping 51118569
[2025-12-30 19:40:35] → Scraping 51120280
[2025-12-30 19:40:39] ✓ Saved 10 listings to CSV
[2025-12-30 19:40:39]   ✓ Batch: 10/10 saved
[2025-12-30 19:40:39] → Scraping 51130368
[2025-12-30 19:40:39] → Scraping 51130367
[2025-12-30 19:40:39] → Scraping 51130365
[2025-12-30 19:40:39] → Scraping 2640630
[2025-12-30 19:40:39] → Scraping 2640629
[2025-12-30 19:40:39] → Scraping 51130362
[2025-12-30 19:40:39] → Scraping 5478827
[2025-12-30 19:40:39] → Scraping 51129330
[2025-12-30 19:40:39] → Scraping 51123158
[2025-12-30 19:40:39] → Scraping 51130360
[2025-12-30 19:40:42] ✓ Saved 10 listings to CSV
[2025-12-30 19:40:42]   ✓ Batch: 10/10 saved
[2025-12-30 19:40:42] → Scraping 51130359
[2025-12-30 19:40:42] → Scraping 51130358
[2025-12-30 19:40:42] → Scraping 51130357
[2025-12-30 19:40:42] → Scraping 51125862
[2025-12-30 19:40:42] → Scraping 51125863
[2025-12-30 19:40:42] → Scraping 51125865
[2025-12-30 19:40:42] → Scraping 51125866
[2025-12-30 19:40:42] → Scraping 51125867
[2025-12-30 19:40:42] → Scraping 51125868
[2025-12-30 19:40:42] → Scraping 51125869
[2025-12-30 19:40:46] ✓ Saved 10 listings to CSV
[2025-12-30 19:40:46]   ✓ Batch: 10/10 saved
[2025-12-30 19:40:48] 
▶ Page 146
[2025-12-30 19:40:49] ✓ Found 30 listings
[2025-12-30 19:40:49] → Scraping 51126032
[2025-12-30 19:40:49] → Scraping 51126034
[2025-12-30 19:40:49] → Scraping 51126035
[2025-12-30 19:40:49] → Scraping 51126037
[2025-12-30 19:40:49] → Scraping 51126038
[2025-12-30 19:40:49] → Scraping 51126042
[2025-12-30 19:40:49] → Scraping 51126407
[2025-12-30 19:40:49] → Scraping 51126408
[2025-12-30 19:40:49] → Scraping 51126409
[2025-12-30 19:40:49] → Scraping 51126410
[2025-12-30 19:40:53] ✓ Saved 10 listings to CSV
[2025-12-30 19:40:53]   ✓ Batch: 10/10 saved
[2025-12-30 19:40:53] → Scraping 51126411
[2025-12-30 19:40:53] → Scraping 51126584
[2025-12-30 19:40:53] → Scraping 51126655
[2025-12-30 19:40:53] → Scraping 51075767
[2025-12-30 19:40:53] → Scraping 51089028
[2025-12-30 19:40:53] → Scraping 5494566
[2025-12-30 19:40:53] → Scraping 5528160
[2025-12-30 19:40:53] → Scraping 51075705
[2025-12-30 19:40:53] → Scraping 5583537
[2025-12-30 19:40:53] → Scraping 51088018
[2025-12-30 19:40:57] ✓ Saved 10 listings to CSV
[2025-12-30 19:40:57]   ✓ Batch: 10/10 saved
[2025-12-30 19:40:57] → Scraping 51075022
[2025-12-30 19:40:57] → Scraping 51088045
[2025-12-30 19:40:57] → Scraping 51075353
[2025-12-30 19:40:57] → Scraping 5594444
[2025-12-30 19:40:57] → Scraping 51064874
[2025-12-30 19:40:57] → Scraping 51064877
[2025-12-30 19:40:57] → Scraping 51066629
[2025-12-30 19:40:57] → Scraping 51069543
[2025-12-30 19:40:57] → Scraping 51066052
[2025-12-30 19:40:57] → Scraping 51074286
[2025-12-30 19:41:00] ✓ Saved 10 listings to CSV
[2025-12-30 19:41:00]   ✓ Batch: 10/10 saved
[2025-12-30 19:41:02] 
▶ Page 147
[2025-12-30 19:41:03] ✓ Found 30 listings
[2025-12-30 19:41:03] → Scraping 51072552
[2025-12-30 19:41:03] → Scraping 51070954
[2025-12-30 19:41:03] → Scraping 51069185
[2025-12-30 19:41:03] → Scraping 51074378
[2025-12-30 19:41:03] → Scraping 51074423
[2025-12-30 19:41:03] → Scraping 51074429
[2025-12-30 19:41:03] → Scraping 51074461
[2025-12-30 19:41:03] → Scraping 51074524
[2025-12-30 19:41:03] → Scraping 51066754
[2025-12-30 19:41:03] → Scraping 51066752
[2025-12-30 19:41:07] ✓ Saved 10 listings to CSV
[2025-12-30 19:41:07]   ✓ Batch: 10/10 saved
[2025-12-30 19:41:07] → Scraping 51074597
[2025-12-30 19:41:07] → Scraping 51074623
[2025-12-30 19:41:07] → Scraping 51074885
[2025-12-30 19:41:07] → Scraping 51065536
[2025-12-30 19:41:07] → Scraping 51110924
[2025-12-30 19:41:07] → Scraping 51110927
[2025-12-30 19:41:07] → Scraping 51109506
[2025-12-30 19:41:07] → Scraping 51064166
[2025-12-30 19:41:07] → Scraping 51064397
[2025-12-30 19:41:07] → Scraping 51064683
[2025-12-30 19:41:10] ✓ Saved 10 listings to CSV
[2025-12-30 19:41:10]   ✓ Batch: 10/10 saved
[2025-12-30 19:41:10] → Scraping 51064157
[2025-12-30 19:41:10] → Scraping 51064430
[2025-12-30 19:41:10] → Scraping 51068300
[2025-12-30 19:41:10] → Scraping 51064124
[2025-12-30 19:41:10] → Scraping 51071422
[2025-12-30 19:41:10] → Scraping 51085407
[2025-12-30 19:41:10] → Scraping 51086180
[2025-12-30 19:41:10] → Scraping 51086617
[2025-12-30 19:41:10] → Scraping 51099942
[2025-12-30 19:41:10] → Scraping 51130355
[2025-12-30 19:41:14] ✓ Saved 10 listings to CSV
[2025-12-30 19:41:14]   ✓ Batch: 10/10 saved
[2025-12-30 19:41:16] 
▶ Page 148
[2025-12-30 19:41:17] ✓ Found 30 listings
[2025-12-30 19:41:17] → Scraping 51130354
[2025-12-30 19:41:17] → Scraping 51130353
[2025-12-30 19:41:17] → Scraping 51109445
[2025-12-30 19:41:17] → Scraping 51126660
[2025-12-30 19:41:17] → Scraping 51126661
[2025-12-30 19:41:17] → Scraping 51126662
[2025-12-30 19:41:17] → Scraping 51126685
[2025-12-30 19:41:17] → Scraping 51123525
[2025-12-30 19:41:17] → Scraping 51123355
[2025-12-30 19:41:17] → Scraping 51123354
[2025-12-30 19:41:21] ✓ Saved 10 listings to CSV
[2025-12-30 19:41:21]   ✓ Batch: 10/10 saved
[2025-12-30 19:41:21] → Scraping 51123353
[2025-12-30 19:41:21] → Scraping 51123352
[2025-12-30 19:41:21] → Scraping 51123351
[2025-12-30 19:41:21] → Scraping 51123350
[2025-12-30 19:41:21] → Scraping 51123349
[2025-12-30 19:41:21] → Scraping 51123348
[2025-12-30 19:41:21] → Scraping 51123347
[2025-12-30 19:41:21] → Scraping 51123346
[2025-12-30 19:41:21] → Scraping 51123293
[2025-12-30 19:41:21] → Scraping 51123292
[2025-12-30 19:41:24] ✓ Saved 10 listings to CSV
[2025-12-30 19:41:24]   ✓ Batch: 10/10 saved
[2025-12-30 19:41:24] → Scraping 51123291
[2025-12-30 19:41:24] → Scraping 51123290
[2025-12-30 19:41:24] → Scraping 51123289
[2025-12-30 19:41:24] → Scraping 51123288
[2025-12-30 19:41:24] → Scraping 51123287
[2025-12-30 19:41:24] → Scraping 51123286
[2025-12-30 19:41:24] → Scraping 51123285
[2025-12-30 19:41:24] → Scraping 51123284
[2025-12-30 19:41:24] → Scraping 51116340
[2025-12-30 19:41:24] → Scraping 51116339
[2025-12-30 19:41:28] ✓ Saved 10 listings to CSV
[2025-12-30 19:41:28]   ✓ Batch: 10/10 saved
[2025-12-30 19:41:30] 
▶ Page 149
[2025-12-30 19:41:31] ✓ Found 30 listings
[2025-12-30 19:41:31] → Scraping 51116338
[2025-12-30 19:41:31] → Scraping 51116336
[2025-12-30 19:41:31] → Scraping 51116335
[2025-12-30 19:41:31] → Scraping 51116333
[2025-12-30 19:41:31] → Scraping 51116332
[2025-12-30 19:41:31] → Scraping 51116330
[2025-12-30 19:41:31] → Scraping 51115728
[2025-12-30 19:41:31] → Scraping 51115726
[2025-12-30 19:41:31] → Scraping 51121747
[2025-12-30 19:41:31] → Scraping 51115723
[2025-12-30 19:41:35] ✓ Saved 10 listings to CSV
[2025-12-30 19:41:35]   ✓ Batch: 10/10 saved
[2025-12-30 19:41:35] → Scraping 51115722
[2025-12-30 19:41:35] → Scraping 51119874
[2025-12-30 19:41:35] → Scraping 51115721
[2025-12-30 19:41:35] → Scraping 51115720
[2025-12-30 19:41:35] → Scraping 51120091
[2025-12-30 19:41:35] → Scraping 51120098
[2025-12-30 19:41:35] → Scraping 51115727
[2025-12-30 19:41:35] → Scraping 51115719
[2025-12-30 19:41:35] → Scraping 51119878
[2025-12-30 19:41:35] → Scraping 51119883
[2025-12-30 19:41:38] ✓ Saved 10 listings to CSV
[2025-12-30 19:41:38]   ✓ Batch: 10/10 saved
[2025-12-30 19:41:38] → Scraping 51115607
[2025-12-30 19:41:38] → Scraping 51119887
[2025-12-30 19:41:38] → Scraping 51119892
[2025-12-30 19:41:38] → Scraping 51119893
[2025-12-30 19:41:38] → Scraping 51120090
[2025-12-30 19:41:38] → Scraping 51120089
[2025-12-30 19:41:38] → Scraping 51119885
[2025-12-30 19:41:38] → Scraping 51120095
[2025-12-30 19:41:38] → Scraping 51120097
[2025-12-30 19:41:38] → Scraping 51120106
[2025-12-30 19:41:42] ✓ Saved 10 listings to CSV
[2025-12-30 19:41:42]   ✓ Batch: 10/10 saved
[2025-12-30 19:41:44] 
▶ Page 150
[2025-12-30 19:41:45] ✓ Found 30 listings
[2025-12-30 19:41:45] → Scraping 51120110
[2025-12-30 19:41:45] → Scraping 51120111
[2025-12-30 19:41:45] → Scraping 51120112
[2025-12-30 19:41:45] → Scraping 51120113
[2025-12-30 19:41:45] → Scraping 51120114
[2025-12-30 19:41:45] → Scraping 51120115
[2025-12-30 19:41:45] → Scraping 51119880
[2025-12-30 19:41:45] → Scraping 51120096
[2025-12-30 19:41:45] → Scraping 51119875
[2025-12-30 19:41:45] → Scraping 51119881
[2025-12-30 19:41:49] ✓ Saved 10 listings to CSV
[2025-12-30 19:41:49]   ✓ Batch: 10/10 saved
[2025-12-30 19:41:49] → Scraping 51119882
[2025-12-30 19:41:49] → Scraping 51119884
[2025-12-30 19:41:49] → Scraping 51119886
[2025-12-30 19:41:49] → Scraping 51119888
[2025-12-30 19:41:49] → Scraping 51119890
[2025-12-30 19:41:49] → Scraping 51119891
[2025-12-30 19:41:49] → Scraping 51120099
[2025-12-30 19:41:49] → Scraping 51115718
[2025-12-30 19:41:49] → Scraping 51120102
[2025-12-30 19:41:49] → Scraping 51120101
[2025-12-30 19:41:53] ✓ Saved 10 listings to CSV
[2025-12-30 19:41:53]   ✓ Batch: 10/10 saved
[2025-12-30 19:41:53] → Scraping 51120104
[2025-12-30 19:41:53] → Scraping 51120107
[2025-12-30 19:41:53] → Scraping 51115725
[2025-12-30 19:41:53] → Scraping 51119877
[2025-12-30 19:41:53] → Scraping 51119876
[2025-12-30 19:41:53] → Scraping 51119879
[2025-12-30 19:41:53] → Scraping 51120103
[2025-12-30 19:41:53] → Scraping 51127253
[2025-12-30 19:41:53] → Scraping 51127254
[2025-12-30 19:41:53] → Scraping 5724303
[2025-12-30 19:41:56] ✓ Saved 10 listings to CSV
[2025-12-30 19:41:56]   ✓ Batch: 10/10 saved
[2025-12-30 19:41:58] 
▶ Page 151
[2025-12-30 19:42:00] ✓ Found 30 listings
[2025-12-30 19:42:00] → Scraping 51097936
[2025-12-30 19:42:00] → Scraping 51082822
[2025-12-30 19:42:00] → Scraping 51098442
[2025-12-30 19:42:00] → Scraping 51098299
[2025-12-30 19:42:00] → Scraping 51099099
[2025-12-30 19:42:00] → Scraping 5892041
[2025-12-30 19:42:00] → Scraping 5892516
[2025-12-30 19:42:00] → Scraping 5891650
[2025-12-30 19:42:00] → Scraping 5975236
[2025-12-30 19:42:00] → Scraping 5891661
[2025-12-30 19:42:03] ✓ Saved 10 listings to CSV
[2025-12-30 19:42:03]   ✓ Batch: 10/10 saved
[2025-12-30 19:42:03] → Scraping 51121956
[2025-12-30 19:42:03] → Scraping 5892033
[2025-12-30 19:42:03] → Scraping 51121954
[2025-12-30 19:42:03] → Scraping 51121953
[2025-12-30 19:42:03] → Scraping 51121952
[2025-12-30 19:42:03] → Scraping 5891680
[2025-12-30 19:42:03] → Scraping 5890710
[2025-12-30 19:42:03] → Scraping 5890660
[2025-12-30 19:42:03] → Scraping 5892039
[2025-12-30 19:42:03] → Scraping 5891659
[2025-12-30 19:42:07] ✓ Saved 10 listings to CSV
[2025-12-30 19:42:07]   ✓ Batch: 10/10 saved
[2025-12-30 19:42:07] → Scraping 5891639
[2025-12-30 19:42:07] → Scraping 5892032
[2025-12-30 19:42:07] → Scraping 5891304
[2025-12-30 19:42:07] → Scraping 5891311
[2025-12-30 19:42:07] → Scraping 5892034
[2025-12-30 19:42:07] → Scraping 5894477
[2025-12-30 19:42:07] → Scraping 5890945
[2025-12-30 19:42:07] → Scraping 5894008
[2025-12-30 19:42:07] → Scraping 5892831
[2025-12-30 19:42:07] → Scraping 5892539
[2025-12-30 19:42:10] ✓ Saved 10 listings to CSV
[2025-12-30 19:42:10]   ✓ Batch: 10/10 saved
[2025-12-30 19:42:12] 
▶ Page 152
[2025-12-30 19:42:14] ✓ Found 30 listings
[2025-12-30 19:42:14] → Scraping 5892036
[2025-12-30 19:42:14] → Scraping 5891664
[2025-12-30 19:42:14] → Scraping 5902560
[2025-12-30 19:42:14] → Scraping 5892031
[2025-12-30 19:42:14] → Scraping 5892858
[2025-12-30 19:42:14] → Scraping 5892843
[2025-12-30 19:42:14] → Scraping 5892691
[2025-12-30 19:42:14] → Scraping 5893112
[2025-12-30 19:42:14] → Scraping 5891677
[2025-12-30 19:42:14] → Scraping 5892040
[2025-12-30 19:42:18] ✓ Saved 10 listings to CSV
[2025-12-30 19:42:18]   ✓ Batch: 10/10 saved
[2025-12-30 19:42:18] → Scraping 5893065
[2025-12-30 19:42:18] → Scraping 5892556
[2025-12-30 19:42:18] → Scraping 5892840
[2025-12-30 19:42:18] → Scraping 5894048
[2025-12-30 19:42:18] → Scraping 5894306
[2025-12-30 19:42:18] → Scraping 5893509
[2025-12-30 19:42:18] → Scraping 5892716
[2025-12-30 19:42:18] → Scraping 5894041
[2025-12-30 19:42:18] → Scraping 5896197
[2025-12-30 19:42:18] → Scraping 5893107
[2025-12-30 19:42:21] ✓ Saved 10 listings to CSV
[2025-12-30 19:42:21]   ✓ Batch: 10/10 saved
[2025-12-30 19:42:21] → Scraping 5894069
[2025-12-30 19:42:21] → Scraping 5894468
[2025-12-30 19:42:21] → Scraping 5892719
[2025-12-30 19:42:21] → Scraping 5892848
[2025-12-30 19:42:21] → Scraping 5892037
[2025-12-30 19:42:21] → Scraping 5895288
[2025-12-30 19:42:21] → Scraping 5893765
[2025-12-30 19:42:21] → Scraping 5894045
[2025-12-30 19:42:21] → Scraping 5893315
[2025-12-30 19:42:21] → Scraping 5892857
[2025-12-30 19:42:25] ✓ Saved 10 listings to CSV
[2025-12-30 19:42:25]   ✓ Batch: 10/10 saved
[2025-12-30 19:42:27] 
▶ Page 153
[2025-12-30 19:42:28] ✓ Found 30 listings
[2025-12-30 19:42:28] → Scraping 5895295
[2025-12-30 19:42:28] → Scraping 2639016
[2025-12-30 19:42:28] → Scraping 2639026
[2025-12-30 19:42:28] → Scraping 5894058
[2025-12-30 19:42:28] → Scraping 5896364
[2025-12-30 19:42:28] → Scraping 2639027
[2025-12-30 19:42:28] → Scraping 5892836
[2025-12-30 19:42:28] → Scraping 5895949
[2025-12-30 19:42:28] → Scraping 5897788
[2025-12-30 19:42:28] → Scraping 5897227
[2025-12-30 19:42:32] ✓ Saved 10 listings to CSV
[2025-12-30 19:42:32]   ✓ Batch: 10/10 saved
[2025-12-30 19:42:32] → Scraping 5896217
[2025-12-30 19:42:32] → Scraping 5895977
[2025-12-30 19:42:32] → Scraping 5894325
[2025-12-30 19:42:32] → Scraping 5897822
[2025-12-30 19:42:32] → Scraping 5893109
[2025-12-30 19:42:32] → Scraping 5938338
[2025-12-30 19:42:32] → Scraping 5894292
[2025-12-30 19:42:32] → Scraping 5897857
[2025-12-30 19:42:32] → Scraping 5897229
[2025-12-30 19:42:32] → Scraping 51073075
[2025-12-30 19:42:36] ✓ Saved 10 listings to CSV
[2025-12-30 19:42:36]   ✓ Batch: 10/10 saved
[2025-12-30 19:42:36] → Scraping 51076657
[2025-12-30 19:42:36] → Scraping 5892042
[2025-12-30 19:42:36] → Scraping 5897771
[2025-12-30 19:42:36] → Scraping 5894296
[2025-12-30 19:42:36] → Scraping 5893311
[2025-12-30 19:42:36] → Scraping 5897848
[2025-12-30 19:42:36] → Scraping 5938341
[2025-12-30 19:42:36] → Scraping 5939376
[2025-12-30 19:42:36] → Scraping 5939607
[2025-12-30 19:42:36] → Scraping 5940167
[2025-12-30 19:42:39] ✓ Saved 10 listings to CSV
[2025-12-30 19:42:39]   ✓ Batch: 10/10 saved
[2025-12-30 19:42:41] 
▶ Page 154
[2025-12-30 19:42:43] ✓ Found 30 listings
[2025-12-30 19:42:43] → Scraping 5896342
[2025-12-30 19:42:43] → Scraping 5939720
[2025-12-30 19:42:43] → Scraping 5940556
[2025-12-30 19:42:43] → Scraping 5940540
[2025-12-30 19:42:43] → Scraping 5974952
[2025-12-30 19:42:43] → Scraping 5940188
[2025-12-30 19:42:43] → Scraping 5895663
[2025-12-30 19:42:43] → Scraping 5938939
[2025-12-30 19:42:43] → Scraping 5938635
[2025-12-30 19:42:43] → Scraping 5907396
[2025-12-30 19:42:46] ✓ Saved 10 listings to CSV
[2025-12-30 19:42:46]   ✓ Batch: 10/10 saved
[2025-12-30 19:42:46] → Scraping 5897476
[2025-12-30 19:42:46] → Scraping 5982521
[2025-12-30 19:42:46] → Scraping 5975389
[2025-12-30 19:42:46] → Scraping 5982351
[2025-12-30 19:42:46] → Scraping 5906564
[2025-12-30 19:42:46] → Scraping 5980488
[2025-12-30 19:42:46] → Scraping 5893514
[2025-12-30 19:42:46] → Scraping 5998733
[2025-12-30 19:42:46] → Scraping 5980483
[2025-12-30 19:42:46] → Scraping 5896012
[2025-12-30 19:42:50] ✓ Saved 10 listings to CSV
[2025-12-30 19:42:50]   ✓ Batch: 10/10 saved
[2025-12-30 19:42:50] → Scraping 5998055
[2025-12-30 19:42:50] → Scraping 5980671
[2025-12-30 19:42:50] → Scraping 5981155
[2025-12-30 19:42:50] → Scraping 5977466
[2025-12-30 19:42:50] → Scraping 5981599
[2025-12-30 19:42:50] → Scraping 5999799
[2025-12-30 19:42:50] → Scraping 5981244
[2025-12-30 19:42:50] → Scraping 5981208
[2025-12-30 19:42:50] → Scraping 5978294
[2025-12-30 19:42:50] → Scraping 5982198
[2025-12-30 19:42:54] ✓ Saved 10 listings to CSV
[2025-12-30 19:42:54]   ✓ Batch: 10/10 saved
[2025-12-30 19:42:56] 
▶ Page 155
[2025-12-30 19:42:57] ✓ Found 30 listings
[2025-12-30 19:42:57] → Scraping 5979784
[2025-12-30 19:42:57] → Scraping 5981608
[2025-12-30 19:42:57] → Scraping 5982214
[2025-12-30 19:42:57] → Scraping 5981924
[2025-12-30 19:42:57] → Scraping 51048672
[2025-12-30 19:42:57] → Scraping 51116930
[2025-12-30 19:42:57] → Scraping 51079557
[2025-12-30 19:42:57] → Scraping 51130352
[2025-12-30 19:42:57] → Scraping 51084852
[2025-12-30 19:42:57] → Scraping 51130350
[2025-12-30 19:43:01] ✓ Saved 10 listings to CSV
[2025-12-30 19:43:01]   ✓ Batch: 10/10 saved
[2025-12-30 19:43:01] → Scraping 51130348
[2025-12-30 19:43:01] → Scraping 51130347
[2025-12-30 19:43:01] → Scraping 2633885
[2025-12-30 19:43:01] → Scraping 51130344
[2025-12-30 19:43:01] → Scraping 51127384
[2025-12-30 19:43:01] → Scraping 51117509
[2025-12-30 19:43:01] → Scraping 51069821
[2025-12-30 19:43:01] → Scraping 51112180
[2025-12-30 19:43:01] → Scraping 51110740
[2025-12-30 19:43:01] → Scraping 51127421
[2025-12-30 19:43:07] ✓ Saved 10 listings to CSV
[2025-12-30 19:43:07]   ✓ Batch: 10/10 saved
[2025-12-30 19:43:07] → Scraping 51127428
[2025-12-30 19:43:07] → Scraping 51114781
[2025-12-30 19:43:07] → Scraping 51062421
[2025-12-30 19:43:07] → Scraping 51109300
[2025-12-30 19:43:07] → Scraping 51048342
[2025-12-30 19:43:07] → Scraping 51065521
[2025-12-30 19:43:07] → Scraping 51107582
[2025-12-30 19:43:07] → Scraping 51068780
[2025-12-30 19:43:07] → Scraping 51084301
[2025-12-30 19:43:07] → Scraping 51111429
[2025-12-30 19:43:11] ✓ Saved 10 listings to CSV
[2025-12-30 19:43:11]   ✓ Batch: 10/10 saved
[2025-12-30 19:43:13] 
▶ Page 156
[2025-12-30 19:43:15] ✓ Found 30 listings
[2025-12-30 19:43:15] → Scraping 51066267
[2025-12-30 19:43:15] → Scraping 51061757
[2025-12-30 19:43:15] → Scraping 51047126
[2025-12-30 19:43:15] → Scraping 51082855
[2025-12-30 19:43:15] → Scraping 51048586
[2025-12-30 19:43:15] → Scraping 3236742
[2025-12-30 19:43:15] → Scraping 51123801
[2025-12-30 19:43:15] → Scraping 2640628
[2025-12-30 19:43:15] → Scraping 2640627
[2025-12-30 19:43:15] → Scraping 2640626
[2025-12-30 19:43:18] ✓ Saved 10 listings to CSV
[2025-12-30 19:43:18]   ✓ Batch: 10/10 saved
[2025-12-30 19:43:18] → Scraping 2640623
[2025-12-30 19:43:18] → Scraping 51130340
[2025-12-30 19:43:18] → Scraping 51130339
[2025-12-30 19:43:18] → Scraping 51127342
[2025-12-30 19:43:18] → Scraping 51130338
[2025-12-30 19:43:18] → Scraping 51130337
[2025-12-30 19:43:18] → Scraping 51121543
[2025-12-30 19:43:18] → Scraping 51130336
[2025-12-30 19:43:18] → Scraping 51130335
[2025-12-30 19:43:18] → Scraping 2640622
[2025-12-30 19:43:23] ✓ Saved 10 listings to CSV
[2025-12-30 19:43:23]   ✓ Batch: 10/10 saved
[2025-12-30 19:43:23] → Scraping 51104991
[2025-12-30 19:43:23] → Scraping 51130334
[2025-12-30 19:43:23] → Scraping 51130333
[2025-12-30 19:43:23] → Scraping 51130332
[2025-12-30 19:43:23] → Scraping 51130331
[2025-12-30 19:43:23] → Scraping 51130330
[2025-12-30 19:43:23] → Scraping 51130329
[2025-12-30 19:43:23] → Scraping 51130328
[2025-12-30 19:43:23] → Scraping 51130326
[2025-12-30 19:43:23] → Scraping 51130325
[2025-12-30 19:43:27] ✓ Saved 10 listings to CSV
[2025-12-30 19:43:27]   ✓ Batch: 10/10 saved
[2025-12-30 19:43:29] 
▶ Page 157
[2025-12-30 19:43:31] ✓ Found 30 listings
[2025-12-30 19:43:31] → Scraping 51130324
[2025-12-30 19:43:31] → Scraping 51121229
[2025-12-30 19:43:31] → Scraping 5503617
[2025-12-30 19:43:31] → Scraping 5531409
[2025-12-30 19:43:31] → Scraping 5482880
[2025-12-30 19:43:31] → Scraping 5534257
[2025-12-30 19:43:31] → Scraping 5540802
[2025-12-30 19:43:31] → Scraping 51130323
[2025-12-30 19:43:31] → Scraping 2640620
[2025-12-30 19:43:31] → Scraping 5998684
[2025-12-30 19:43:34] ✓ Saved 10 listings to CSV
[2025-12-30 19:43:34]   ✓ Batch: 10/10 saved
[2025-12-30 19:43:34] → Scraping 5998695
[2025-12-30 19:43:34] → Scraping 5998682
[2025-12-30 19:43:34] → Scraping 5998689
[2025-12-30 19:43:34] → Scraping 51130321
[2025-12-30 19:43:34] → Scraping 2640617
[2025-12-30 19:43:34] → Scraping 2640616
[2025-12-30 19:43:34] → Scraping 51130320
[2025-12-30 19:43:34] → Scraping 51117975
[2025-12-30 19:43:34] → Scraping 51117971
[2025-12-30 19:43:34] → Scraping 51130319
[2025-12-30 19:43:38] ✓ Saved 10 listings to CSV
[2025-12-30 19:43:38]   ✓ Batch: 10/10 saved
[2025-12-30 19:43:38] → Scraping 51124487
[2025-12-30 19:43:38] → Scraping 51130316
[2025-12-30 19:43:38] → Scraping 51126981
[2025-12-30 19:43:38] → Scraping 51127334
[2025-12-30 19:43:38] → Scraping 2640615
[2025-12-30 19:43:38] → Scraping 51126848
[2025-12-30 19:43:38] → Scraping 51087169
[2025-12-30 19:43:38] → Scraping 51091547
[2025-12-30 19:43:38] → Scraping 51049409
[2025-12-30 19:43:38] → Scraping 51074393
[2025-12-30 19:43:41] ✓ Saved 10 listings to CSV
[2025-12-30 19:43:41]   ✓ Batch: 10/10 saved
[2025-12-30 19:43:43] 
▶ Page 158
[2025-12-30 19:43:45] ✓ Found 30 listings
[2025-12-30 19:43:45] → Scraping 51055049
[2025-12-30 19:43:45] → Scraping 51009689
[2025-12-30 19:43:45] → Scraping 51036997
[2025-12-30 19:43:45] → Scraping 51106322
[2025-12-30 19:43:45] → Scraping 51106319
[2025-12-30 19:43:45] → Scraping 51099856
[2025-12-30 19:43:45] → Scraping 51065528
[2025-12-30 19:43:45] → Scraping 51051530
[2025-12-30 19:43:45] → Scraping 51044294
[2025-12-30 19:43:45] → Scraping 51067246
[2025-12-30 19:43:48] ✓ Saved 10 listings to CSV
[2025-12-30 19:43:48]   ✓ Batch: 10/10 saved
[2025-12-30 19:43:48] → Scraping 51065349
[2025-12-30 19:43:48] → Scraping 51064665
[2025-12-30 19:43:48] → Scraping 51031577
[2025-12-30 19:43:48] → Scraping 51047678
[2025-12-30 19:43:48] → Scraping 51065353
[2025-12-30 19:43:48] → Scraping 51065352
[2025-12-30 19:43:48] → Scraping 51065351
[2025-12-30 19:43:48] → Scraping 51105859
[2025-12-30 19:43:48] → Scraping 51105857
[2025-12-30 19:43:48] → Scraping 51089734
[2025-12-30 19:43:52] ✓ Saved 10 listings to CSV
[2025-12-30 19:43:52]   ✓ Batch: 10/10 saved
[2025-12-30 19:43:52] → Scraping 51043620
[2025-12-30 19:43:52] → Scraping 51105220
[2025-12-30 19:43:52] → Scraping 51105224
[2025-12-30 19:43:52] → Scraping 51105225
[2025-12-30 19:43:52] → Scraping 51105226
[2025-12-30 19:43:52] → Scraping 51060827
[2025-12-30 19:43:52] → Scraping 51012780
[2025-12-30 19:43:52] → Scraping 51060892
[2025-12-30 19:43:52] → Scraping 51067248
[2025-12-30 19:43:52] → Scraping 51010271
[2025-12-30 19:43:56] ✓ Saved 10 listings to CSV
[2025-12-30 19:43:56]   ✓ Batch: 10/10 saved
[2025-12-30 19:43:58] 
▶ Page 159
[2025-12-30 19:43:59] ✓ Found 30 listings
[2025-12-30 19:43:59] → Scraping 51130315
[2025-12-30 19:43:59] → Scraping 51127051
[2025-12-30 19:43:59] → Scraping 51130314
[2025-12-30 19:43:59] → Scraping 51114944
[2025-12-30 19:43:59] → Scraping 51115035
[2025-12-30 19:43:59] → Scraping 2640614
[2025-12-30 19:43:59] → Scraping 51130313
[2025-12-30 19:43:59] → Scraping 51126967
[2025-12-30 19:43:59] → Scraping 51118059
[2025-12-30 19:43:59] → Scraping 51130310
[2025-12-30 19:44:02] ✓ Saved 10 listings to CSV
[2025-12-30 19:44:02]   ✓ Batch: 10/10 saved
[2025-12-30 19:44:02] → Scraping 51127290
[2025-12-30 19:44:02] → Scraping 51058040
[2025-12-30 19:44:02] → Scraping 51098907
[2025-12-30 19:44:02] → Scraping 51062183
[2025-12-30 19:44:02] → Scraping 51046361
[2025-12-30 19:44:02] → Scraping 51063080
[2025-12-30 19:44:02] → Scraping 51069882
[2025-12-30 19:44:02] → Scraping 51068570
[2025-12-30 19:44:02] → Scraping 51063181
[2025-12-30 19:44:02] → Scraping 2640612
[2025-12-30 19:44:06] ✓ Saved 10 listings to CSV
[2025-12-30 19:44:06]   ✓ Batch: 10/10 saved
[2025-12-30 19:44:06] → Scraping 51053161
[2025-12-30 19:44:06] → Scraping 51034219
[2025-12-30 19:44:06] → Scraping 51048801
[2025-12-30 19:44:06] → Scraping 51034160
[2025-12-30 19:44:06] → Scraping 51048604
[2025-12-30 19:44:06] → Scraping 51048818
[2025-12-30 19:44:06] → Scraping 51035279
[2025-12-30 19:44:06] → Scraping 51034164
[2025-12-30 19:44:06] → Scraping 51054113
[2025-12-30 19:44:06] → Scraping 51054110
[2025-12-30 19:44:10] ✓ Saved 10 listings to CSV
[2025-12-30 19:44:10]   ✓ Batch: 10/10 saved
[2025-12-30 19:44:12] 
▶ Page 160
[2025-12-30 19:44:13] ✓ Found 30 listings
[2025-12-30 19:44:13] → Scraping 51054108
[2025-12-30 19:44:13] → Scraping 51012974
[2025-12-30 19:44:13] → Scraping 51012758
[2025-12-30 19:44:13] → Scraping 51012742
[2025-12-30 19:44:13] → Scraping 137273
[2025-12-30 19:44:13] → Scraping 51012740
[2025-12-30 19:44:13] → Scraping 51012737
[2025-12-30 19:44:13] → Scraping 51048664
[2025-12-30 19:44:13] → Scraping 51012249
[2025-12-30 19:44:13] → Scraping 51012736
[2025-12-30 19:44:17] ✓ Saved 10 listings to CSV
[2025-12-30 19:44:17]   ✓ Batch: 10/10 saved
[2025-12-30 19:44:17] → Scraping 51012694
[2025-12-30 19:44:17] → Scraping 51012726
[2025-12-30 19:44:17] → Scraping 51012693
[2025-12-30 19:44:17] → Scraping 51012471
[2025-12-30 19:44:17] → Scraping 51012464
[2025-12-30 19:44:17] → Scraping 51012463
[2025-12-30 19:44:17] → Scraping 51012462
[2025-12-30 19:44:17] → Scraping 51012460
[2025-12-30 19:44:17] → Scraping 51034161
[2025-12-30 19:44:17] → Scraping 51048820
[2025-12-30 19:44:21] ✓ Saved 10 listings to CSV
[2025-12-30 19:44:21]   ✓ Batch: 10/10 saved
[2025-12-30 19:44:21] → Scraping 51048803
[2025-12-30 19:44:21] → Scraping 51012288
[2025-12-30 19:44:21] → Scraping 51012972
[2025-12-30 19:44:21] → Scraping 51012250
[2025-12-30 19:44:21] → Scraping 51012248
[2025-12-30 19:44:21] → Scraping 51012864
[2025-12-30 19:44:21] → Scraping 51012246
[2025-12-30 19:44:21] → Scraping 51012240
[2025-12-30 19:44:21] → Scraping 51012243
[2025-12-30 19:44:21] → Scraping 51012236
[2025-12-30 19:44:24] ✓ Saved 10 listings to CSV
[2025-12-30 19:44:24]   ✓ Batch: 10/10 saved
[2025-12-30 19:44:26] 
▶ Page 161
[2025-12-30 19:44:28] ✓ Found 30 listings
[2025-12-30 19:44:28] → Scraping 51012238
[2025-12-30 19:44:28] → Scraping 51012152
[2025-12-30 19:44:28] → Scraping 51014792
[2025-12-30 19:44:28] → Scraping 51014788
[2025-12-30 19:44:28] → Scraping 51014791
[2025-12-30 19:44:28] → Scraping 51015010
[2025-12-30 19:44:28] → Scraping 51028938
[2025-12-30 19:44:28] → Scraping 51014789
[2025-12-30 19:44:28] → Scraping 51009154
[2025-12-30 19:44:28] → Scraping 51039829
[2025-12-30 19:44:31] ✓ Saved 10 listings to CSV
[2025-12-30 19:44:31]   ✓ Batch: 10/10 saved
[2025-12-30 19:44:31] → Scraping 51026604
[2025-12-30 19:44:31] → Scraping 51008480
[2025-12-30 19:44:31] → Scraping 51009854
[2025-12-30 19:44:31] → Scraping 51039842
[2025-12-30 19:44:31] → Scraping 51009851
[2025-12-30 19:44:31] → Scraping 51009153
[2025-12-30 19:44:31] → Scraping 51009411
[2025-12-30 19:44:31] → Scraping 51009386
[2025-12-30 19:44:31] → Scraping 51009250
[2025-12-30 19:44:31] → Scraping 51039905
[2025-12-30 19:44:35] ✓ Saved 10 listings to CSV
[2025-12-30 19:44:35]   ✓ Batch: 10/10 saved
[2025-12-30 19:44:35] → Scraping 51011586
[2025-12-30 19:44:35] → Scraping 51039878
[2025-12-30 19:44:35] → Scraping 51040049
[2025-12-30 19:44:35] → Scraping 51026574
[2025-12-30 19:44:35] → Scraping 51026600
[2025-12-30 19:44:35] → Scraping 51026575
[2025-12-30 19:44:35] → Scraping 51026601
[2025-12-30 19:44:35] → Scraping 51026879
[2025-12-30 19:44:35] → Scraping 51026880
[2025-12-30 19:44:35] → Scraping 51026605
[2025-12-30 19:44:38] ✓ Saved 10 listings to CSV
[2025-12-30 19:44:38]   ✓ Batch: 10/10 saved
[2025-12-30 19:44:40] 
▶ Page 162
[2025-12-30 19:44:42] ✓ Found 30 listings
[2025-12-30 19:44:42] → Scraping 51026877
[2025-12-30 19:44:42] → Scraping 51026878
[2025-12-30 19:44:42] → Scraping 51026881
[2025-12-30 19:44:42] → Scraping 51026900
[2025-12-30 19:44:42] → Scraping 51026882
[2025-12-30 19:44:42] → Scraping 51026901
[2025-12-30 19:44:42] → Scraping 51026906
[2025-12-30 19:44:42] → Scraping 51026904
[2025-12-30 19:44:42] → Scraping 51011587
[2025-12-30 19:44:42] → Scraping 51027147
[2025-12-30 19:44:46] ✓ Saved 10 listings to CSV
[2025-12-30 19:44:46]   ✓ Batch: 10/10 saved
[2025-12-30 19:44:46] → Scraping 51036061
[2025-12-30 19:44:46] → Scraping 51026907
[2025-12-30 19:44:46] → Scraping 51027149
[2025-12-30 19:44:46] → Scraping 51027148
[2025-12-30 19:44:46] → Scraping 51026602
[2025-12-30 19:44:46] → Scraping 51027172
[2025-12-30 19:44:46] → Scraping 51027171
[2025-12-30 19:44:46] → Scraping 51027418
[2025-12-30 19:44:46] → Scraping 51027417
[2025-12-30 19:44:46] → Scraping 51027173
[2025-12-30 19:44:49] ✓ Saved 10 listings to CSV
[2025-12-30 19:44:49]   ✓ Batch: 10/10 saved
[2025-12-30 19:44:49] → Scraping 51027428
[2025-12-30 19:44:49] → Scraping 487188
[2025-12-30 19:44:49] → Scraping 51027425
[2025-12-30 19:44:49] → Scraping 51027426
[2025-12-30 19:44:49] → Scraping 51027451
[2025-12-30 19:44:49] → Scraping 51027427
[2025-12-30 19:44:49] → Scraping 51026899
[2025-12-30 19:44:49] → Scraping 51027429
[2025-12-30 19:44:49] → Scraping 51027975
[2025-12-30 19:44:49] → Scraping 51036058
[2025-12-30 19:44:53] ✓ Saved 10 listings to CSV
[2025-12-30 19:44:53]   ✓ Batch: 10/10 saved
[2025-12-30 19:44:55] 
▶ Page 163
[2025-12-30 19:44:56] ✓ Found 30 listings
[2025-12-30 19:44:56] → Scraping 51033189
[2025-12-30 19:44:56] → Scraping 51033185
[2025-12-30 19:44:56] → Scraping 51027958
[2025-12-30 19:44:56] → Scraping 51033191
[2025-12-30 19:44:56] → Scraping 51092827
[2025-12-30 19:44:56] → Scraping 51033477
[2025-12-30 19:44:56] → Scraping 51080218
[2025-12-30 19:44:56] → Scraping 51080225
[2025-12-30 19:44:56] → Scraping 51080226
[2025-12-30 19:44:56] → Scraping 51080227
[2025-12-30 19:45:00] ✓ Saved 10 listings to CSV
[2025-12-30 19:45:00]   ✓ Batch: 10/10 saved
[2025-12-30 19:45:00] → Scraping 51027424
[2025-12-30 19:45:00] → Scraping 51080228
[2025-12-30 19:45:00] → Scraping 51079916
[2025-12-30 19:45:00] → Scraping 51088876
[2025-12-30 19:45:00] → Scraping 51088872
[2025-12-30 19:45:00] → Scraping 51088882
[2025-12-30 19:45:00] → Scraping 51088878
[2025-12-30 19:45:00] → Scraping 51088888
[2025-12-30 19:45:00] → Scraping 51092824
[2025-12-30 19:45:00] → Scraping 51088887
[2025-12-30 19:45:04] ✓ Saved 10 listings to CSV
[2025-12-30 19:45:04]   ✓ Batch: 10/10 saved
[2025-12-30 19:45:04] → Scraping 51092819
[2025-12-30 19:45:04] → Scraping 51092818
[2025-12-30 19:45:04] → Scraping 51049080
[2025-12-30 19:45:04] → Scraping 51049079
[2025-12-30 19:45:04] → Scraping 51049077
[2025-12-30 19:45:04] → Scraping 51092817
[2025-12-30 19:45:04] → Scraping 51092814
[2025-12-30 19:45:04] → Scraping 51080222
[2025-12-30 19:45:04] → Scraping 51080221
[2025-12-30 19:45:04] → Scraping 51092811
[2025-12-30 19:45:07] ✓ Saved 10 listings to CSV
[2025-12-30 19:45:07]   ✓ Batch: 10/10 saved
[2025-12-30 19:45:09] 
▶ Page 164
[2025-12-30 19:45:11] ✓ Found 30 listings
[2025-12-30 19:45:11] → Scraping 51092808
[2025-12-30 19:45:11] → Scraping 51092807
[2025-12-30 19:45:11] → Scraping 51092806
[2025-12-30 19:45:11] → Scraping 51092792
[2025-12-30 19:45:11] → Scraping 51080233
[2025-12-30 19:45:11] → Scraping 51092791
[2025-12-30 19:45:11] → Scraping 51080030
[2025-12-30 19:45:11] → Scraping 51088401
[2025-12-30 19:45:11] → Scraping 51030265
[2025-12-30 19:45:11] → Scraping 51030000
[2025-12-30 19:45:14] ✓ Saved 10 listings to CSV
[2025-12-30 19:45:14]   ✓ Batch: 10/10 saved
[2025-12-30 19:45:14] → Scraping 51092826
[2025-12-30 19:45:14] → Scraping 51030006
[2025-12-30 19:45:14] → Scraping 51062001
[2025-12-30 19:45:14] → Scraping 51049081
[2025-12-30 19:45:14] → Scraping 51049078
[2025-12-30 19:45:14] → Scraping 51049082
[2025-12-30 19:45:14] → Scraping 51092809
[2025-12-30 19:45:14] → Scraping 51049076
[2025-12-30 19:45:14] → Scraping 51049075
[2025-12-30 19:45:14] → Scraping 51049740
[2025-12-30 19:45:18] ✓ Saved 10 listings to CSV
[2025-12-30 19:45:18]   ✓ Batch: 10/10 saved
[2025-12-30 19:45:18] → Scraping 51049738
[2025-12-30 19:45:18] → Scraping 51049737
[2025-12-30 19:45:18] → Scraping 51049085
[2025-12-30 19:45:18] → Scraping 51049736
[2025-12-30 19:45:18] → Scraping 51049732
[2025-12-30 19:45:18] → Scraping 51049731
[2025-12-30 19:45:18] → Scraping 51049573
[2025-12-30 19:45:18] → Scraping 51049572
[2025-12-30 19:45:18] → Scraping 51049569
[2025-12-30 19:45:18] → Scraping 51049571
[2025-12-30 19:45:22] ✓ Saved 10 listings to CSV
[2025-12-30 19:45:22]   ✓ Batch: 10/10 saved
[2025-12-30 19:45:24] 
▶ Page 165
[2025-12-30 19:45:25] ✓ Found 30 listings
[2025-12-30 19:45:25] → Scraping 51049570
[2025-12-30 19:45:25] → Scraping 51063250
[2025-12-30 19:45:25] → Scraping 51063253
[2025-12-30 19:45:25] → Scraping 51063254
[2025-12-30 19:45:25] → Scraping 51012971
[2025-12-30 19:45:25] → Scraping 51013163
[2025-12-30 19:45:25] → Scraping 51049735
[2025-12-30 19:45:25] → Scraping 51063255
[2025-12-30 19:45:25] → Scraping 51012760
[2025-12-30 19:45:25] → Scraping 51012728
[2025-12-30 19:45:29] ✓ Saved 10 listings to CSV
[2025-12-30 19:45:29]   ✓ Batch: 10/10 saved
[2025-12-30 19:45:29] → Scraping 51012468
[2025-12-30 19:45:29] → Scraping 51012465
[2025-12-30 19:45:29] → Scraping 51013164
[2025-12-30 19:45:29] → Scraping 51049734
[2025-12-30 19:45:29] → Scraping 51049733
[2025-12-30 19:45:29] → Scraping 51036057
[2025-12-30 19:45:29] → Scraping 51033194
[2025-12-30 19:45:29] → Scraping 51049574
[2025-12-30 19:45:29] → Scraping 51012461
[2025-12-30 19:45:29] → Scraping 51033187
[2025-12-30 19:45:33] ✓ Saved 10 listings to CSV
[2025-12-30 19:45:33]   ✓ Batch: 10/10 saved
[2025-12-30 19:45:33] → Scraping 51030737
[2025-12-30 19:45:33] → Scraping 51033193
[2025-12-30 19:45:33] → Scraping 51120752
[2025-12-30 19:45:33] → Scraping 51120754
[2025-12-30 19:45:33] → Scraping 51120746
[2025-12-30 19:45:33] → Scraping 51117476
[2025-12-30 19:45:33] → Scraping 51120749
[2025-12-30 19:45:33] → Scraping 487046
[2025-12-30 19:45:33] → Scraping 51126794
[2025-12-30 19:45:33] → Scraping 51124389
[2025-12-30 19:45:36] ✓ Saved 10 listings to CSV
[2025-12-30 19:45:36]   ✓ Batch: 10/10 saved
[2025-12-30 19:45:38] 
▶ Page 166
[2025-12-30 19:45:39] ✓ Found 30 listings
[2025-12-30 19:45:39] → Scraping 51124004
[2025-12-30 19:45:39] → Scraping 51124387
[2025-12-30 19:45:39] → Scraping 51127454
[2025-12-30 19:45:39] → Scraping 51126789
[2025-12-30 19:45:39] → Scraping 51124050
[2025-12-30 19:45:39] → Scraping 51123852
[2025-12-30 19:45:39] → Scraping 51127452
[2025-12-30 19:45:39] → Scraping 51105600
[2025-12-30 19:45:39] → Scraping 51102070
[2025-12-30 19:45:39] → Scraping 51116428
[2025-12-30 19:45:43] ✓ Saved 10 listings to CSV
[2025-12-30 19:45:43]   ✓ Batch: 10/10 saved
[2025-12-30 19:45:43] → Scraping 51087714
[2025-12-30 19:45:43] → Scraping 51115036
[2025-12-30 19:45:43] → Scraping 51115157
[2025-12-30 19:45:43] → Scraping 51116537
[2025-12-30 19:45:43] → Scraping 51130308
[2025-12-30 19:45:43] → Scraping 51124476
[2025-12-30 19:45:43] → Scraping 51124390
[2025-12-30 19:45:43] → Scraping 2640610
[2025-12-30 19:45:43] → Scraping 2640609
[2025-12-30 19:45:43] → Scraping 2635962
[2025-12-30 19:45:47] ✓ Saved 10 listings to CSV
[2025-12-30 19:45:47]   ✓ Batch: 10/10 saved
[2025-12-30 19:45:47] → Scraping 2637444
[2025-12-30 19:45:47] → Scraping 2637457
[2025-12-30 19:45:47] → Scraping 2635964
[2025-12-30 19:45:47] → Scraping 51130307
[2025-12-30 19:45:47] → Scraping 5222940
[2025-12-30 19:45:47] → Scraping 5592483
[2025-12-30 19:45:47] → Scraping 51037136
[2025-12-30 19:45:47] → Scraping 51101966
[2025-12-30 19:45:47] → Scraping 51008396
[2025-12-30 19:45:47] → Scraping 51101965
[2025-12-30 19:45:50] ✓ Saved 10 listings to CSV
[2025-12-30 19:45:50]   ✓ Batch: 10/10 saved
[2025-12-30 19:45:52] 
▶ Page 167
[2025-12-30 19:45:53] ✓ Found 30 listings
[2025-12-30 19:45:53] → Scraping 5216406
[2025-12-30 19:45:53] → Scraping 51101964
[2025-12-30 19:45:53] → Scraping 5960886
[2025-12-30 19:45:53] → Scraping 5216023
[2025-12-30 19:45:53] → Scraping 5409174
[2025-12-30 19:45:53] → Scraping 5409175
[2025-12-30 19:45:53] → Scraping 5606451
[2025-12-30 19:45:53] → Scraping 5497138
[2025-12-30 19:45:53] → Scraping 5497137
[2025-12-30 19:45:53] → Scraping 51037139
[2025-12-30 19:45:57] ✓ Saved 10 listings to CSV
[2025-12-30 19:45:57]   ✓ Batch: 10/10 saved
[2025-12-30 19:45:57] → Scraping 5482754
[2025-12-30 19:45:57] → Scraping 5237146
[2025-12-30 19:45:57] → Scraping 5296324
[2025-12-30 19:45:57] → Scraping 2640608
[2025-12-30 19:45:57] → Scraping 51065970
[2025-12-30 19:45:57] → Scraping 51093028
[2025-12-30 19:45:57] → Scraping 487187
[2025-12-30 19:45:57] → Scraping 51104839
[2025-12-30 19:45:57] → Scraping 51038517
[2025-12-30 19:45:57] → Scraping 51130306
[2025-12-30 19:46:01] ✓ Saved 10 listings to CSV
[2025-12-30 19:46:01]   ✓ Batch: 10/10 saved
[2025-12-30 19:46:01] → Scraping 487186
[2025-12-30 19:46:01] → Scraping 51130305
[2025-12-30 19:46:01] → Scraping 51124220
[2025-12-30 19:46:01] → Scraping 2619140
[2025-12-30 19:46:01] → Scraping 2634695
[2025-12-30 19:46:01] → Scraping 51130303
[2025-12-30 19:46:01] → Scraping 51130302
[2025-12-30 19:46:01] → Scraping 51130301
[2025-12-30 19:46:01] → Scraping 51130300
[2025-12-30 19:46:01] → Scraping 51130299
[2025-12-30 19:46:05] ✓ Saved 10 listings to CSV
[2025-12-30 19:46:05]   ✓ Batch: 10/10 saved
[2025-12-30 19:46:07] 
▶ Page 168
[2025-12-30 19:46:08] ✓ Found 30 listings
[2025-12-30 19:46:08] → Scraping 51130298
[2025-12-30 19:46:08] → Scraping 51130297
[2025-12-30 19:46:08] → Scraping 51130295
[2025-12-30 19:46:08] → Scraping 51130294
[2025-12-30 19:46:08] → Scraping 2640605
[2025-12-30 19:46:08] → Scraping 2640606
[2025-12-30 19:46:08] → Scraping 2633177
[2025-12-30 19:46:08] → Scraping 51130293
[2025-12-30 19:46:08] → Scraping 5998691
[2025-12-30 19:46:08] → Scraping 2640602
[2025-12-30 19:46:12] ✓ Saved 10 listings to CSV
[2025-12-30 19:46:12]   ✓ Batch: 10/10 saved
[2025-12-30 19:46:12] → Scraping 51005311
[2025-12-30 19:46:12] → Scraping 51004379
[2025-12-30 19:46:12] → Scraping 51005269
[2025-12-30 19:46:12] → Scraping 51004383
[2025-12-30 19:46:12] → Scraping 2638145
[2025-12-30 19:46:12] → Scraping 51120281
[2025-12-30 19:46:12] → Scraping 51120268
[2025-12-30 19:46:12] → Scraping 2640601
[2025-12-30 19:46:12] → Scraping 51089651
[2025-12-30 19:46:12] → Scraping 51130291
[2025-12-30 19:46:16] ✓ Saved 10 listings to CSV
[2025-12-30 19:46:16]   ✓ Batch: 10/10 saved
[2025-12-30 19:46:16] → Scraping 2640600
[2025-12-30 19:46:16] → Scraping 51099455
[2025-12-30 19:46:16] → Scraping 51112150
[2025-12-30 19:46:16] → Scraping 51130289
[2025-12-30 19:46:16] → Scraping 51028557
[2025-12-30 19:46:16] → Scraping 5974431
[2025-12-30 19:46:16] → Scraping 51130288
[2025-12-30 19:46:16] → Scraping 2633179
[2025-12-30 19:46:16] → Scraping 51130287
[2025-12-30 19:46:16] → Scraping 51098300
[2025-12-30 19:46:19] ✓ Saved 10 listings to CSV
[2025-12-30 19:46:19]   ✓ Batch: 10/10 saved
[2025-12-30 19:46:21] 
▶ Page 169
[2025-12-30 19:46:22] ✓ Found 30 listings
[2025-12-30 19:46:22] → Scraping 51082821
[2025-12-30 19:46:22] → Scraping 51093141
[2025-12-30 19:46:22] → Scraping 51097677
[2025-12-30 19:46:22] → Scraping 51101837
[2025-12-30 19:46:22] → Scraping 51084724
[2025-12-30 19:46:22] → Scraping 51122113
[2025-12-30 19:46:22] → Scraping 51130286
[2025-12-30 19:46:22] → Scraping 2640599
[2025-12-30 19:46:22] → Scraping 51130285
[2025-12-30 19:46:22] → Scraping 51130284
[2025-12-30 19:46:26] ✓ Saved 10 listings to CSV
[2025-12-30 19:46:26]   ✓ Batch: 10/10 saved
[2025-12-30 19:46:26] → Scraping 51118563
[2025-12-30 19:46:26] → Scraping 51117892
[2025-12-30 19:46:26] → Scraping 2638949
[2025-12-30 19:46:26] → Scraping 51061754
[2025-12-30 19:46:26] → Scraping 51059879
[2025-12-30 19:46:26] → Scraping 51104894
[2025-12-30 19:46:26] → Scraping 51104898
[2025-12-30 19:46:26] → Scraping 51069004
[2025-12-30 19:46:26] → Scraping 51048198
[2025-12-30 19:46:26] → Scraping 2640597
[2025-12-30 19:46:29] ✓ Saved 10 listings to CSV
[2025-12-30 19:46:29]   ✓ Batch: 10/10 saved
[2025-12-30 19:46:29] → Scraping 487185
[2025-12-30 19:46:29] → Scraping 51130274
[2025-12-30 19:46:29] → Scraping 2640596
[2025-12-30 19:46:29] → Scraping 51107432
[2025-12-30 19:46:29] → Scraping 51130273
[2025-12-30 19:46:29] → Scraping 5474219
[2025-12-30 19:46:29] → Scraping 5529784
[2025-12-30 19:46:29] → Scraping 5515115
[2025-12-30 19:46:29] → Scraping 5964305
[2025-12-30 19:46:29] → Scraping 5498353
[2025-12-30 19:46:33] ✓ Saved 10 listings to CSV
[2025-12-30 19:46:33]   ✓ Batch: 10/10 saved
[2025-12-30 19:46:35] 
▶ Page 170
[2025-12-30 19:46:36] ✓ Found 30 listings
[2025-12-30 19:46:36] → Scraping 51117856
[2025-12-30 19:46:36] → Scraping 51130272
[2025-12-30 19:46:36] → Scraping 2640595
[2025-12-30 19:46:36] → Scraping 2640594
[2025-12-30 19:46:36] → Scraping 51101941
[2025-12-30 19:46:36] → Scraping 51130270
[2025-12-30 19:46:36] → Scraping 2640593
[2025-12-30 19:46:36] → Scraping 51130269
[2025-12-30 19:46:36] → Scraping 51130268
[2025-12-30 19:46:36] → Scraping 51130267
[2025-12-30 19:46:40] ✓ Saved 10 listings to CSV
[2025-12-30 19:46:40]   ✓ Batch: 10/10 saved
[2025-12-30 19:46:40] → Scraping 51130266
[2025-12-30 19:46:40] → Scraping 3239776
[2025-12-30 19:46:40] → Scraping 51094292
[2025-12-30 19:46:40] → Scraping 51086133
[2025-12-30 19:46:40] → Scraping 51130264
[2025-12-30 19:46:40] → Scraping 51130263
[2025-12-30 19:46:40] → Scraping 51130262
[2025-12-30 19:46:40] → Scraping 51130261
[2025-12-30 19:46:40] → Scraping 2640592
[2025-12-30 19:46:40] → Scraping 2640591
[2025-12-30 19:46:43] ✓ Saved 10 listings to CSV
[2025-12-30 19:46:43]   ✓ Batch: 10/10 saved
[2025-12-30 19:46:43] → Scraping 2640588
[2025-12-30 19:46:43] → Scraping 51116306
[2025-12-30 19:46:43] → Scraping 5479562
[2025-12-30 19:46:43] → Scraping 5598283
[2025-12-30 19:46:43] → Scraping 2640587
[2025-12-30 19:46:43] → Scraping 51130260
[2025-12-30 19:46:43] → Scraping 51127336
[2025-12-30 19:46:43] → Scraping 487183
[2025-12-30 19:46:43] → Scraping 51130258
[2025-12-30 19:46:43] → Scraping 51130257
[2025-12-30 19:46:47] ✓ Saved 10 listings to CSV
[2025-12-30 19:46:47]   ✓ Batch: 10/10 saved
[2025-12-30 19:46:49] 
▶ Page 171
[2025-12-30 19:46:50] ✓ Found 30 listings
[2025-12-30 19:46:50] → Scraping 5804155
[2025-12-30 19:46:50] → Scraping 51120613
[2025-12-30 19:46:50] → Scraping 51118022
[2025-12-30 19:46:50] → Scraping 2640585
[2025-12-30 19:46:50] → Scraping 2637259
[2025-12-30 19:46:50] → Scraping 51130256
[2025-12-30 19:46:50] → Scraping 51130255
[2025-12-30 19:46:50] → Scraping 51130254
[2025-12-30 19:46:50] → Scraping 51130253
[2025-12-30 19:46:50] → Scraping 51130252
[2025-12-30 19:46:54] ✓ Saved 10 listings to CSV
[2025-12-30 19:46:54]   ✓ Batch: 10/10 saved
[2025-12-30 19:46:54] → Scraping 51130251
[2025-12-30 19:46:54] → Scraping 51130250
[2025-12-30 19:46:54] → Scraping 51130249
[2025-12-30 19:46:54] → Scraping 2640584
[2025-12-30 19:46:54] → Scraping 2640583
[2025-12-30 19:46:54] → Scraping 2640582
[2025-12-30 19:46:54] → Scraping 51130248
[2025-12-30 19:46:54] → Scraping 51030687
[2025-12-30 19:46:54] → Scraping 51017473
[2025-12-30 19:46:54] → Scraping 51003898
[2025-12-30 19:46:57] ✓ Saved 10 listings to CSV
[2025-12-30 19:46:57]   ✓ Batch: 10/10 saved
[2025-12-30 19:46:57] → Scraping 51006084
[2025-12-30 19:46:57] → Scraping 51038091
[2025-12-30 19:46:57] → Scraping 51003848
[2025-12-30 19:46:57] → Scraping 51004866
[2025-12-30 19:46:57] → Scraping 51014283
[2025-12-30 19:46:57] → Scraping 51007624
[2025-12-30 19:46:57] → Scraping 484534
[2025-12-30 19:46:57] → Scraping 2563815
[2025-12-30 19:46:57] → Scraping 2563961
[2025-12-30 19:46:57] → Scraping 51123165
[2025-12-30 19:47:00] ✓ Saved 10 listings to CSV
[2025-12-30 19:47:00]   ✓ Batch: 10/10 saved
[2025-12-30 19:47:02] 
▶ Page 172
[2025-12-30 19:47:04] ✓ Found 30 listings
[2025-12-30 19:47:04] → Scraping 51126586
[2025-12-30 19:47:04] → Scraping 51123164
[2025-12-30 19:47:04] → Scraping 51130247
[2025-12-30 19:47:04] → Scraping 2640580
[2025-12-30 19:47:04] → Scraping 2640579
[2025-12-30 19:47:04] → Scraping 2640578
[2025-12-30 19:47:04] → Scraping 2640577
[2025-12-30 19:47:04] → Scraping 51130246
[2025-12-30 19:47:04] → Scraping 2640576
[2025-12-30 19:47:04] → Scraping 51080552
[2025-12-30 19:47:07] ✓ Saved 10 listings to CSV
[2025-12-30 19:47:07]   ✓ Batch: 10/10 saved
[2025-12-30 19:47:07] → Scraping 5919978
[2025-12-30 19:47:07] → Scraping 5768016
[2025-12-30 19:47:07] → Scraping 5909530
[2025-12-30 19:47:07] → Scraping 5893599
[2025-12-30 19:47:07] → Scraping 5866839
[2025-12-30 19:47:07] → Scraping 51124302
[2025-12-30 19:47:07] → Scraping 51102209
[2025-12-30 19:47:07] → Scraping 487182
[2025-12-30 19:47:07] → Scraping 2640575
[2025-12-30 19:47:07] → Scraping 51130245
[2025-12-30 19:47:11] ✓ Saved 10 listings to CSV
[2025-12-30 19:47:11]   ✓ Batch: 10/10 saved
[2025-12-30 19:47:11] → Scraping 51130244
[2025-12-30 19:47:11] → Scraping 51130243
[2025-12-30 19:47:11] → Scraping 2640574
[2025-12-30 19:47:11] → Scraping 51130241
[2025-12-30 19:47:11] → Scraping 51130239
[2025-12-30 19:47:11] → Scraping 51130238
[2025-12-30 19:47:11] → Scraping 2640573
[2025-12-30 19:47:11] → Scraping 51130237
[2025-12-30 19:47:11] → Scraping 2640572
[2025-12-30 19:47:11] → Scraping 2291280
[2025-12-30 19:47:14] ✓ Saved 10 listings to CSV
[2025-12-30 19:47:14]   ✓ Batch: 10/10 saved
[2025-12-30 19:47:16] 
▶ Page 173
[2025-12-30 19:47:17] ✓ Found 30 listings
[2025-12-30 19:47:17] → Scraping 2540487
[2025-12-30 19:47:17] → Scraping 51130236
[2025-12-30 19:47:17] → Scraping 2640571
[2025-12-30 19:47:17] → Scraping 51015009
[2025-12-30 19:47:17] → Scraping 51014270
[2025-12-30 19:47:17] → Scraping 51014925
[2025-12-30 19:47:17] → Scraping 51014574
[2025-12-30 19:47:17] → Scraping 51013168
[2025-12-30 19:47:17] → Scraping 51028941
[2025-12-30 19:47:17] → Scraping 51014573
[2025-12-30 19:47:21] ✓ Saved 10 listings to CSV
[2025-12-30 19:47:21]   ✓ Batch: 10/10 saved
[2025-12-30 19:47:21] → Scraping 51014271
[2025-12-30 19:47:21] → Scraping 51029147
[2025-12-30 19:47:21] → Scraping 51130235
[2025-12-30 19:47:21] → Scraping 2640570
[2025-12-30 19:47:21] → Scraping 2640569
[2025-12-30 19:47:21] → Scraping 3239775
[2025-12-30 19:47:21] → Scraping 51127213
[2025-12-30 19:47:21] → Scraping 51127318
[2025-12-30 19:47:21] → Scraping 51130233
[2025-12-30 19:47:21] → Scraping 51042845
[2025-12-30 19:47:26] ✓ Saved 10 listings to CSV
[2025-12-30 19:47:26]   ✓ Batch: 10/10 saved
[2025-12-30 19:47:26] → Scraping 51130232
[2025-12-30 19:47:26] → Scraping 2640568
[2025-12-30 19:47:26] → Scraping 2640567
[2025-12-30 19:47:26] → Scraping 51127141
[2025-12-30 19:47:26] → Scraping 51124246
[2025-12-30 19:47:26] → Scraping 2640566
[2025-12-30 19:47:26] → Scraping 51088723
[2025-12-30 19:47:26] → Scraping 2640565
[2025-12-30 19:47:26] → Scraping 51130231
[2025-12-30 19:47:26] → Scraping 51130230
[2025-12-30 19:47:29] ✓ Saved 10 listings to CSV
[2025-12-30 19:47:29]   ✓ Batch: 10/10 saved
[2025-12-30 19:47:31] 
▶ Page 174
[2025-12-30 19:47:32] ✓ Found 30 listings
[2025-12-30 19:47:32] → Scraping 2640564
[2025-12-30 19:47:32] → Scraping 51130229
[2025-12-30 19:47:32] → Scraping 51130228
[2025-12-30 19:47:32] → Scraping 51121041
[2025-12-30 19:47:32] → Scraping 51112038
[2025-12-30 19:47:32] → Scraping 51130226
[2025-12-30 19:47:32] → Scraping 51130225
[2025-12-30 19:47:32] → Scraping 51130224
[2025-12-30 19:47:32] → Scraping 51115050
[2025-12-30 19:47:32] → Scraping 51127287
[2025-12-30 19:47:36] ✓ Saved 10 listings to CSV
[2025-12-30 19:47:36]   ✓ Batch: 10/10 saved
[2025-12-30 19:47:36] → Scraping 51130223
[2025-12-30 19:47:36] → Scraping 51130222
[2025-12-30 19:47:36] → Scraping 51130221
[2025-12-30 19:47:36] → Scraping 2640563
[2025-12-30 19:47:36] → Scraping 51065538
[2025-12-30 19:47:36] → Scraping 2638814
[2025-12-30 19:47:36] → Scraping 51130220
[2025-12-30 19:47:36] → Scraping 2640561
[2025-12-30 19:47:36] → Scraping 2640560
[2025-12-30 19:47:36] → Scraping 51079064
[2025-12-30 19:47:40] ✓ Saved 10 listings to CSV
[2025-12-30 19:47:40]   ✓ Batch: 10/10 saved
[2025-12-30 19:47:40] → Scraping 2640559
[2025-12-30 19:47:40] → Scraping 2640558
[2025-12-30 19:47:40] → Scraping 2640557
[2025-12-30 19:47:40] → Scraping 51130218
[2025-12-30 19:47:40] → Scraping 2640556
[2025-12-30 19:47:40] → Scraping 51053400
[2025-12-30 19:47:40] → Scraping 51062585
[2025-12-30 19:47:40] → Scraping 51044579
[2025-12-30 19:47:40] → Scraping 51066146
[2025-12-30 19:47:40] → Scraping 51069746
[2025-12-30 19:47:43] ✓ Saved 10 listings to CSV
[2025-12-30 19:47:43]   ✓ Batch: 10/10 saved
[2025-12-30 19:47:45] 
▶ Page 175
[2025-12-30 19:47:47] ✓ Found 30 listings
[2025-12-30 19:47:47] → Scraping 51117159
[2025-12-30 19:47:47] → Scraping 51009394
[2025-12-30 19:47:47] → Scraping 51063644
[2025-12-30 19:47:47] → Scraping 51074495
[2025-12-30 19:47:47] → Scraping 51066620
[2025-12-30 19:47:47] → Scraping 51067448
[2025-12-30 19:47:47] → Scraping 51069191
[2025-12-30 19:47:47] → Scraping 51066499
[2025-12-30 19:47:47] → Scraping 51077724
[2025-12-30 19:47:47] → Scraping 51081261
[2025-12-30 19:47:50] ✓ Saved 10 listings to CSV
[2025-12-30 19:47:50]   ✓ Batch: 10/10 saved
[2025-12-30 19:47:50] → Scraping 51072425
[2025-12-30 19:47:50] → Scraping 51064979
[2025-12-30 19:47:50] → Scraping 51068169
[2025-12-30 19:47:50] → Scraping 51065697
[2025-12-30 19:47:50] → Scraping 51063381
[2025-12-30 19:47:50] → Scraping 51062986
[2025-12-30 19:47:50] → Scraping 51085373
[2025-12-30 19:47:50] → Scraping 51064122
[2025-12-30 19:47:50] → Scraping 51105990
[2025-12-30 19:47:50] → Scraping 51101317
[2025-12-30 19:47:53] ✓ Saved 10 listings to CSV
[2025-12-30 19:47:53]   ✓ Batch: 10/10 saved
[2025-12-30 19:47:53] → Scraping 51065101
[2025-12-30 19:47:53] → Scraping 51061871
[2025-12-30 19:47:53] → Scraping 51072776
[2025-12-30 19:47:53] → Scraping 51072268
[2025-12-30 19:47:53] → Scraping 51105044
[2025-12-30 19:47:53] → Scraping 51081074
[2025-12-30 19:47:53] → Scraping 51073689
[2025-12-30 19:47:53] → Scraping 51080470
[2025-12-30 19:47:53] → Scraping 51080147
[2025-12-30 19:47:53] → Scraping 51093926
[2025-12-30 19:47:57] ✓ Saved 10 listings to CSV
[2025-12-30 19:47:57]   ✓ Batch: 10/10 saved
[2025-12-30 19:47:59] 
▶ Page 176
[2025-12-30 19:48:00] ✓ Found 30 listings
[2025-12-30 19:48:00] → Scraping 51074155
[2025-12-30 19:48:00] → Scraping 51073217
[2025-12-30 19:48:00] → Scraping 51074330
[2025-12-30 19:48:00] → Scraping 51078646
[2025-12-30 19:48:00] → Scraping 51094022
[2025-12-30 19:48:00] → Scraping 51089541
[2025-12-30 19:48:00] → Scraping 51088534
[2025-12-30 19:48:00] → Scraping 51130215
[2025-12-30 19:48:00] → Scraping 5491308
[2025-12-30 19:48:00] → Scraping 51119663
[2025-12-30 19:48:03] ✓ Saved 10 listings to CSV
[2025-12-30 19:48:03]   ✓ Batch: 10/10 saved
[2025-12-30 19:48:03] → Scraping 5515935
[2025-12-30 19:48:03] → Scraping 51130214
[2025-12-30 19:48:03] → Scraping 51130213
[2025-12-30 19:48:03] → Scraping 51130212
[2025-12-30 19:48:03] → Scraping 51130210
[2025-12-30 19:48:03] → Scraping 51130209
[2025-12-30 19:48:03] → Scraping 51130208
[2025-12-30 19:48:03] → Scraping 51130207
[2025-12-30 19:48:03] → Scraping 51130206
[2025-12-30 19:48:03] → Scraping 51130205
[2025-12-30 19:48:07] ✓ Saved 10 listings to CSV
[2025-12-30 19:48:07]   ✓ Batch: 10/10 saved
[2025-12-30 19:48:07] → Scraping 2640555
[2025-12-30 19:48:07] → Scraping 51104444
[2025-12-30 19:48:07] → Scraping 51045365
[2025-12-30 19:48:07] → Scraping 51045364
[2025-12-30 19:48:07] → Scraping 51104437
[2025-12-30 19:48:07] → Scraping 2640554
[2025-12-30 19:48:07] → Scraping 51102337
[2025-12-30 19:48:07] → Scraping 51102206
[2025-12-30 19:48:07] → Scraping 51102165
[2025-12-30 19:48:07] → Scraping 51067753
[2025-12-30 19:48:11] ✓ Saved 10 listings to CSV
[2025-12-30 19:48:11]   ✓ Batch: 10/10 saved
[2025-12-30 19:48:13] 
▶ Page 177
[2025-12-30 19:48:14] ✓ Found 30 listings
[2025-12-30 19:48:14] → Scraping 51102176
[2025-12-30 19:48:14] → Scraping 51102156
[2025-12-30 19:48:14] → Scraping 51115928
[2025-12-30 19:48:14] → Scraping 51112235
[2025-12-30 19:48:14] → Scraping 51112234
[2025-12-30 19:48:14] → Scraping 51075118
[2025-12-30 19:48:14] → Scraping 51056811
[2025-12-30 19:48:14] → Scraping 51067540
[2025-12-30 19:48:14] → Scraping 51112233
[2025-12-30 19:48:14] → Scraping 51059323
[2025-12-30 19:48:17] ✓ Saved 10 listings to CSV
[2025-12-30 19:48:17]   ✓ Batch: 10/10 saved
[2025-12-30 19:48:17] → Scraping 51058789
[2025-12-30 19:48:17] → Scraping 51056810
[2025-12-30 19:48:17] → Scraping 51059322
[2025-12-30 19:48:17] → Scraping 51032391
[2025-12-30 19:48:17] → Scraping 51045526
[2025-12-30 19:48:17] → Scraping 51067541
[2025-12-30 19:48:17] → Scraping 51109882
[2025-12-30 19:48:17] → Scraping 51116258
[2025-12-30 19:48:17] → Scraping 51116259
[2025-12-30 19:48:17] → Scraping 51116254
[2025-12-30 19:48:22] ✓ Saved 10 listings to CSV
[2025-12-30 19:48:22]   ✓ Batch: 10/10 saved
[2025-12-30 19:48:22] → Scraping 51088632
[2025-12-30 19:48:22] → Scraping 51116019
[2025-12-30 19:48:22] → Scraping 51088630
[2025-12-30 19:48:22] → Scraping 51081523
[2025-12-30 19:48:22] → Scraping 51120237
[2025-12-30 19:48:22] → Scraping 51109573
[2025-12-30 19:48:22] → Scraping 51081524
[2025-12-30 19:48:22] → Scraping 51066363
[2025-12-30 19:48:22] → Scraping 51080750
[2025-12-30 19:48:22] → Scraping 51053674
[2025-12-30 19:48:26] ✓ Saved 10 listings to CSV
[2025-12-30 19:48:26]   ✓ Batch: 10/10 saved
[2025-12-30 19:48:28] 
▶ Page 178
[2025-12-30 19:48:29] ✓ Found 30 listings
[2025-12-30 19:48:29] → Scraping 2640553
[2025-12-30 19:48:29] → Scraping 51065517
[2025-12-30 19:48:29] → Scraping 51073859
[2025-12-30 19:48:29] → Scraping 51104899
[2025-12-30 19:48:29] → Scraping 2640552
[2025-12-30 19:48:29] → Scraping 51009846
[2025-12-30 19:48:29] → Scraping 51126812
[2025-12-30 19:48:29] → Scraping 51050358
[2025-12-30 19:48:29] → Scraping 51051033
[2025-12-30 19:48:29] → Scraping 51114862
[2025-12-30 19:48:33] ✓ Saved 10 listings to CSV
[2025-12-30 19:48:33]   ✓ Batch: 10/10 saved
[2025-12-30 19:48:33] → Scraping 51099118
[2025-12-30 19:48:33] → Scraping 51088524
[2025-12-30 19:48:33] → Scraping 51088526
[2025-12-30 19:48:33] → Scraping 51101073
[2025-12-30 19:48:33] → Scraping 51117692
[2025-12-30 19:48:33] → Scraping 51113421
[2025-12-30 19:48:33] → Scraping 51100473
[2025-12-30 19:48:33] → Scraping 51100472
[2025-12-30 19:48:33] → Scraping 51123016
[2025-12-30 19:48:33] → Scraping 51098917
[2025-12-30 19:48:36] ✓ Saved 10 listings to CSV
[2025-12-30 19:48:36]   ✓ Batch: 10/10 saved
[2025-12-30 19:48:36] → Scraping 51098918
[2025-12-30 19:48:36] → Scraping 51098916
[2025-12-30 19:48:36] → Scraping 51084385
[2025-12-30 19:48:36] → Scraping 2638530
[2025-12-30 19:48:36] → Scraping 2638661
[2025-12-30 19:48:36] → Scraping 51130203
[2025-12-30 19:48:36] → Scraping 2640550
[2025-12-30 19:48:36] → Scraping 51130202
[2025-12-30 19:48:36] → Scraping 5531228
[2025-12-30 19:48:36] → Scraping 51122307
[2025-12-30 19:48:40] ✓ Saved 10 listings to CSV
[2025-12-30 19:48:40]   ✓ Batch: 10/10 saved
[2025-12-30 19:48:42] 
▶ Page 179
[2025-12-30 19:48:43] ✓ Found 30 listings
[2025-12-30 19:48:43] → Scraping 51122305
[2025-12-30 19:48:43] → Scraping 5522879
[2025-12-30 19:48:43] → Scraping 5510950
[2025-12-30 19:48:43] → Scraping 5520913
[2025-12-30 19:48:43] → Scraping 5497081
[2025-12-30 19:48:43] → Scraping 5514680
[2025-12-30 19:48:43] → Scraping 5527110
[2025-12-30 19:48:43] → Scraping 5813481
[2025-12-30 19:48:43] → Scraping 51081522
[2025-12-30 19:48:43] → Scraping 51088629
[2025-12-30 19:48:47] ✓ Saved 10 listings to CSV
[2025-12-30 19:48:47]   ✓ Batch: 10/10 saved
[2025-12-30 19:48:47] → Scraping 51109790
[2025-12-30 19:48:47] → Scraping 51081525
[2025-12-30 19:48:47] → Scraping 51116020
[2025-12-30 19:48:47] → Scraping 51091852
[2025-12-30 19:48:47] → Scraping 51120238
[2025-12-30 19:48:47] → Scraping 51091850
[2025-12-30 19:48:47] → Scraping 51091849
[2025-12-30 19:48:47] → Scraping 51091851
[2025-12-30 19:48:47] → Scraping 51088631
[2025-12-30 19:48:47] → Scraping 51112691
[2025-12-30 19:48:50] ✓ Saved 10 listings to CSV
[2025-12-30 19:48:50]   ✓ Batch: 10/10 saved
[2025-12-30 19:48:50] → Scraping 51116021
[2025-12-30 19:48:50] → Scraping 51116253
[2025-12-30 19:48:50] → Scraping 51109574
[2025-12-30 19:48:50] → Scraping 51120244
[2025-12-30 19:48:50] → Scraping 51120242
[2025-12-30 19:48:50] → Scraping 51116257
[2025-12-30 19:48:50] → Scraping 51120235
[2025-12-30 19:48:50] → Scraping 51120246
[2025-12-30 19:48:50] → Scraping 51120247
[2025-12-30 19:48:50] → Scraping 2640549
[2025-12-30 19:48:54] ✓ Saved 10 listings to CSV
[2025-12-30 19:48:54]   ✓ Batch: 10/10 saved
[2025-12-30 19:48:56] 
▶ Page 180
[2025-12-30 19:48:57] ✓ Found 30 listings
[2025-12-30 19:48:57] → Scraping 51130201
[2025-12-30 19:48:57] → Scraping 51121458
[2025-12-30 19:48:57] → Scraping 5994963
[2025-12-30 19:48:57] → Scraping 51037137
[2025-12-30 19:48:57] → Scraping 51037386
[2025-12-30 19:48:57] → Scraping 5978335
[2025-12-30 19:48:57] → Scraping 5607707
[2025-12-30 19:48:57] → Scraping 5607704
[2025-12-30 19:48:57] → Scraping 51064075
[2025-12-30 19:48:57] → Scraping 51029630
[2025-12-30 19:49:01] ✓ Saved 10 listings to CSV
[2025-12-30 19:49:01]   ✓ Batch: 10/10 saved
[2025-12-30 19:49:01] → Scraping 51029629
[2025-12-30 19:49:01] → Scraping 51117526
[2025-12-30 19:49:01] → Scraping 51117524
[2025-12-30 19:49:01] → Scraping 5397276
[2025-12-30 19:49:01] → Scraping 5409534
[2025-12-30 19:49:01] → Scraping 5471979
[2025-12-30 19:49:01] → Scraping 51060055
[2025-12-30 19:49:01] → Scraping 5321736
[2025-12-30 19:49:01] → Scraping 5254733
[2025-12-30 19:49:01] → Scraping 51117527
[2025-12-30 19:49:04] ✓ Saved 10 listings to CSV
[2025-12-30 19:49:04]   ✓ Batch: 10/10 saved
[2025-12-30 19:49:04] → Scraping 5409539
[2025-12-30 19:49:04] → Scraping 5409541
[2025-12-30 19:49:04] → Scraping 5343820
[2025-12-30 19:49:04] → Scraping 51130200
[2025-12-30 19:49:04] → Scraping 51130199
[2025-12-30 19:49:04] → Scraping 51130198
[2025-12-30 19:49:04] → Scraping 51130196
[2025-12-30 19:49:04] → Scraping 2640547
[2025-12-30 19:49:04] → Scraping 2640546
[2025-12-30 19:49:04] → Scraping 51130195
[2025-12-30 19:49:08] ✓ Saved 10 listings to CSV
[2025-12-30 19:49:08]   ✓ Batch: 10/10 saved
[2025-12-30 19:49:10] 
▶ Page 181
[2025-12-30 19:49:11] ✓ Found 30 listings
[2025-12-30 19:49:11] → Scraping 51121459
[2025-12-30 19:49:11] → Scraping 51121456
[2025-12-30 19:49:11] → Scraping 51121461
[2025-12-30 19:49:11] → Scraping 51121462
[2025-12-30 19:49:11] → Scraping 51130194
[2025-12-30 19:49:11] → Scraping 2640545
[2025-12-30 19:49:11] → Scraping 2640544
[2025-12-30 19:49:11] → Scraping 2634755
[2025-12-30 19:49:11] → Scraping 51130192
[2025-12-30 19:49:11] → Scraping 2640543
[2025-12-30 19:49:15] ✓ Saved 10 listings to CSV
[2025-12-30 19:49:15]   ✓ Batch: 10/10 saved
[2025-12-30 19:49:15] → Scraping 2640542
[2025-12-30 19:49:15] → Scraping 51130191
[2025-12-30 19:49:15] → Scraping 2640541
[2025-12-30 19:49:15] → Scraping 2640540
[2025-12-30 19:49:15] → Scraping 2632280
[2025-12-30 19:49:15] → Scraping 51130190
[2025-12-30 19:49:15] → Scraping 51130186
[2025-12-30 19:49:15] → Scraping 2636357
[2025-12-30 19:49:15] → Scraping 51130185
[2025-12-30 19:49:15] → Scraping 51130184
[2025-12-30 19:49:18] ✓ Saved 10 listings to CSV
[2025-12-30 19:49:18]   ✓ Batch: 10/10 saved
[2025-12-30 19:49:18] → Scraping 51130183
[2025-12-30 19:49:18] → Scraping 51130182
[2025-12-30 19:49:18] → Scraping 51130181
[2025-12-30 19:49:18] → Scraping 51130180
[2025-12-30 19:49:18] → Scraping 51130179
[2025-12-30 19:49:18] → Scraping 51130178
[2025-12-30 19:49:18] → Scraping 2640539
[2025-12-30 19:49:18] → Scraping 51130177
[2025-12-30 19:49:18] → Scraping 51130176
[2025-12-30 19:49:18] → Scraping 51130175
[2025-12-30 19:49:21] ✓ Saved 10 listings to CSV
[2025-12-30 19:49:21]   ✓ Batch: 10/10 saved
[2025-12-30 19:49:23] 
▶ Page 182
[2025-12-30 19:49:25] ✓ Found 30 listings
[2025-12-30 19:49:25] → Scraping 2640538
[2025-12-30 19:49:25] → Scraping 51130174
[2025-12-30 19:49:25] → Scraping 51130173
[2025-12-30 19:49:25] → Scraping 51130172
[2025-12-30 19:49:25] → Scraping 51130171
[2025-12-30 19:49:25] → Scraping 51130169
[2025-12-30 19:49:25] → Scraping 2640537
[2025-12-30 19:49:25] → Scraping 2640536
[2025-12-30 19:49:25] → Scraping 51130168
[2025-12-30 19:49:25] → Scraping 2640535
[2025-12-30 19:49:28] ✓ Saved 10 listings to CSV
[2025-12-30 19:49:28]   ✓ Batch: 10/10 saved
[2025-12-30 19:49:28] → Scraping 51130167
[2025-12-30 19:49:28] → Scraping 2640534
[2025-12-30 19:49:28] → Scraping 51130166
[2025-12-30 19:49:28] → Scraping 51130165
[2025-12-30 19:49:28] → Scraping 2640533
[2025-12-30 19:49:28] → Scraping 2640532
[2025-12-30 19:49:28] → Scraping 2640530
[2025-12-30 19:49:28] → Scraping 3239774
[2025-12-30 19:49:28] → Scraping 2640529
[2025-12-30 19:49:28] → Scraping 51111949
[2025-12-30 19:49:32] ✓ Saved 10 listings to CSV
[2025-12-30 19:49:32]   ✓ Batch: 10/10 saved
[2025-12-30 19:49:32] → Scraping 2640528
[2025-12-30 19:49:32] → Scraping 2640527
[2025-12-30 19:49:32] → Scraping 51066269
[2025-12-30 19:49:32] → Scraping 51053123
[2025-12-30 19:49:32] → Scraping 51104900
[2025-12-30 19:49:32] → Scraping 51065855
[2025-12-30 19:49:32] → Scraping 51080403
[2025-12-30 19:49:32] → Scraping 2640526
[2025-12-30 19:49:32] → Scraping 51037150
[2025-12-30 19:49:32] → Scraping 51037152
[2025-12-30 19:49:35] ✓ Saved 10 listings to CSV
[2025-12-30 19:49:35]   ✓ Batch: 10/10 saved
[2025-12-30 19:49:37] 
▶ Page 183
[2025-12-30 19:49:38] ✓ Found 30 listings
[2025-12-30 19:49:38] → Scraping 51037153
[2025-12-30 19:49:38] → Scraping 5974775
[2025-12-30 19:49:38] → Scraping 51006903
[2025-12-30 19:49:38] → Scraping 51088069
[2025-12-30 19:49:38] → Scraping 5974779
[2025-12-30 19:49:38] → Scraping 51022192
[2025-12-30 19:49:38] → Scraping 51037148
[2025-12-30 19:49:38] → Scraping 5974773
[2025-12-30 19:49:38] → Scraping 5974772
[2025-12-30 19:49:38] → Scraping 5974409
[2025-12-30 19:49:42] ✓ Saved 10 listings to CSV
[2025-12-30 19:49:42]   ✓ Batch: 10/10 saved
[2025-12-30 19:49:42] → Scraping 51037151
[2025-12-30 19:49:42] → Scraping 5974402
[2025-12-30 19:49:42] → Scraping 51022193
[2025-12-30 19:49:42] → Scraping 5974412
[2025-12-30 19:49:42] → Scraping 5974411
[2025-12-30 19:49:42] → Scraping 5974776
[2025-12-30 19:49:42] → Scraping 51037149
[2025-12-30 19:49:42] → Scraping 5974324
[2025-12-30 19:49:42] → Scraping 5974401
[2025-12-30 19:49:42] → Scraping 5974410
[2025-12-30 19:49:46] ✓ Saved 10 listings to CSV
[2025-12-30 19:49:46]   ✓ Batch: 10/10 saved
[2025-12-30 19:49:46] → Scraping 5974313
[2025-12-30 19:49:46] → Scraping 5974405
[2025-12-30 19:49:46] → Scraping 5973949
[2025-12-30 19:49:46] → Scraping 5973941
[2025-12-30 19:49:46] → Scraping 51130164
[2025-12-30 19:49:46] → Scraping 51103506
[2025-12-30 19:49:46] → Scraping 51100976
[2025-12-30 19:49:46] → Scraping 51087298
[2025-12-30 19:49:46] → Scraping 51096841
[2025-12-30 19:49:46] → Scraping 51102241
[2025-12-30 19:49:49] ✓ Saved 10 listings to CSV
[2025-12-30 19:49:49]   ✓ Batch: 10/10 saved
[2025-12-30 19:49:51] 
▶ Page 184
[2025-12-30 19:49:53] ✓ Found 30 listings
[2025-12-30 19:49:53] → Scraping 51103573
[2025-12-30 19:49:53] → Scraping 51130163
[2025-12-30 19:49:53] → Scraping 5974319
[2025-12-30 19:49:53] → Scraping 51103574
[2025-12-30 19:49:53] → Scraping 5974406
[2025-12-30 19:49:53] → Scraping 5974400
[2025-12-30 19:49:53] → Scraping 5974308
[2025-12-30 19:49:53] → Scraping 5974309
[2025-12-30 19:49:53] → Scraping 51112214
[2025-12-30 19:49:53] → Scraping 5974310
[2025-12-30 19:49:56] ✓ Saved 10 listings to CSV
[2025-12-30 19:49:56]   ✓ Batch: 10/10 saved
[2025-12-30 19:49:56] → Scraping 51112363
[2025-12-30 19:49:56] → Scraping 5974320
[2025-12-30 19:49:56] → Scraping 5974408
[2025-12-30 19:49:56] → Scraping 5974322
[2025-12-30 19:49:56] → Scraping 5974307
[2025-12-30 19:49:56] → Scraping 5974302
[2025-12-30 19:49:56] → Scraping 51112364
[2025-12-30 19:49:56] → Scraping 51112365
[2025-12-30 19:49:56] → Scraping 51112367
[2025-12-30 19:49:56] → Scraping 51112371
[2025-12-30 19:50:00] ✓ Saved 10 listings to CSV
[2025-12-30 19:50:00]   ✓ Batch: 10/10 saved
[2025-12-30 19:50:00] → Scraping 51130162
[2025-12-30 19:50:00] → Scraping 51112373
[2025-12-30 19:50:00] → Scraping 51112431
[2025-12-30 19:50:00] → Scraping 51112460
[2025-12-30 19:50:00] → Scraping 51112461
[2025-12-30 19:50:00] → Scraping 51105830
[2025-12-30 19:50:00] → Scraping 51099837
[2025-12-30 19:50:00] → Scraping 51094481
[2025-12-30 19:50:00] → Scraping 51099770
[2025-12-30 19:50:00] → Scraping 51101015
[2025-12-30 19:50:03] ✓ Saved 10 listings to CSV
[2025-12-30 19:50:03]   ✓ Batch: 10/10 saved
[2025-12-30 19:50:05] 
▶ Page 185
[2025-12-30 19:50:07] ✓ Found 30 listings
[2025-12-30 19:50:07] → Scraping 51100979
[2025-12-30 19:50:07] → Scraping 51097849
[2025-12-30 19:50:07] → Scraping 51088863
[2025-12-30 19:50:07] → Scraping 51102570
[2025-12-30 19:50:07] → Scraping 51105551
[2025-12-30 19:50:07] → Scraping 51105828
[2025-12-30 19:50:07] → Scraping 51091243
[2025-12-30 19:50:07] → Scraping 51105555
[2025-12-30 19:50:07] → Scraping 51102569
[2025-12-30 19:50:07] → Scraping 51102568
[2025-12-30 19:50:10] ✓ Saved 10 listings to CSV
[2025-12-30 19:50:10]   ✓ Batch: 10/10 saved
[2025-12-30 19:50:10] → Scraping 51105552
[2025-12-30 19:50:10] → Scraping 51113809
[2025-12-30 19:50:10] → Scraping 51102567
[2025-12-30 19:50:10] → Scraping 51088859
[2025-12-30 19:50:10] → Scraping 51111056
[2025-12-30 19:50:10] → Scraping 51114046
[2025-12-30 19:50:10] → Scraping 51114047
[2025-12-30 19:50:10] → Scraping 51097490
[2025-12-30 19:50:10] → Scraping 51097489
[2025-12-30 19:50:10] → Scraping 51097491
[2025-12-30 19:50:14] ✓ Saved 10 listings to CSV
[2025-12-30 19:50:14]   ✓ Batch: 10/10 saved
[2025-12-30 19:50:14] → Scraping 51097493
[2025-12-30 19:50:14] → Scraping 51130161
[2025-12-30 19:50:14] → Scraping 51100980
[2025-12-30 19:50:14] → Scraping 51103722
[2025-12-30 19:50:14] → Scraping 51097851
[2025-12-30 19:50:14] → Scraping 51104547
[2025-12-30 19:50:14] → Scraping 51105131
[2025-12-30 19:50:14] → Scraping 51102566
[2025-12-30 19:50:14] → Scraping 51099417
[2025-12-30 19:50:14] → Scraping 51096799
[2025-12-30 19:50:17] ✓ Saved 10 listings to CSV
[2025-12-30 19:50:17]   ✓ Batch: 10/10 saved
[2025-12-30 19:50:19] 
▶ Page 186
[2025-12-30 19:50:21] ✓ Found 30 listings
[2025-12-30 19:50:21] → Scraping 51111633
[2025-12-30 19:50:21] → Scraping 51111632
[2025-12-30 19:50:21] → Scraping 51111631
[2025-12-30 19:50:21] → Scraping 51111628
[2025-12-30 19:50:21] → Scraping 51111549
[2025-12-30 19:50:21] → Scraping 51121178
[2025-12-30 19:50:21] → Scraping 51130160
[2025-12-30 19:50:21] → Scraping 51130158
[2025-12-30 19:50:21] → Scraping 51130157
[2025-12-30 19:50:21] → Scraping 2640525
[2025-12-30 19:50:24] ✓ Saved 10 listings to CSV
[2025-12-30 19:50:24]   ✓ Batch: 10/10 saved
[2025-12-30 19:50:24] → Scraping 51130155
[2025-12-30 19:50:24] → Scraping 2640524
[2025-12-30 19:50:24] → Scraping 2640522
[2025-12-30 19:50:24] → Scraping 2640521
[2025-12-30 19:50:24] → Scraping 2640520
[2025-12-30 19:50:24] → Scraping 51130154
[2025-12-30 19:50:24] → Scraping 5974305
[2025-12-30 19:50:24] → Scraping 5974314
[2025-12-30 19:50:24] → Scraping 5973938
[2025-12-30 19:50:24] → Scraping 5974306
[2025-12-30 19:50:28] ✓ Saved 10 listings to CSV
[2025-12-30 19:50:28]   ✓ Batch: 10/10 saved
[2025-12-30 19:50:28] → Scraping 5973937
[2025-12-30 19:50:28] → Scraping 5974301
[2025-12-30 19:50:28] → Scraping 5974311
[2025-12-30 19:50:28] → Scraping 5974303
[2025-12-30 19:50:28] → Scraping 5973321
[2025-12-30 19:50:28] → Scraping 5973940
[2025-12-30 19:50:28] → Scraping 5973329
[2025-12-30 19:50:28] → Scraping 5973934
[2025-12-30 19:50:28] → Scraping 5973943
[2025-12-30 19:50:28] → Scraping 5974304
[2025-12-30 19:50:31] ✓ Saved 10 listings to CSV
[2025-12-30 19:50:31]   ✓ Batch: 10/10 saved
[2025-12-30 19:50:33] 
▶ Page 187
[2025-12-30 19:50:34] ✓ Found 30 listings
[2025-12-30 19:50:34] → Scraping 5984092
[2025-12-30 19:50:34] → Scraping 5984090
[2025-12-30 19:50:34] → Scraping 2640519
[2025-12-30 19:50:34] → Scraping 51130153
[2025-12-30 19:50:34] → Scraping 5984083
[2025-12-30 19:50:34] → Scraping 5984088
[2025-12-30 19:50:34] → Scraping 5984093
[2025-12-30 19:50:34] → Scraping 5984099
[2025-12-30 19:50:34] → Scraping 5973915
[2025-12-30 19:50:34] → Scraping 5973933
[2025-12-30 19:50:38] ✓ Saved 10 listings to CSV
[2025-12-30 19:50:38]   ✓ Batch: 10/10 saved
[2025-12-30 19:50:38] → Scraping 5973944
[2025-12-30 19:50:38] → Scraping 5973931
[2025-12-30 19:50:38] → Scraping 51052782
[2025-12-30 19:50:38] → Scraping 5967103
[2025-12-30 19:50:38] → Scraping 5973325
[2025-12-30 19:50:38] → Scraping 5984095
[2025-12-30 19:50:38] → Scraping 5973930
[2025-12-30 19:50:38] → Scraping 51057549
[2025-12-30 19:50:38] → Scraping 51057532
[2025-12-30 19:50:38] → Scraping 5973317
[2025-12-30 19:50:41] ✓ Saved 10 listings to CSV
[2025-12-30 19:50:41]   ✓ Batch: 10/10 saved
[2025-12-30 19:50:41] → Scraping 51014261
[2025-12-30 19:50:41] → Scraping 51057542
[2025-12-30 19:50:41] → Scraping 2640518
[2025-12-30 19:50:41] → Scraping 51014260
[2025-12-30 19:50:41] → Scraping 51057529
[2025-12-30 19:50:41] → Scraping 5973926
[2025-12-30 19:50:41] → Scraping 5984081
[2025-12-30 19:50:41] → Scraping 5975270
[2025-12-30 19:50:41] → Scraping 5973927
[2025-12-30 19:50:41] → Scraping 5973323
[2025-12-30 19:50:45] ✓ Saved 10 listings to CSV
[2025-12-30 19:50:45]   ✓ Batch: 10/10 saved
[2025-12-30 19:50:47] 
▶ Page 188
[2025-12-30 19:50:48] ✓ Found 30 listings
[2025-12-30 19:50:48] → Scraping 51130152
[2025-12-30 19:50:48] → Scraping 2640517
[2025-12-30 19:50:48] → Scraping 5973319
[2025-12-30 19:50:48] → Scraping 5984080
[2025-12-30 19:50:48] → Scraping 51057534
[2025-12-30 19:50:48] → Scraping 5973324
[2025-12-30 19:50:48] → Scraping 5984101
[2025-12-30 19:50:48] → Scraping 5984089
[2025-12-30 19:50:48] → Scraping 5973322
[2025-12-30 19:50:48] → Scraping 5973320
[2025-12-30 19:50:52] ✓ Saved 10 listings to CSV
[2025-12-30 19:50:52]   ✓ Batch: 10/10 saved
[2025-12-30 19:50:52] → Scraping 5973318
[2025-12-30 19:50:52] → Scraping 5984085
[2025-12-30 19:50:52] → Scraping 5973326
[2025-12-30 19:50:52] → Scraping 51004390
[2025-12-30 19:50:52] → Scraping 51004886
[2025-12-30 19:50:52] → Scraping 51001206
[2025-12-30 19:50:52] → Scraping 51005939
[2025-12-30 19:50:52] → Scraping 51004894
[2025-12-30 19:50:52] → Scraping 2640515
[2025-12-30 19:50:52] → Scraping 51005836
[2025-12-30 19:50:55] ✓ Saved 10 listings to CSV
[2025-12-30 19:50:55]   ✓ Batch: 10/10 saved
[2025-12-30 19:50:55] → Scraping 51006142
[2025-12-30 19:50:55] → Scraping 51005839
[2025-12-30 19:50:55] → Scraping 51005945
[2025-12-30 19:50:55] → Scraping 51005828
[2025-12-30 19:50:55] → Scraping 51006144
[2025-12-30 19:50:55] → Scraping 51002082
[2025-12-30 19:50:55] → Scraping 51005617
[2025-12-30 19:50:55] → Scraping 51005818
[2025-12-30 19:50:55] → Scraping 51004385
[2025-12-30 19:50:55] → Scraping 51005309
[2025-12-30 19:50:59] ✓ Saved 10 listings to CSV
[2025-12-30 19:50:59]   ✓ Batch: 10/10 saved
[2025-12-30 19:51:01] 
▶ Page 189
[2025-12-30 19:51:02] ✓ Found 30 listings
[2025-12-30 19:51:02] → Scraping 51002229
[2025-12-30 19:51:02] → Scraping 51005947
[2025-12-30 19:51:02] → Scraping 51001199
[2025-12-30 19:51:02] → Scraping 51004394
[2025-12-30 19:51:02] → Scraping 51002230
[2025-12-30 19:51:02] → Scraping 5999902
[2025-12-30 19:51:02] → Scraping 51004889
[2025-12-30 19:51:02] → Scraping 5999758
[2025-12-30 19:51:02] → Scraping 5999755
[2025-12-30 19:51:02] → Scraping 5998700
[2025-12-30 19:51:06] ✓ Saved 10 listings to CSV
[2025-12-30 19:51:06]   ✓ Batch: 10/10 saved
[2025-12-30 19:51:06] → Scraping 51001197
[2025-12-30 19:51:06] → Scraping 5998897
[2025-12-30 19:51:06] → Scraping 51005957
[2025-12-30 19:51:06] → Scraping 5999763
[2025-12-30 19:51:06] → Scraping 5998901
[2025-12-30 19:51:06] → Scraping 5999760
[2025-12-30 19:51:06] → Scraping 5999756
[2025-12-30 19:51:06] → Scraping 5999764
[2025-12-30 19:51:06] → Scraping 51005823
[2025-12-30 19:51:06] → Scraping 51004888
[2025-12-30 19:51:09] ✓ Saved 10 listings to CSV
[2025-12-30 19:51:09]   ✓ Batch: 10/10 saved
[2025-12-30 19:51:09] → Scraping 51002088
[2025-12-30 19:51:09] → Scraping 5999526
[2025-12-30 19:51:09] → Scraping 51002083
[2025-12-30 19:51:09] → Scraping 51002227
[2025-12-30 19:51:09] → Scraping 51004887
[2025-12-30 19:51:09] → Scraping 51004384
[2025-12-30 19:51:09] → Scraping 51041780
[2025-12-30 19:51:09] → Scraping 5999524
[2025-12-30 19:51:09] → Scraping 5998701
[2025-12-30 19:51:09] → Scraping 51001207
[2025-12-30 19:51:13] ✓ Saved 10 listings to CSV
[2025-12-30 19:51:13]   ✓ Batch: 10/10 saved
[2025-12-30 19:51:15] 
▶ Page 190
[2025-12-30 19:51:16] ✓ Found 30 listings
[2025-12-30 19:51:16] → Scraping 5998699
[2025-12-30 19:51:16] → Scraping 51005609
[2025-12-30 19:51:16] → Scraping 2306055
[2025-12-30 19:51:16] → Scraping 2640514
[2025-12-30 19:51:16] → Scraping 2531647
[2025-12-30 19:51:16] → Scraping 2540068
[2025-12-30 19:51:16] → Scraping 2504967
[2025-12-30 19:51:16] → Scraping 2134676
[2025-12-30 19:51:16] → Scraping 2303128
[2025-12-30 19:51:16] → Scraping 51130149
[2025-12-30 19:51:19] ✓ Saved 10 listings to CSV
[2025-12-30 19:51:19]   ✓ Batch: 10/10 saved
[2025-12-30 19:51:19] → Scraping 2550386
[2025-12-30 19:51:19] → Scraping 2640513
[2025-12-30 19:51:19] → Scraping 2306057
[2025-12-30 19:51:19] → Scraping 2640512
[2025-12-30 19:51:19] → Scraping 51130089
[2025-12-30 19:51:19] → Scraping 5998925
[2025-12-30 19:51:19] → Scraping 51012705
[2025-12-30 19:51:19] → Scraping 51008889
[2025-12-30 19:51:19] → Scraping 51001957
[2025-12-30 19:51:19] → Scraping 51010791
[2025-12-30 19:51:23] ✓ Saved 10 listings to CSV
[2025-12-30 19:51:23]   ✓ Batch: 10/10 saved
[2025-12-30 19:51:23] → Scraping 5999296
[2025-12-30 19:51:23] → Scraping 5998032
[2025-12-30 19:51:23] → Scraping 51010786
[2025-12-30 19:51:23] → Scraping 51029239
[2025-12-30 19:51:23] → Scraping 51029240
[2025-12-30 19:51:23] → Scraping 51022467
[2025-12-30 19:51:23] → Scraping 51012787
[2025-12-30 19:51:23] → Scraping 5998040
[2025-12-30 19:51:23] → Scraping 51012723
[2025-12-30 19:51:23] → Scraping 51012791
[2025-12-30 19:51:26] ✓ Saved 10 listings to CSV
[2025-12-30 19:51:26]   ✓ Batch: 10/10 saved
[2025-12-30 19:51:28] 
▶ Page 191
[2025-12-30 19:51:30] ✓ Found 30 listings
[2025-12-30 19:51:30] → Scraping 51022461
[2025-12-30 19:51:30] → Scraping 5999422
[2025-12-30 19:51:30] → Scraping 51012786
[2025-12-30 19:51:30] → Scraping 51009354
[2025-12-30 19:51:30] → Scraping 51011504
[2025-12-30 19:51:30] → Scraping 51022966
[2025-12-30 19:51:30] → Scraping 51010332
[2025-12-30 19:51:30] → Scraping 51012721
[2025-12-30 19:51:30] → Scraping 51010789
[2025-12-30 19:51:30] → Scraping 51041368
[2025-12-30 19:51:33] ✓ Saved 10 listings to CSV
[2025-12-30 19:51:33]   ✓ Batch: 10/10 saved
[2025-12-30 19:51:33] → Scraping 51009350
[2025-12-30 19:51:33] → Scraping 51010784
[2025-12-30 19:51:33] → Scraping 2640511
[2025-12-30 19:51:33] → Scraping 51012722
[2025-12-30 19:51:33] → Scraping 51009300
[2025-12-30 19:51:33] → Scraping 51012789
[2025-12-30 19:51:33] → Scraping 51012792
[2025-12-30 19:51:33] → Scraping 5998033
[2025-12-30 19:51:33] → Scraping 51011505
[2025-12-30 19:51:33] → Scraping 51008885
[2025-12-30 19:51:36] ✓ Saved 10 listings to CSV
[2025-12-30 19:51:36]   ✓ Batch: 10/10 saved
[2025-12-30 19:51:36] → Scraping 5998914
[2025-12-30 19:51:36] → Scraping 51011782
[2025-12-30 19:51:36] → Scraping 51006215
[2025-12-30 19:51:36] → Scraping 51008890
[2025-12-30 19:51:36] → Scraping 51006561
[2025-12-30 19:51:36] → Scraping 51010325
[2025-12-30 19:51:36] → Scraping 51001955
[2025-12-30 19:51:36] → Scraping 51009355
[2025-12-30 19:51:36] → Scraping 51007301
[2025-12-30 19:51:36] → Scraping 51006566
[2025-12-30 19:51:40] ✓ Saved 10 listings to CSV
[2025-12-30 19:51:40]   ✓ Batch: 10/10 saved
[2025-12-30 19:51:42] 
▶ Page 192
[2025-12-30 19:51:43] ✓ Found 30 listings
[2025-12-30 19:51:43] → Scraping 51001324
[2025-12-30 19:51:43] → Scraping 51008886
[2025-12-30 19:51:43] → Scraping 51007293
[2025-12-30 19:51:43] → Scraping 51022965
[2025-12-30 19:51:43] → Scraping 5999297
[2025-12-30 19:51:43] → Scraping 5999298
[2025-12-30 19:51:43] → Scraping 51006559
[2025-12-30 19:51:43] → Scraping 5998036
[2025-12-30 19:51:43] → Scraping 51007292
[2025-12-30 19:51:43] → Scraping 2640510
[2025-12-30 19:51:47] ✓ Saved 10 listings to CSV
[2025-12-30 19:51:47]   ✓ Batch: 10/10 saved
[2025-12-30 19:51:47] → Scraping 51130148
[2025-12-30 19:51:47] → Scraping 51130147
[2025-12-30 19:51:47] → Scraping 51130146
[2025-12-30 19:51:47] → Scraping 2640508
[2025-12-30 19:51:47] → Scraping 5998685
[2025-12-30 19:51:47] → Scraping 51130145
[2025-12-30 19:51:47] → Scraping 51013958
[2025-12-30 19:51:47] → Scraping 51006161
[2025-12-30 19:51:47] → Scraping 5998026
[2025-12-30 19:51:47] → Scraping 51008983
[2025-12-30 19:51:50] ✓ Saved 10 listings to CSV
[2025-12-30 19:51:50]   ✓ Batch: 10/10 saved
[2025-12-30 19:51:50] → Scraping 51006153
[2025-12-30 19:51:50] → Scraping 5998688
[2025-12-30 19:51:50] → Scraping 51008987
[2025-12-30 19:51:50] → Scraping 5998690
[2025-12-30 19:51:50] → Scraping 51009588
[2025-12-30 19:51:50] → Scraping 51002615
[2025-12-30 19:51:50] → Scraping 51018508
[2025-12-30 19:51:50] → Scraping 51008986
[2025-12-30 19:51:50] → Scraping 51006164
[2025-12-30 19:51:50] → Scraping 51018943
[2025-12-30 19:51:53] ✓ Saved 10 listings to CSV
[2025-12-30 19:51:53]   ✓ Batch: 10/10 saved
[2025-12-30 19:51:55] 
▶ Page 193
[2025-12-30 19:51:57] ✓ Found 30 listings
[2025-12-30 19:51:57] → Scraping 51008985
[2025-12-30 19:51:57] → Scraping 5998889
[2025-12-30 19:51:57] → Scraping 5997970
[2025-12-30 19:51:57] → Scraping 5998892
[2025-12-30 19:51:57] → Scraping 51130144
[2025-12-30 19:51:57] → Scraping 51019431
[2025-12-30 19:51:57] → Scraping 51009910
[2025-12-30 19:51:57] → Scraping 51018944
[2025-12-30 19:51:57] → Scraping 51018959
[2025-12-30 19:51:57] → Scraping 51019433
[2025-12-30 19:52:00] ✓ Saved 10 listings to CSV
[2025-12-30 19:52:00]   ✓ Batch: 10/10 saved
[2025-12-30 19:52:00] → Scraping 5998697
[2025-12-30 19:52:00] → Scraping 51008981
[2025-12-30 19:52:00] → Scraping 51013955
[2025-12-30 19:52:00] → Scraping 51018960
[2025-12-30 19:52:00] → Scraping 51010140
[2025-12-30 19:52:00] → Scraping 51018950
[2025-12-30 19:52:00] → Scraping 51025734
[2025-12-30 19:52:00] → Scraping 51007864
[2025-12-30 19:52:00] → Scraping 51006156
[2025-12-30 19:52:00] → Scraping 51023461
[2025-12-30 19:52:04] ✓ Saved 10 listings to CSV
[2025-12-30 19:52:04]   ✓ Batch: 10/10 saved
[2025-12-30 19:52:04] → Scraping 51006162
[2025-12-30 19:52:04] → Scraping 51018945
[2025-12-30 19:52:04] → Scraping 51010147
[2025-12-30 19:52:04] → Scraping 51023459
[2025-12-30 19:52:04] → Scraping 51009779
[2025-12-30 19:52:04] → Scraping 51023503
[2025-12-30 19:52:04] → Scraping 51023462
[2025-12-30 19:52:04] → Scraping 51009773
[2025-12-30 19:52:04] → Scraping 51018942
[2025-12-30 19:52:04] → Scraping 51018502
[2025-12-30 19:52:08] ✓ Saved 10 listings to CSV
[2025-12-30 19:52:08]   ✓ Batch: 10/10 saved
[2025-12-30 19:52:10] 
▶ Page 194
[2025-12-30 19:52:12] ✓ Found 30 listings
[2025-12-30 19:52:12] → Scraping 51018948
[2025-12-30 19:52:12] → Scraping 51023498
[2025-12-30 19:52:12] → Scraping 51018303
[2025-12-30 19:52:12] → Scraping 51018304
[2025-12-30 19:52:12] → Scraping 51018302
[2025-12-30 19:52:12] → Scraping 51018512
[2025-12-30 19:52:12] → Scraping 51009912
[2025-12-30 19:52:12] → Scraping 51018516
[2025-12-30 19:52:12] → Scraping 51002066
[2025-12-30 19:52:12] → Scraping 51002569
[2025-12-30 19:52:15] ✓ Saved 10 listings to CSV
[2025-12-30 19:52:15]   ✓ Batch: 10/10 saved
[2025-12-30 19:52:15] → Scraping 5998029
[2025-12-30 19:52:15] → Scraping 51007867
[2025-12-30 19:52:15] → Scraping 51002612
[2025-12-30 19:52:15] → Scraping 51013954
[2025-12-30 19:52:15] → Scraping 51013957
[2025-12-30 19:52:15] → Scraping 51018956
[2025-12-30 19:52:15] → Scraping 51003120
[2025-12-30 19:52:15] → Scraping 51013952
[2025-12-30 19:52:15] → Scraping 51007739
[2025-12-30 19:52:15] → Scraping 5997984
[2025-12-30 19:52:18] ✓ Saved 10 listings to CSV
[2025-12-30 19:52:18]   ✓ Batch: 10/10 saved
[2025-12-30 19:52:18] → Scraping 51009908
[2025-12-30 19:52:18] → Scraping 5997977
[2025-12-30 19:52:18] → Scraping 51007959
[2025-12-30 19:52:18] → Scraping 5997088
[2025-12-30 19:52:18] → Scraping 51009909
[2025-12-30 19:52:18] → Scraping 51130143
[2025-12-30 19:52:18] → Scraping 2640506
[2025-12-30 19:52:18] → Scraping 51082699
[2025-12-30 19:52:18] → Scraping 51099568
[2025-12-30 19:52:18] → Scraping 51130142
[2025-12-30 19:52:22] ✓ Saved 10 listings to CSV
[2025-12-30 19:52:22]   ✓ Batch: 10/10 saved
[2025-12-30 19:52:24] 
▶ Page 195
[2025-12-30 19:52:26] ✓ Found 30 listings
[2025-12-30 19:52:26] → Scraping 51063072
[2025-12-30 19:52:26] → Scraping 51062907
[2025-12-30 19:52:26] → Scraping 51091674
[2025-12-30 19:52:26] → Scraping 2640505
[2025-12-30 19:52:26] → Scraping 51130141
[2025-12-30 19:52:26] → Scraping 51130140
[2025-12-30 19:52:26] → Scraping 2640504
[2025-12-30 19:52:26] → Scraping 2640503
[2025-12-30 19:52:26] → Scraping 2640502
[2025-12-30 19:52:29] ✓ Saved 9 listings to CSV
[2025-12-30 19:52:29]   ✓ Batch: 9/10 saved
[2025-12-30 19:52:29] → Scraping 51130139
[2025-12-30 19:52:29] → Scraping 2640501
[2025-12-30 19:52:29] → Scraping 51130138
[2025-12-30 19:52:29] → Scraping 2640500
[2025-12-30 19:52:29] → Scraping 2640499
[2025-12-30 19:52:29] → Scraping 51130137
[2025-12-30 19:52:29] → Scraping 51130136
[2025-12-30 19:52:29] → Scraping 51130135
[2025-12-30 19:52:29] → Scraping 51130134
[2025-12-30 19:52:29] → Scraping 2620752
[2025-12-30 19:52:32] ✓ Saved 10 listings to CSV
[2025-12-30 19:52:32]   ✓ Batch: 10/10 saved
[2025-12-30 19:52:32] → Scraping 2605232
[2025-12-30 19:52:32] → Scraping 2610775
[2025-12-30 19:52:32] → Scraping 2608712
[2025-12-30 19:52:32] → Scraping 2619991
[2025-12-30 19:52:32] → Scraping 51130133
[2025-12-30 19:52:32] → Scraping 2640498
[2025-12-30 19:52:32] → Scraping 51130132
[2025-12-30 19:52:32] → Scraping 51130131
[2025-12-30 19:52:32] → Scraping 2640497
[2025-12-30 19:52:32] → Scraping 5555863
[2025-12-30 19:52:36] ✓ Saved 10 listings to CSV
[2025-12-30 19:52:36]   ✓ Batch: 10/10 saved
[2025-12-30 19:52:38] 
▶ Page 196
[2025-12-30 19:52:39] ✓ Found 30 listings
[2025-12-30 19:52:39] → Scraping 5476207
[2025-12-30 19:52:39] → Scraping 5490540
[2025-12-30 19:52:39] → Scraping 51051396
[2025-12-30 19:52:39] → Scraping 51130129
[2025-12-30 19:52:39] → Scraping 51130128
[2025-12-30 19:52:39] → Scraping 51130127
[2025-12-30 19:52:39] → Scraping 51130126
[2025-12-30 19:52:39] → Scraping 51130125
[2025-12-30 19:52:39] → Scraping 51130124
[2025-12-30 19:52:39] → Scraping 51130123
[2025-12-30 19:52:42] ✓ Saved 10 listings to CSV
[2025-12-30 19:52:42]   ✓ Batch: 10/10 saved
[2025-12-30 19:52:42] → Scraping 51130122
[2025-12-30 19:52:42] → Scraping 2640494
[2025-12-30 19:52:42] → Scraping 51130120
[2025-12-30 19:52:42] → Scraping 2640493
[2025-12-30 19:52:42] → Scraping 2640492
[2025-12-30 19:52:42] → Scraping 2640491
[2025-12-30 19:52:42] → Scraping 2640489
[2025-12-30 19:52:42] → Scraping 2640488
[2025-12-30 19:52:42] → Scraping 51130119
[2025-12-30 19:52:42] → Scraping 2640487
[2025-12-30 19:52:46] ✓ Saved 10 listings to CSV
[2025-12-30 19:52:46]   ✓ Batch: 10/10 saved
[2025-12-30 19:52:46] → Scraping 51130118
[2025-12-30 19:52:46] → Scraping 51130117
[2025-12-30 19:52:46] → Scraping 2640486
[2025-12-30 19:52:46] → Scraping 2640485
[2025-12-30 19:52:46] → Scraping 487181
[2025-12-30 19:52:46] → Scraping 2640484
[2025-12-30 19:52:46] → Scraping 51124187
[2025-12-30 19:52:46] → Scraping 51127165
[2025-12-30 19:52:46] → Scraping 3239602
[2025-12-30 19:52:46] → Scraping 3239601
[2025-12-30 19:52:49] ✓ Saved 10 listings to CSV
[2025-12-30 19:52:49]   ✓ Batch: 10/10 saved
[2025-12-30 19:52:51] 
▶ Page 197
[2025-12-30 19:52:53] ✓ Found 30 listings
[2025-12-30 19:52:53] → Scraping 3239694
[2025-12-30 19:52:53] → Scraping 487085
[2025-12-30 19:52:53] → Scraping 51130116
[2025-12-30 19:52:53] → Scraping 2640483
[2025-12-30 19:52:53] → Scraping 2640482
[2025-12-30 19:52:53] → Scraping 2640481
[2025-12-30 19:52:53] → Scraping 51130114
[2025-12-30 19:52:53] → Scraping 51130113
[2025-12-30 19:52:53] → Scraping 51130112
[2025-12-30 19:52:53] → Scraping 2640480
[2025-12-30 19:52:56] ✓ Saved 10 listings to CSV
[2025-12-30 19:52:56]   ✓ Batch: 10/10 saved
[2025-12-30 19:52:56] → Scraping 2640478
[2025-12-30 19:52:56] → Scraping 51130109
[2025-12-30 19:52:56] → Scraping 51130108
[2025-12-30 19:52:56] → Scraping 51130107
[2025-12-30 19:52:56] → Scraping 51130106
[2025-12-30 19:52:56] → Scraping 2640477
[2025-12-30 19:52:56] → Scraping 51099222
[2025-12-30 19:52:56] → Scraping 51102372
[2025-12-30 19:52:56] → Scraping 51108534
[2025-12-30 19:52:56] → Scraping 5548297
[2025-12-30 19:53:00] ✓ Saved 10 listings to CSV
[2025-12-30 19:53:00]   ✓ Batch: 10/10 saved
[2025-12-30 19:53:00] → Scraping 5548296
[2025-12-30 19:53:00] → Scraping 5580809
[2025-12-30 19:53:00] → Scraping 5344760
[2025-12-30 19:53:00] → Scraping 2640476
[2025-12-30 19:53:00] → Scraping 5280884
[2025-12-30 19:53:00] → Scraping 51130105
[2025-12-30 19:53:00] → Scraping 51124229
[2025-12-30 19:53:00] → Scraping 51069340
[2025-12-30 19:53:00] → Scraping 51065651
[2025-12-30 19:53:00] → Scraping 51104895
[2025-12-30 19:53:04] ✓ Saved 10 listings to CSV
[2025-12-30 19:53:04]   ✓ Batch: 10/10 saved
[2025-12-30 19:53:06] 
▶ Page 198
[2025-12-30 19:53:07] ✓ Found 30 listings
[2025-12-30 19:53:07] → Scraping 51130104
[2025-12-30 19:53:07] → Scraping 51058449
[2025-12-30 19:53:07] → Scraping 51053675
[2025-12-30 19:53:07] → Scraping 51080402
[2025-12-30 19:53:07] → Scraping 51130103
[2025-12-30 19:53:07] → Scraping 51089577
[2025-12-30 19:53:07] → Scraping 51130102
[2025-12-30 19:53:07] → Scraping 51093140
[2025-12-30 19:53:07] → Scraping 51101628
[2025-12-30 19:53:07] → Scraping 51093142
[2025-12-30 19:53:11] ✓ Saved 10 listings to CSV
[2025-12-30 19:53:11]   ✓ Batch: 10/10 saved
[2025-12-30 19:53:11] → Scraping 51103590
[2025-12-30 19:53:11] → Scraping 51121294
[2025-12-30 19:53:11] → Scraping 51123873
[2025-12-30 19:53:11] → Scraping 51130101
[2025-12-30 19:53:11] → Scraping 51130100
[2025-12-30 19:53:11] → Scraping 51130099
[2025-12-30 19:53:11] → Scraping 2640474
[2025-12-30 19:53:11] → Scraping 51087286
[2025-12-30 19:53:11] → Scraping 51087278
[2025-12-30 19:53:11] → Scraping 5943186
[2025-12-30 19:53:14] ✓ Saved 10 listings to CSV
[2025-12-30 19:53:14]   ✓ Batch: 10/10 saved
[2025-12-30 19:53:14] → Scraping 5943189
[2025-12-30 19:53:14] → Scraping 5892700
[2025-12-30 19:53:14] → Scraping 5943177
[2025-12-30 19:53:14] → Scraping 5943185
[2025-12-30 19:53:14] → Scraping 5943182
[2025-12-30 19:53:14] → Scraping 5943184
[2025-12-30 19:53:14] → Scraping 5943188
[2025-12-30 19:53:14] → Scraping 5943179
[2025-12-30 19:53:14] → Scraping 5943174
[2025-12-30 19:53:14] → Scraping 5943176
[2025-12-30 19:53:18] ✓ Saved 10 listings to CSV
[2025-12-30 19:53:18]   ✓ Batch: 10/10 saved
[2025-12-30 19:53:20] 
▶ Page 199
[2025-12-30 19:53:21] ✓ Found 30 listings
[2025-12-30 19:53:21] → Scraping 5953401
[2025-12-30 19:53:21] → Scraping 5953398
[2025-12-30 19:53:21] → Scraping 5953400
[2025-12-30 19:53:21] → Scraping 5953397
[2025-12-30 19:53:21] → Scraping 5953394
[2025-12-30 19:53:21] → Scraping 5953396
[2025-12-30 19:53:21] → Scraping 5953395
[2025-12-30 19:53:21] → Scraping 5953391
[2025-12-30 19:53:21] → Scraping 5953392
[2025-12-30 19:53:21] → Scraping 5953389
[2025-12-30 19:53:24] ✓ Saved 10 listings to CSV
[2025-12-30 19:53:24]   ✓ Batch: 10/10 saved
[2025-12-30 19:53:24] → Scraping 5892708
[2025-12-30 19:53:24] → Scraping 5892706
[2025-12-30 19:53:24] → Scraping 5892704
[2025-12-30 19:53:24] → Scraping 5892709
[2025-12-30 19:53:24] → Scraping 5892703
[2025-12-30 19:53:24] → Scraping 5892707
[2025-12-30 19:53:24] → Scraping 5892701
[2025-12-30 19:53:24] → Scraping 5892710
[2025-12-30 19:53:24] → Scraping 5892705
[2025-12-30 19:53:24] → Scraping 5943204
[2025-12-30 19:53:28] ✓ Saved 10 listings to CSV
[2025-12-30 19:53:28]   ✓ Batch: 10/10 saved
[2025-12-30 19:53:28] → Scraping 5943210
[2025-12-30 19:53:28] → Scraping 5892699
[2025-12-30 19:53:28] → Scraping 5943212
[2025-12-30 19:53:28] → Scraping 5943207
[2025-12-30 19:53:28] → Scraping 5943201
[2025-12-30 19:53:28] → Scraping 5943202
[2025-12-30 19:53:28] → Scraping 5943195
[2025-12-30 19:53:28] → Scraping 5943205
[2025-12-30 19:53:28] → Scraping 5943197
[2025-12-30 19:53:28] → Scraping 5941717
[2025-12-30 19:53:31] ✓ Saved 10 listings to CSV
[2025-12-30 19:53:31]   ✓ Batch: 10/10 saved
[2025-12-30 19:53:33] 
▶ Page 200
[2025-12-30 19:53:34] ✓ Found 30 listings
[2025-12-30 19:53:34] → Scraping 5941715
[2025-12-30 19:53:34] → Scraping 5943199
[2025-12-30 19:53:34] → Scraping 5941706
[2025-12-30 19:53:34] → Scraping 5941713
[2025-12-30 19:53:34] → Scraping 5941709
[2025-12-30 19:53:34] → Scraping 5941711
[2025-12-30 19:53:34] → Scraping 5941703
[2025-12-30 19:53:34] → Scraping 5941707
[2025-12-30 19:53:34] → Scraping 5941714
[2025-12-30 19:53:34] → Scraping 5941708
[2025-12-30 19:53:38] ✓ Saved 10 listings to CSV
[2025-12-30 19:53:38]   ✓ Batch: 10/10 saved
[2025-12-30 19:53:38] → Scraping 5892694
[2025-12-30 19:53:38] → Scraping 5892689
[2025-12-30 19:53:38] → Scraping 5892688
[2025-12-30 19:53:38] → Scraping 5892692
[2025-12-30 19:53:38] → Scraping 5892687
[2025-12-30 19:53:38] → Scraping 5892693
[2025-12-30 19:53:38] → Scraping 5892686
[2025-12-30 19:53:38] → Scraping 5892696
[2025-12-30 19:53:38] → Scraping 5892690
[2025-12-30 19:53:38] → Scraping 5953515
[2025-12-30 19:53:41] ✓ Saved 10 listings to CSV
[2025-12-30 19:53:41]   ✓ Batch: 10/10 saved
[2025-12-30 19:53:41] → Scraping 5943229
[2025-12-30 19:53:41] → Scraping 5943236
[2025-12-30 19:53:41] → Scraping 5943238
[2025-12-30 19:53:41] → Scraping 5943226
[2025-12-30 19:53:41] → Scraping 5943215
[2025-12-30 19:53:41] → Scraping 5943222
[2025-12-30 19:53:41] → Scraping 5943235
[2025-12-30 19:53:41] → Scraping 5943219
[2025-12-30 19:53:41] → Scraping 5941696
[2025-12-30 19:53:41] → Scraping 5943217
[2025-12-30 19:53:44] ✓ Saved 10 listings to CSV
[2025-12-30 19:53:44]   ✓ Batch: 10/10 saved
[2025-12-30 19:53:46] 
▶ Page 201
[2025-12-30 19:53:48] ✓ Found 30 listings
[2025-12-30 19:53:48] → Scraping 5943214
[2025-12-30 19:53:48] → Scraping 5941701
[2025-12-30 19:53:48] → Scraping 5941697
[2025-12-30 19:53:48] → Scraping 5941695
[2025-12-30 19:53:48] → Scraping 5941694
[2025-12-30 19:53:48] → Scraping 5941690
[2025-12-30 19:53:48] → Scraping 5941692
[2025-12-30 19:53:48] → Scraping 5941691
[2025-12-30 19:53:48] → Scraping 5953513
[2025-12-30 19:53:48] → Scraping 5953517
[2025-12-30 19:53:51] ✓ Saved 10 listings to CSV
[2025-12-30 19:53:51]   ✓ Batch: 10/10 saved
[2025-12-30 19:53:51] → Scraping 5953511
[2025-12-30 19:53:51] → Scraping 5941688
[2025-12-30 19:53:51] → Scraping 5953507
[2025-12-30 19:53:51] → Scraping 5953506
[2025-12-30 19:53:51] → Scraping 5941687
[2025-12-30 19:53:51] → Scraping 5953509
[2025-12-30 19:53:51] → Scraping 5953508
[2025-12-30 19:53:51] → Scraping 5953505
[2025-12-30 19:53:51] → Scraping 5953510
[2025-12-30 19:53:51] → Scraping 5954328
[2025-12-30 19:53:55] ✓ Saved 10 listings to CSV
[2025-12-30 19:53:55]   ✓ Batch: 10/10 saved
[2025-12-30 19:53:55] → Scraping 5954332
[2025-12-30 19:53:55] → Scraping 5954326
[2025-12-30 19:53:55] → Scraping 5954330
[2025-12-30 19:53:55] → Scraping 5954327
[2025-12-30 19:53:55] → Scraping 5954331
[2025-12-30 19:53:55] → Scraping 5954334
[2025-12-30 19:53:55] → Scraping 5954336
[2025-12-30 19:53:55] → Scraping 5941662
[2025-12-30 19:53:55] → Scraping 5941663
[2025-12-30 19:53:55] → Scraping 5941664
[2025-12-30 19:53:58] ✓ Saved 10 listings to CSV
[2025-12-30 19:53:58]   ✓ Batch: 10/10 saved
[2025-12-30 19:54:00] 
▶ Page 202
[2025-12-30 19:54:02] ✓ Found 30 listings
[2025-12-30 19:54:02] → Scraping 5941665
[2025-12-30 19:54:02] → Scraping 5941668
[2025-12-30 19:54:02] → Scraping 5941667
[2025-12-30 19:54:02] → Scraping 5941666
[2025-12-30 19:54:02] → Scraping 5941669
[2025-12-30 19:54:02] → Scraping 5941670
[2025-12-30 19:54:02] → Scraping 5941671
[2025-12-30 19:54:02] → Scraping 5943566
[2025-12-30 19:54:02] → Scraping 5943569
[2025-12-30 19:54:02] → Scraping 5943570
[2025-12-30 19:54:05] ✓ Saved 10 listings to CSV
[2025-12-30 19:54:05]   ✓ Batch: 10/10 saved
[2025-12-30 19:54:05] → Scraping 5943568
[2025-12-30 19:54:05] → Scraping 5943572
[2025-12-30 19:54:05] → Scraping 5943571
[2025-12-30 19:54:05] → Scraping 5943573
[2025-12-30 19:54:05] → Scraping 5943574
[2025-12-30 19:54:05] → Scraping 5943576
[2025-12-30 19:54:05] → Scraping 5954338
[2025-12-30 19:54:05] → Scraping 5943575
[2025-12-30 19:54:05] → Scraping 51031874
[2025-12-30 19:54:05] → Scraping 51031876
[2025-12-30 19:54:09] ✓ Saved 10 listings to CSV
[2025-12-30 19:54:09]   ✓ Batch: 10/10 saved
[2025-12-30 19:54:09] → Scraping 5943581
[2025-12-30 19:54:09] → Scraping 5973823
[2025-12-30 19:54:09] → Scraping 5943587
[2025-12-30 19:54:09] → Scraping 5941650
[2025-12-30 19:54:09] → Scraping 5943585
[2025-12-30 19:54:09] → Scraping 5943582
[2025-12-30 19:54:09] → Scraping 5941661
[2025-12-30 19:54:09] → Scraping 5943579
[2025-12-30 19:54:09] → Scraping 5941656
[2025-12-30 19:54:09] → Scraping 5941653
[2025-12-30 19:54:12] ✓ Saved 10 listings to CSV
[2025-12-30 19:54:12]   ✓ Batch: 10/10 saved
[2025-12-30 19:54:14] 
▶ Page 203
[2025-12-30 19:54:16] ✓ Found 30 listings
[2025-12-30 19:54:16] → Scraping 5954466
[2025-12-30 19:54:16] → Scraping 5941658
[2025-12-30 19:54:16] → Scraping 5941646
[2025-12-30 19:54:16] → Scraping 5941659
[2025-12-30 19:54:16] → Scraping 5941651
[2025-12-30 19:54:16] → Scraping 5954459
[2025-12-30 19:54:16] → Scraping 5954463
[2025-12-30 19:54:16] → Scraping 5941644
[2025-12-30 19:54:16] → Scraping 5954461
[2025-12-30 19:54:16] → Scraping 5941640
[2025-12-30 19:54:19] ✓ Saved 10 listings to CSV
[2025-12-30 19:54:19]   ✓ Batch: 10/10 saved
[2025-12-30 19:54:19] → Scraping 5954460
[2025-12-30 19:54:19] → Scraping 5973809
[2025-12-30 19:54:19] → Scraping 5973824
[2025-12-30 19:54:19] → Scraping 5973818
[2025-12-30 19:54:19] → Scraping 5954458
[2025-12-30 19:54:19] → Scraping 5973815
[2025-12-30 19:54:19] → Scraping 5973812
[2025-12-30 19:54:19] → Scraping 5973819
[2025-12-30 19:54:19] → Scraping 5973813
[2025-12-30 19:54:19] → Scraping 5973814
[2025-12-30 19:54:23] ✓ Saved 10 listings to CSV
[2025-12-30 19:54:23]   ✓ Batch: 10/10 saved
[2025-12-30 19:54:23] → Scraping 5954493
[2025-12-30 19:54:23] → Scraping 5941635
[2025-12-30 19:54:23] → Scraping 5973795
[2025-12-30 19:54:23] → Scraping 5941633
[2025-12-30 19:54:23] → Scraping 5941628
[2025-12-30 19:54:23] → Scraping 5941638
[2025-12-30 19:54:23] → Scraping 5941629
[2025-12-30 19:54:23] → Scraping 5941632
[2025-12-30 19:54:23] → Scraping 5941627
[2025-12-30 19:54:23] → Scraping 5941636
[2025-12-30 19:54:26] ✓ Saved 10 listings to CSV
[2025-12-30 19:54:26]   ✓ Batch: 10/10 saved
[2025-12-30 19:54:28] 
▶ Page 204
[2025-12-30 19:54:29] ✓ Found 30 listings
[2025-12-30 19:54:29] → Scraping 5954491
[2025-12-30 19:54:29] → Scraping 5941626
[2025-12-30 19:54:29] → Scraping 5954486
[2025-12-30 19:54:29] → Scraping 5941631
[2025-12-30 19:54:29] → Scraping 5954483
[2025-12-30 19:54:29] → Scraping 5954490
[2025-12-30 19:54:29] → Scraping 5954477
[2025-12-30 19:54:29] → Scraping 5974033
[2025-12-30 19:54:29] → Scraping 5973802
[2025-12-30 19:54:29] → Scraping 5954489
[2025-12-30 19:54:33] ✓ Saved 10 listings to CSV
[2025-12-30 19:54:33]   ✓ Batch: 10/10 saved
[2025-12-30 19:54:33] → Scraping 5974030
[2025-12-30 19:54:33] → Scraping 5973796
[2025-12-30 19:54:33] → Scraping 5973798
[2025-12-30 19:54:33] → Scraping 5973790
[2025-12-30 19:54:33] → Scraping 5973792
[2025-12-30 19:54:33] → Scraping 5973789
[2025-12-30 19:54:33] → Scraping 5973793
[2025-12-30 19:54:33] → Scraping 5974034
[2025-12-30 19:54:33] → Scraping 5973788
[2025-12-30 19:54:33] → Scraping 5973787
[2025-12-30 19:54:36] ✓ Saved 10 listings to CSV
[2025-12-30 19:54:36]   ✓ Batch: 10/10 saved
[2025-12-30 19:54:36] → Scraping 487163
[2025-12-30 19:54:36] → Scraping 487164
[2025-12-30 19:54:36] → Scraping 487165
[2025-12-30 19:54:36] → Scraping 5941254
[2025-12-30 19:54:36] → Scraping 5973783
[2025-12-30 19:54:36] → Scraping 5941253
[2025-12-30 19:54:36] → Scraping 5973768
[2025-12-30 19:54:36] → Scraping 5892668
[2025-12-30 19:54:36] → Scraping 5892670
[2025-12-30 19:54:36] → Scraping 5892667
[2025-12-30 19:54:40] ✓ Saved 10 listings to CSV
[2025-12-30 19:54:40]   ✓ Batch: 10/10 saved
[2025-12-30 19:54:42] 
▶ Page 205
[2025-12-30 19:54:43] ✓ Found 30 listings
[2025-12-30 19:54:43] → Scraping 5892669
[2025-12-30 19:54:43] → Scraping 5892666
[2025-12-30 19:54:43] → Scraping 5892663
[2025-12-30 19:54:43] → Scraping 5892661
[2025-12-30 19:54:43] → Scraping 5892660
[2025-12-30 19:54:43] → Scraping 5892664
[2025-12-30 19:54:43] → Scraping 5892659
[2025-12-30 19:54:43] → Scraping 5974023
[2025-12-30 19:54:43] → Scraping 5974019
[2025-12-30 19:54:43] → Scraping 5974017
[2025-12-30 19:54:46] ✓ Saved 10 listings to CSV
[2025-12-30 19:54:46]   ✓ Batch: 10/10 saved
[2025-12-30 19:54:46] → Scraping 5974016
[2025-12-30 19:54:46] → Scraping 5974021
[2025-12-30 19:54:46] → Scraping 5974014
[2025-12-30 19:54:46] → Scraping 5974012
[2025-12-30 19:54:46] → Scraping 5973779
[2025-12-30 19:54:46] → Scraping 5973776
[2025-12-30 19:54:46] → Scraping 5973782
[2025-12-30 19:54:46] → Scraping 5973780
[2025-12-30 19:54:46] → Scraping 5973774
[2025-12-30 19:54:46] → Scraping 5973771
[2025-12-30 19:54:50] ✓ Saved 10 listings to CSV
[2025-12-30 19:54:50]   ✓ Batch: 10/10 saved
[2025-12-30 19:54:50] → Scraping 5973773
[2025-12-30 19:54:50] → Scraping 5941255
[2025-12-30 19:54:50] → Scraping 5973767
[2025-12-30 19:54:50] → Scraping 51130098
[2025-12-30 19:54:50] → Scraping 5973763
[2025-12-30 19:54:50] → Scraping 5973760
[2025-12-30 19:54:50] → Scraping 5952707
[2025-12-30 19:54:50] → Scraping 5973766
[2025-12-30 19:54:50] → Scraping 5973756
[2025-12-30 19:54:50] → Scraping 5973761
[2025-12-30 19:54:53] ✓ Saved 10 listings to CSV
[2025-12-30 19:54:53]   ✓ Batch: 10/10 saved
[2025-12-30 19:54:55] 
▶ Page 206
[2025-12-30 19:54:56] ✓ Found 30 listings
[2025-12-30 19:54:56] → Scraping 5973758
[2025-12-30 19:54:56] → Scraping 5973754
[2025-12-30 19:54:56] → Scraping 5973751
[2025-12-30 19:54:56] → Scraping 5941246
[2025-12-30 19:54:56] → Scraping 5941250
[2025-12-30 19:54:56] → Scraping 5973752
[2025-12-30 19:54:56] → Scraping 5941249
[2025-12-30 19:54:56] → Scraping 5973750
[2025-12-30 19:54:56] → Scraping 5941248
[2025-12-30 19:54:56] → Scraping 5941245
[2025-12-30 19:55:00] ✓ Saved 10 listings to CSV
[2025-12-30 19:55:00]   ✓ Batch: 10/10 saved
[2025-12-30 19:55:00] → Scraping 5941243
[2025-12-30 19:55:00] → Scraping 5941251
[2025-12-30 19:55:00] → Scraping 5941242
[2025-12-30 19:55:00] → Scraping 5941241
[2025-12-30 19:55:00] → Scraping 5952721
[2025-12-30 19:55:00] → Scraping 5941244
[2025-12-30 19:55:00] → Scraping 5952720
[2025-12-30 19:55:00] → Scraping 5952716
[2025-12-30 19:55:00] → Scraping 5952709
[2025-12-30 19:55:00] → Scraping 5952706
[2025-12-30 19:55:03] ✓ Saved 10 listings to CSV
[2025-12-30 19:55:03]   ✓ Batch: 10/10 saved
[2025-12-30 19:55:03] → Scraping 5952718
[2025-12-30 19:55:03] → Scraping 5952713
[2025-12-30 19:55:03] → Scraping 5952708
[2025-12-30 19:55:03] → Scraping 5952705
[2025-12-30 19:55:03] → Scraping 5952699
[2025-12-30 19:55:03] → Scraping 5973723
[2025-12-30 19:55:03] → Scraping 5973721
[2025-12-30 19:55:03] → Scraping 5973725
[2025-12-30 19:55:03] → Scraping 5973724
[2025-12-30 19:55:03] → Scraping 5973718
[2025-12-30 19:55:07] ✓ Saved 10 listings to CSV
[2025-12-30 19:55:07]   ✓ Batch: 10/10 saved
[2025-12-30 19:55:09] 
▶ Page 207
[2025-12-30 19:55:10] ✓ Found 30 listings
[2025-12-30 19:55:10] → Scraping 5973719
[2025-12-30 19:55:10] → Scraping 5973722
[2025-12-30 19:55:10] → Scraping 5973712
[2025-12-30 19:55:10] → Scraping 5973716
[2025-12-30 19:55:10] → Scraping 5973707
[2025-12-30 19:55:10] → Scraping 5941236
[2025-12-30 19:55:10] → Scraping 5941231
[2025-12-30 19:55:10] → Scraping 5941235
[2025-12-30 19:55:10] → Scraping 5941229
[2025-12-30 19:55:10] → Scraping 5941057
[2025-12-30 19:55:13] ✓ Saved 10 listings to CSV
[2025-12-30 19:55:13]   ✓ Batch: 10/10 saved
[2025-12-30 19:55:13] → Scraping 5941233
[2025-12-30 19:55:13] → Scraping 5941237
[2025-12-30 19:55:13] → Scraping 5952702
[2025-12-30 19:55:13] → Scraping 5941058
[2025-12-30 19:55:13] → Scraping 5941063
[2025-12-30 19:55:13] → Scraping 5952701
[2025-12-30 19:55:13] → Scraping 5952700
[2025-12-30 19:55:13] → Scraping 5952695
[2025-12-30 19:55:13] → Scraping 5941227
[2025-12-30 19:55:13] → Scraping 5952703
[2025-12-30 19:55:17] ✓ Saved 10 listings to CSV
[2025-12-30 19:55:17]   ✓ Batch: 10/10 saved
[2025-12-30 19:55:17] → Scraping 5952698
[2025-12-30 19:55:17] → Scraping 5952696
[2025-12-30 19:55:17] → Scraping 5952697
[2025-12-30 19:55:17] → Scraping 5952694
[2025-12-30 19:55:17] → Scraping 5900851
[2025-12-30 19:55:17] → Scraping 5900844
[2025-12-30 19:55:17] → Scraping 5892650
[2025-12-30 19:55:17] → Scraping 5900845
[2025-12-30 19:55:17] → Scraping 5900853
[2025-12-30 19:55:17] → Scraping 5900834
[2025-12-30 19:55:20] ✓ Saved 10 listings to CSV
[2025-12-30 19:55:20]   ✓ Batch: 10/10 saved
[2025-12-30 19:55:22] 
▶ Page 208
[2025-12-30 19:55:23] ✓ Found 30 listings
[2025-12-30 19:55:23] → Scraping 5900848
[2025-12-30 19:55:23] → Scraping 5900837
[2025-12-30 19:55:23] → Scraping 5900842
[2025-12-30 19:55:23] → Scraping 5900839
[2025-12-30 19:55:23] → Scraping 5897462
[2025-12-30 19:55:23] → Scraping 5897457
[2025-12-30 19:55:23] → Scraping 5897460
[2025-12-30 19:55:23] → Scraping 5897450
[2025-12-30 19:55:23] → Scraping 5892657
[2025-12-30 19:55:23] → Scraping 5900832
[2025-12-30 19:55:27] ✓ Saved 10 listings to CSV
[2025-12-30 19:55:27]   ✓ Batch: 10/10 saved
[2025-12-30 19:55:27] → Scraping 5897456
[2025-12-30 19:55:27] → Scraping 5897458
[2025-12-30 19:55:27] → Scraping 5897447
[2025-12-30 19:55:27] → Scraping 5897452
[2025-12-30 19:55:27] → Scraping 5892655
[2025-12-30 19:55:27] → Scraping 5892658
[2025-12-30 19:55:27] → Scraping 5897442
[2025-12-30 19:55:27] → Scraping 5897440
[2025-12-30 19:55:27] → Scraping 5892653
[2025-12-30 19:55:27] → Scraping 5892647
[2025-12-30 19:55:30] ✓ Saved 10 listings to CSV
[2025-12-30 19:55:30]   ✓ Batch: 10/10 saved
[2025-12-30 19:55:30] → Scraping 5892649
[2025-12-30 19:55:30] → Scraping 5892654
[2025-12-30 19:55:30] → Scraping 5892646
[2025-12-30 19:55:30] → Scraping 5892645
[2025-12-30 19:55:30] → Scraping 5973696
[2025-12-30 19:55:30] → Scraping 5973699
[2025-12-30 19:55:30] → Scraping 5952623
[2025-12-30 19:55:30] → Scraping 5973697
[2025-12-30 19:55:30] → Scraping 51130097
[2025-12-30 19:55:30] → Scraping 5973698
[2025-12-30 19:55:34] ✓ Saved 10 listings to CSV
[2025-12-30 19:55:34]   ✓ Batch: 10/10 saved
[2025-12-30 19:55:36] 
▶ Page 209
[2025-12-30 19:55:37] ✓ Found 30 listings
[2025-12-30 19:55:37] → Scraping 5973700
[2025-12-30 19:55:37] → Scraping 5973693
[2025-12-30 19:55:37] → Scraping 5973695
[2025-12-30 19:55:37] → Scraping 5941052
[2025-12-30 19:55:37] → Scraping 5973694
[2025-12-30 19:55:37] → Scraping 5973680
[2025-12-30 19:55:37] → Scraping 5941053
[2025-12-30 19:55:37] → Scraping 5973676
[2025-12-30 19:55:37] → Scraping 5941050
[2025-12-30 19:55:37] → Scraping 5941051
[2025-12-30 19:55:41] ✓ Saved 10 listings to CSV
[2025-12-30 19:55:41]   ✓ Batch: 10/10 saved
[2025-12-30 19:55:41] → Scraping 5941041
[2025-12-30 19:55:41] → Scraping 5941054
[2025-12-30 19:55:41] → Scraping 5941048
[2025-12-30 19:55:41] → Scraping 5941043
[2025-12-30 19:55:41] → Scraping 5941042
[2025-12-30 19:55:41] → Scraping 5952632
[2025-12-30 19:55:41] → Scraping 5952637
[2025-12-30 19:55:41] → Scraping 5941044
[2025-12-30 19:55:41] → Scraping 5952631
[2025-12-30 19:55:41] → Scraping 5952628
[2025-12-30 19:55:44] ✓ Saved 10 listings to CSV
[2025-12-30 19:55:44]   ✓ Batch: 10/10 saved
[2025-12-30 19:55:44] → Scraping 5952635
[2025-12-30 19:55:44] → Scraping 5952624
[2025-12-30 19:55:44] → Scraping 5952630
[2025-12-30 19:55:44] → Scraping 5952627
[2025-12-30 19:55:44] → Scraping 5952626
[2025-12-30 19:55:44] → Scraping 5941035
[2025-12-30 19:55:44] → Scraping 5952613
[2025-12-30 19:55:44] → Scraping 5941040
[2025-12-30 19:55:44] → Scraping 5941037
[2025-12-30 19:55:44] → Scraping 5941038
[2025-12-30 19:55:48] ✓ Saved 10 listings to CSV
[2025-12-30 19:55:48]   ✓ Batch: 10/10 saved
[2025-12-30 19:55:50] 
▶ Page 210
[2025-12-30 19:55:51] ✓ Found 30 listings
[2025-12-30 19:55:51] → Scraping 5941039
[2025-12-30 19:55:51] → Scraping 5941036
[2025-12-30 19:55:51] → Scraping 5941034
[2025-12-30 19:55:51] → Scraping 5941031
[2025-12-30 19:55:51] → Scraping 5900830
[2025-12-30 19:55:51] → Scraping 5941033
[2025-12-30 19:55:51] → Scraping 5941029
[2025-12-30 19:55:51] → Scraping 5900831
[2025-12-30 19:55:51] → Scraping 5900825
[2025-12-30 19:55:51] → Scraping 5900828
[2025-12-30 19:55:54] ✓ Saved 10 listings to CSV
[2025-12-30 19:55:54]   ✓ Batch: 10/10 saved
[2025-12-30 19:55:54] → Scraping 5900829
[2025-12-30 19:55:54] → Scraping 5900820
[2025-12-30 19:55:54] → Scraping 5900821
[2025-12-30 19:55:54] → Scraping 5900819
[2025-12-30 19:55:54] → Scraping 5911436
[2025-12-30 19:55:54] → Scraping 5911433
[2025-12-30 19:55:54] → Scraping 5900827
[2025-12-30 19:55:54] → Scraping 5952619
[2025-12-30 19:55:54] → Scraping 5911430
[2025-12-30 19:55:54] → Scraping 5911438
[2025-12-30 19:55:58] ✓ Saved 10 listings to CSV
[2025-12-30 19:55:58]   ✓ Batch: 10/10 saved
[2025-12-30 19:55:58] → Scraping 5900818
[2025-12-30 19:55:58] → Scraping 5952617
[2025-12-30 19:55:58] → Scraping 5952610
[2025-12-30 19:55:58] → Scraping 5952614
[2025-12-30 19:55:58] → Scraping 5952618
[2025-12-30 19:55:58] → Scraping 5952616
[2025-12-30 19:55:58] → Scraping 5952392
[2025-12-30 19:55:58] → Scraping 5973665
[2025-12-30 19:55:58] → Scraping 5973670
[2025-12-30 19:55:58] → Scraping 5973664
[2025-12-30 19:56:01] ✓ Saved 10 listings to CSV
[2025-12-30 19:56:02]   ✓ Batch: 10/10 saved
[2025-12-30 19:56:04] 
▶ Page 211
[2025-12-30 19:56:05] ✓ Found 30 listings
[2025-12-30 19:56:05] → Scraping 5973662
[2025-12-30 19:56:05] → Scraping 5973660
[2025-12-30 19:56:05] → Scraping 5973656
[2025-12-30 19:56:05] → Scraping 5973655
[2025-12-30 19:56:05] → Scraping 5973658
[2025-12-30 19:56:05] → Scraping 5973652
[2025-12-30 19:56:05] → Scraping 5973654
[2025-12-30 19:56:05] → Scraping 5940917
[2025-12-30 19:56:05] → Scraping 5940920
[2025-12-30 19:56:05] → Scraping 5940922
[2025-12-30 19:56:09] ✓ Saved 10 listings to CSV
[2025-12-30 19:56:09]   ✓ Batch: 10/10 saved
[2025-12-30 19:56:09] → Scraping 5940913
[2025-12-30 19:56:09] → Scraping 5940923
[2025-12-30 19:56:09] → Scraping 5940916
[2025-12-30 19:56:09] → Scraping 5940926
[2025-12-30 19:56:09] → Scraping 5940912
[2025-12-30 19:56:09] → Scraping 5940915
[2025-12-30 19:56:09] → Scraping 5952419
[2025-12-30 19:56:09] → Scraping 5940914
[2025-12-30 19:56:09] → Scraping 5952393
[2025-12-30 19:56:09] → Scraping 5952416
[2025-12-30 19:56:12] ✓ Saved 10 listings to CSV
[2025-12-30 19:56:12]   ✓ Batch: 10/10 saved
[2025-12-30 19:56:12] → Scraping 5952410
[2025-12-30 19:56:12] → Scraping 5952413
[2025-12-30 19:56:12] → Scraping 5952404
[2025-12-30 19:56:12] → Scraping 5952399
[2025-12-30 19:56:12] → Scraping 5952391
[2025-12-30 19:56:12] → Scraping 5952396
[2025-12-30 19:56:12] → Scraping 5897427
[2025-12-30 19:56:12] → Scraping 5905773
[2025-12-30 19:56:12] → Scraping 5905776
[2025-12-30 19:56:12] → Scraping 5905775
[2025-12-30 19:56:16] ✓ Saved 10 listings to CSV
[2025-12-30 19:56:16]   ✓ Batch: 10/10 saved
[2025-12-30 19:56:18] 
▶ Page 212
[2025-12-30 19:56:19] ✓ Found 30 listings
[2025-12-30 19:56:19] → Scraping 5892631
[2025-12-30 19:56:19] → Scraping 5892632
[2025-12-30 19:56:19] → Scraping 5905774
[2025-12-30 19:56:19] → Scraping 5905786
[2025-12-30 19:56:19] → Scraping 5905782
[2025-12-30 19:56:19] → Scraping 5892634
[2025-12-30 19:56:19] → Scraping 2638883
[2025-12-30 19:56:19] → Scraping 5905788
[2025-12-30 19:56:19] → Scraping 5905796
[2025-12-30 19:56:19] → Scraping 5892637
[2025-12-30 19:56:23] ✓ Saved 10 listings to CSV
[2025-12-30 19:56:23]   ✓ Batch: 10/10 saved
[2025-12-30 19:56:23] → Scraping 5892635
[2025-12-30 19:56:23] → Scraping 5892638
[2025-12-30 19:56:23] → Scraping 5892636
[2025-12-30 19:56:23] → Scraping 5892643
[2025-12-30 19:56:23] → Scraping 5892642
[2025-12-30 19:56:23] → Scraping 5897417
[2025-12-30 19:56:23] → Scraping 5892640
[2025-12-30 19:56:23] → Scraping 5897415
[2025-12-30 19:56:23] → Scraping 5897418
[2025-12-30 19:56:23] → Scraping 5897419
[2025-12-30 19:56:26] ✓ Saved 10 listings to CSV
[2025-12-30 19:56:26]   ✓ Batch: 10/10 saved
[2025-12-30 19:56:26] → Scraping 5897423
[2025-12-30 19:56:26] → Scraping 5897425
[2025-12-30 19:56:26] → Scraping 5897428
[2025-12-30 19:56:26] → Scraping 5897422
[2025-12-30 19:56:26] → Scraping 5905771
[2025-12-30 19:56:26] → Scraping 5897420
[2025-12-30 19:56:26] → Scraping 5905780
[2025-12-30 19:56:26] → Scraping 51130096
[2025-12-30 19:56:26] → Scraping 5940898
[2025-12-30 19:56:26] → Scraping 5973647
[2025-12-30 19:56:30] ✓ Saved 10 listings to CSV
[2025-12-30 19:56:30]   ✓ Batch: 10/10 saved
[2025-12-30 19:56:32] 
▶ Page 213
[2025-12-30 19:56:33] ✓ Found 30 listings
[2025-12-30 19:56:33] → Scraping 5973640
[2025-12-30 19:56:33] → Scraping 5940896
[2025-12-30 19:56:33] → Scraping 5940895
[2025-12-30 19:56:33] → Scraping 5940892
[2025-12-30 19:56:33] → Scraping 5940893
[2025-12-30 19:56:33] → Scraping 5940894
[2025-12-30 19:56:33] → Scraping 5940891
[2025-12-30 19:56:33] → Scraping 5940889
[2025-12-30 19:56:33] → Scraping 5940888
[2025-12-30 19:56:33] → Scraping 5940067
[2025-12-30 19:56:37] ✓ Saved 10 listings to CSV
[2025-12-30 19:56:37]   ✓ Batch: 10/10 saved
[2025-12-30 19:56:37] → Scraping 5952372
[2025-12-30 19:56:37] → Scraping 5952381
[2025-12-30 19:56:37] → Scraping 5952378
[2025-12-30 19:56:37] → Scraping 5952380
[2025-12-30 19:56:37] → Scraping 5952371
[2025-12-30 19:56:37] → Scraping 5952377
[2025-12-30 19:56:37] → Scraping 5952373
[2025-12-30 19:56:37] → Scraping 5952370
[2025-12-30 19:56:37] → Scraping 5952374
[2025-12-30 19:56:37] → Scraping 5952376
[2025-12-30 19:56:40] ✓ Saved 10 listings to CSV
[2025-12-30 19:56:40]   ✓ Batch: 10/10 saved
[2025-12-30 19:56:40] → Scraping 5973648
[2025-12-30 19:56:40] → Scraping 5973646
[2025-12-30 19:56:40] → Scraping 5973635
[2025-12-30 19:56:40] → Scraping 5973633
[2025-12-30 19:56:40] → Scraping 5973644
[2025-12-30 19:56:40] → Scraping 5973643
[2025-12-30 19:56:40] → Scraping 5940897
[2025-12-30 19:56:40] → Scraping 5973645
[2025-12-30 19:56:40] → Scraping 51110419
[2025-12-30 19:56:40] → Scraping 2637456
[2025-12-30 19:56:43] ✓ Saved 10 listings to CSV
[2025-12-30 19:56:43]   ✓ Batch: 10/10 saved
[2025-12-30 19:56:45] 
▶ Page 214
[2025-12-30 19:56:47] ✓ Found 30 listings
[2025-12-30 19:56:47] → Scraping 51120826
[2025-12-30 19:56:47] → Scraping 51123052
[2025-12-30 19:56:47] → Scraping 51125408
[2025-12-30 19:56:47] → Scraping 51125411
[2025-12-30 19:56:47] → Scraping 51125413
[2025-12-30 19:56:47] → Scraping 2635847
[2025-12-30 19:56:47] → Scraping 2638851
[2025-12-30 19:56:47] → Scraping 2631324
[2025-12-30 19:56:47] → Scraping 2609339
[2025-12-30 19:56:47] → Scraping 51123436
[2025-12-30 19:56:51] ✓ Saved 10 listings to CSV
[2025-12-30 19:56:51]   ✓ Batch: 10/10 saved
[2025-12-30 19:56:51] → Scraping 51122917
[2025-12-30 19:56:51] → Scraping 51122918
[2025-12-30 19:56:51] → Scraping 51078586
[2025-12-30 19:56:51] → Scraping 51072618
[2025-12-30 19:56:51] → Scraping 51121636
[2025-12-30 19:56:51] → Scraping 51105210
[2025-12-30 19:56:51] → Scraping 51104947
[2025-12-30 19:56:51] → Scraping 51114590
[2025-12-30 19:56:51] → Scraping 51122535
[2025-12-30 19:56:51] → Scraping 51122536
[2025-12-30 19:56:54] ✓ Saved 10 listings to CSV
[2025-12-30 19:56:54]   ✓ Batch: 10/10 saved
[2025-12-30 19:56:54] → Scraping 51121013
[2025-12-30 19:56:54] → Scraping 51117885
[2025-12-30 19:56:54] → Scraping 51114567
[2025-12-30 19:56:54] → Scraping 51114715
[2025-12-30 19:56:54] → Scraping 51114728
[2025-12-30 19:56:54] → Scraping 51114730
[2025-12-30 19:56:54] → Scraping 51104661
[2025-12-30 19:56:54] → Scraping 51092666
[2025-12-30 19:56:54] → Scraping 51120611
[2025-12-30 19:56:54] → Scraping 51117645
[2025-12-30 19:56:58] ✓ Saved 10 listings to CSV
[2025-12-30 19:56:58]   ✓ Batch: 10/10 saved
[2025-12-30 19:57:00] 
▶ Page 215
[2025-12-30 19:57:01] ✓ Found 30 listings
[2025-12-30 19:57:01] → Scraping 51120832
[2025-12-30 19:57:01] → Scraping 51072141
[2025-12-30 19:57:01] → Scraping 51116174
[2025-12-30 19:57:01] → Scraping 51060901
[2025-12-30 19:57:01] → Scraping 51115107
[2025-12-30 19:57:01] → Scraping 51061644
[2025-12-30 19:57:01] → Scraping 51076882
[2025-12-30 19:57:01] → Scraping 51069152
[2025-12-30 19:57:01] → Scraping 51107669
[2025-12-30 19:57:01] → Scraping 2640367
[2025-12-30 19:57:05] ✓ Saved 10 listings to CSV
[2025-12-30 19:57:05]   ✓ Batch: 10/10 saved
[2025-12-30 19:57:05] → Scraping 51035628
[2025-12-30 19:57:05] → Scraping 5983418
[2025-12-30 19:57:05] → Scraping 5997665
[2025-12-30 19:57:05] → Scraping 51029090
[2025-12-30 19:57:05] → Scraping 51019400
[2025-12-30 19:57:05] → Scraping 51105246
[2025-12-30 19:57:05] → Scraping 51067258
[2025-12-30 19:57:05] → Scraping 2640472
[2025-12-30 19:57:05] → Scraping 51130090
[2025-12-30 19:57:05] → Scraping 51130088
[2025-12-30 19:57:08] ✓ Saved 10 listings to CSV
[2025-12-30 19:57:08]   ✓ Batch: 10/10 saved
[2025-12-30 19:57:08] → Scraping 51130087
[2025-12-30 19:57:08] → Scraping 51130086
[2025-12-30 19:57:08] → Scraping 51130085
[2025-12-30 19:57:08] → Scraping 51130084
[2025-12-30 19:57:08] → Scraping 5320379
[2025-12-30 19:57:08] → Scraping 5344757
[2025-12-30 19:57:08] → Scraping 5396553
[2025-12-30 19:57:08] → Scraping 5642415
[2025-12-30 19:57:08] → Scraping 5471978
[2025-12-30 19:57:08] → Scraping 5547195
[2025-12-30 19:57:11] ✓ Saved 10 listings to CSV
[2025-12-30 19:57:11]   ✓ Batch: 10/10 saved
[2025-12-30 19:57:13] 
▶ Page 216
[2025-12-30 19:57:15] ✓ Found 30 listings
[2025-12-30 19:57:15] → Scraping 5227044
[2025-12-30 19:57:15] → Scraping 5563220
[2025-12-30 19:57:15] → Scraping 5969132
[2025-12-30 19:57:15] → Scraping 5547185
[2025-12-30 19:57:15] → Scraping 5215663
[2025-12-30 19:57:15] → Scraping 5273214
[2025-12-30 19:57:15] → Scraping 5258955
[2025-12-30 19:57:15] → Scraping 5320377
[2025-12-30 19:57:15] → Scraping 5563222
[2025-12-30 19:57:15] → Scraping 5497145
[2025-12-30 19:57:18] ✓ Saved 10 listings to CSV
[2025-12-30 19:57:18]   ✓ Batch: 10/10 saved
[2025-12-30 19:57:18] → Scraping 5409172
[2025-12-30 19:57:18] → Scraping 5450230
[2025-12-30 19:57:18] → Scraping 51036978
[2025-12-30 19:57:18] → Scraping 51130082
[2025-12-30 19:57:18] → Scraping 5215664
[2025-12-30 19:57:18] → Scraping 51130081
[2025-12-30 19:57:18] → Scraping 51130080
[2025-12-30 19:57:18] → Scraping 2640471
[2025-12-30 19:57:18] → Scraping 2640310
[2025-12-30 19:57:18] → Scraping 2640469
[2025-12-30 19:57:22] ✓ Saved 10 listings to CSV
[2025-12-30 19:57:22]   ✓ Batch: 10/10 saved
[2025-12-30 19:57:22] → Scraping 51130078
[2025-12-30 19:57:22] → Scraping 2640468
[2025-12-30 19:57:22] → Scraping 51130076
[2025-12-30 19:57:22] → Scraping 51130075
[2025-12-30 19:57:22] → Scraping 2640466
[2025-12-30 19:57:22] → Scraping 51130074
[2025-12-30 19:57:22] → Scraping 5444374
[2025-12-30 19:57:22] → Scraping 2640465
[2025-12-30 19:57:22] → Scraping 2640464
[2025-12-30 19:57:22] → Scraping 51130073
[2025-12-30 19:57:25] ✓ Saved 10 listings to CSV
[2025-12-30 19:57:25]   ✓ Batch: 10/10 saved
[2025-12-30 19:57:27] 
▶ Page 217
[2025-12-30 19:57:29] ✓ Found 30 listings
[2025-12-30 19:57:29] → Scraping 51130071
[2025-12-30 19:57:29] → Scraping 51130070
[2025-12-30 19:57:29] → Scraping 2640462
[2025-12-30 19:57:29] → Scraping 51130069
[2025-12-30 19:57:29] → Scraping 51130068
[2025-12-30 19:57:29] → Scraping 51130067
[2025-12-30 19:57:29] → Scraping 51130066
[2025-12-30 19:57:29] → Scraping 51130065
[2025-12-30 19:57:29] → Scraping 51130064
[2025-12-30 19:57:29] → Scraping 51130063
[2025-12-30 19:57:33] ✓ Saved 10 listings to CSV
[2025-12-30 19:57:33]   ✓ Batch: 10/10 saved
[2025-12-30 19:57:33] → Scraping 51130062
[2025-12-30 19:57:33] → Scraping 51130061
[2025-12-30 19:57:33] → Scraping 51130060
[2025-12-30 19:57:33] → Scraping 51130059
[2025-12-30 19:57:33] → Scraping 51130058
[2025-12-30 19:57:33] → Scraping 51130057
[2025-12-30 19:57:33] → Scraping 51130056
[2025-12-30 19:57:33] → Scraping 51130055
[2025-12-30 19:57:33] → Scraping 51130054
[2025-12-30 19:57:33] → Scraping 51130052
[2025-12-30 19:57:36] ✓ Saved 10 listings to CSV
[2025-12-30 19:57:36]   ✓ Batch: 10/10 saved
[2025-12-30 19:57:36] → Scraping 51130051
[2025-12-30 19:57:36] → Scraping 2640460
[2025-12-30 19:57:36] → Scraping 51130050
[2025-12-30 19:57:36] → Scraping 2640459
[2025-12-30 19:57:36] → Scraping 51130049
[2025-12-30 19:57:36] → Scraping 51130048
[2025-12-30 19:57:36] → Scraping 51130047
[2025-12-30 19:57:36] → Scraping 2640458
[2025-12-30 19:57:36] → Scraping 51130046
[2025-12-30 19:57:36] → Scraping 51130045
[2025-12-30 19:57:40] ✓ Saved 10 listings to CSV
[2025-12-30 19:57:40]   ✓ Batch: 10/10 saved
[2025-12-30 19:57:42] 
▶ Page 218
[2025-12-30 19:57:43] ✓ Found 30 listings
[2025-12-30 19:57:43] → Scraping 2640457
[2025-12-30 19:57:43] → Scraping 51130044
[2025-12-30 19:57:43] → Scraping 51084291
[2025-12-30 19:57:43] → Scraping 51072156
[2025-12-30 19:57:43] → Scraping 51073495
[2025-12-30 19:57:43] → Scraping 51072158
[2025-12-30 19:57:43] → Scraping 51072466
[2025-12-30 19:57:43] → Scraping 3239772
[2025-12-30 19:57:43] → Scraping 51130043
[2025-12-30 19:57:43] → Scraping 51072332
[2025-12-30 19:57:46] ✓ Saved 10 listings to CSV
[2025-12-30 19:57:46]   ✓ Batch: 10/10 saved
[2025-12-30 19:57:46] → Scraping 51073185
[2025-12-30 19:57:46] → Scraping 51072327
[2025-12-30 19:57:46] → Scraping 51072328
[2025-12-30 19:57:46] → Scraping 51072323
[2025-12-30 19:57:46] → Scraping 51072322
[2025-12-30 19:57:46] → Scraping 51084295
[2025-12-30 19:57:46] → Scraping 51073489
[2025-12-30 19:57:46] → Scraping 51073180
[2025-12-30 19:57:46] → Scraping 51072319
[2025-12-30 19:57:46] → Scraping 51073182
[2025-12-30 19:57:50] ✓ Saved 10 listings to CSV
[2025-12-30 19:57:50]   ✓ Batch: 10/10 saved
[2025-12-30 19:57:50] → Scraping 51073186
[2025-12-30 19:57:50] → Scraping 51073176
[2025-12-30 19:57:50] → Scraping 51072155
[2025-12-30 19:57:50] → Scraping 51073173
[2025-12-30 19:57:50] → Scraping 51073178
[2025-12-30 19:57:50] → Scraping 51073172
[2025-12-30 19:57:50] → Scraping 51073174
[2025-12-30 19:57:50] → Scraping 51073169
[2025-12-30 19:57:50] → Scraping 51072330
[2025-12-30 19:57:50] → Scraping 51071859
[2025-12-30 19:57:53] ✓ Saved 10 listings to CSV
[2025-12-30 19:57:53]   ✓ Batch: 10/10 saved
[2025-12-30 19:57:55] 
▶ Page 219
[2025-12-30 19:57:57] ✓ Found 30 listings
[2025-12-30 19:57:57] → Scraping 51093521
[2025-12-30 19:57:57] → Scraping 51071846
[2025-12-30 19:57:57] → Scraping 51072157
[2025-12-30 19:57:57] → Scraping 51072153
[2025-12-30 19:57:57] → Scraping 51071864
[2025-12-30 19:57:57] → Scraping 51072159
[2025-12-30 19:57:57] → Scraping 51130041
[2025-12-30 19:57:57] → Scraping 51130040
[2025-12-30 19:57:57] → Scraping 51130039
[2025-12-30 19:57:57] → Scraping 51126381
[2025-12-30 19:58:00] ✓ Saved 10 listings to CSV
[2025-12-30 19:58:00]   ✓ Batch: 10/10 saved
[2025-12-30 19:58:00] → Scraping 2640455
[2025-12-30 19:58:00] → Scraping 51130038
[2025-12-30 19:58:00] → Scraping 51130037
[2025-12-30 19:58:00] → Scraping 51130036
[2025-12-30 19:58:00] → Scraping 51130035
[2025-12-30 19:58:00] → Scraping 51093026
[2025-12-30 19:58:00] → Scraping 2640454
[2025-12-30 19:58:00] → Scraping 2640453
[2025-12-30 19:58:00] → Scraping 2640452
[2025-12-30 19:58:00] → Scraping 2640451
[2025-12-30 19:58:04] ✓ Saved 10 listings to CSV
[2025-12-30 19:58:04]   ✓ Batch: 10/10 saved
[2025-12-30 19:58:04] → Scraping 51130034
[2025-12-30 19:58:04] → Scraping 51130031
[2025-12-30 19:58:04] → Scraping 51130030
[2025-12-30 19:58:04] → Scraping 2640450
[2025-12-30 19:58:04] → Scraping 2640449
[2025-12-30 19:58:04] → Scraping 51130029
[2025-12-30 19:58:04] → Scraping 51130028
[2025-12-30 19:58:04] → Scraping 2640448
[2025-12-30 19:58:04] → Scraping 2640447
[2025-12-30 19:58:04] → Scraping 2640446
[2025-12-30 19:58:08] ✓ Saved 10 listings to CSV
[2025-12-30 19:58:08]   ✓ Batch: 10/10 saved
[2025-12-30 19:58:10] 
▶ Page 220
[2025-12-30 19:58:11] ✓ Found 30 listings
[2025-12-30 19:58:11] → Scraping 2640445
[2025-12-30 19:58:11] → Scraping 2640444
[2025-12-30 19:58:11] → Scraping 2640443
[2025-12-30 19:58:11] → Scraping 2640442
[2025-12-30 19:58:11] → Scraping 2640441
[2025-12-30 19:58:11] → Scraping 51130027
[2025-12-30 19:58:11] → Scraping 2640440
[2025-12-30 19:58:11] → Scraping 2640439
[2025-12-30 19:58:11] → Scraping 51130026
[2025-12-30 19:58:11] → Scraping 137272
[2025-12-30 19:58:15] ✓ Saved 10 listings to CSV
[2025-12-30 19:58:15]   ✓ Batch: 10/10 saved
[2025-12-30 19:58:15] → Scraping 51130024
[2025-12-30 19:58:15] → Scraping 51130023
[2025-12-30 19:58:15] → Scraping 2640437
[2025-12-30 19:58:15] → Scraping 51130022
[2025-12-30 19:58:15] → Scraping 51130021
[2025-12-30 19:58:15] → Scraping 2640436
[2025-12-30 19:58:15] → Scraping 51130019
[2025-12-30 19:58:15] → Scraping 51130017
[2025-12-30 19:58:15] → Scraping 2640435
[2025-12-30 19:58:15] → Scraping 51130016
[2025-12-30 19:58:18] ✓ Saved 10 listings to CSV
[2025-12-30 19:58:18]   ✓ Batch: 10/10 saved
[2025-12-30 19:58:18] → Scraping 51130015
[2025-12-30 19:58:18] → Scraping 51130014
[2025-12-30 19:58:18] → Scraping 51130013
[2025-12-30 19:58:18] → Scraping 51130012
[2025-12-30 19:58:18] → Scraping 51123626
[2025-12-30 19:58:18] → Scraping 2640434
[2025-12-30 19:58:18] → Scraping 51123628
[2025-12-30 19:58:18] → Scraping 51123629
[2025-12-30 19:58:18] → Scraping 51123632
[2025-12-30 19:58:18] → Scraping 51123635
[2025-12-30 19:58:22] ✓ Saved 10 listings to CSV
[2025-12-30 19:58:22]   ✓ Batch: 10/10 saved
[2025-12-30 19:58:24] 
▶ Page 221
[2025-12-30 19:58:25] ✓ Found 30 listings
[2025-12-30 19:58:25] → Scraping 51123641
[2025-12-30 19:58:25] → Scraping 51123645
[2025-12-30 19:58:25] → Scraping 51130010
[2025-12-30 19:58:25] → Scraping 51130009
[2025-12-30 19:58:25] → Scraping 51130008
[2025-12-30 19:58:25] → Scraping 2640432
[2025-12-30 19:58:25] → Scraping 51130006
[2025-12-30 19:58:25] → Scraping 51130005
[2025-12-30 19:58:25] → Scraping 2640431
[2025-12-30 19:58:25] → Scraping 2640430
[2025-12-30 19:58:29] ✓ Saved 10 listings to CSV
[2025-12-30 19:58:29]   ✓ Batch: 10/10 saved
[2025-12-30 19:58:29] → Scraping 2640429
[2025-12-30 19:58:29] → Scraping 51130002
[2025-12-30 19:58:29] → Scraping 51130001
[2025-12-30 19:58:29] → Scraping 51107374
[2025-12-30 19:58:29] → Scraping 51097676
[2025-12-30 19:58:29] → Scraping 51102159
[2025-12-30 19:58:29] → Scraping 2640428
[2025-12-30 19:58:29] → Scraping 2640427
[2025-12-30 19:58:29] → Scraping 51079589
[2025-12-30 19:58:29] → Scraping 2640426
[2025-12-30 19:58:32] ✓ Saved 10 listings to CSV
[2025-12-30 19:58:32]   ✓ Batch: 10/10 saved
[2025-12-30 19:58:32] → Scraping 51126937
[2025-12-30 19:58:32] → Scraping 51129999
[2025-12-30 19:58:32] → Scraping 2640425
[2025-12-30 19:58:32] → Scraping 51128905
[2025-12-30 19:58:32] → Scraping 51129997
[2025-12-30 19:58:32] → Scraping 51129996
[2025-12-30 19:58:32] → Scraping 51122389
[2025-12-30 19:58:32] → Scraping 51117377
[2025-12-30 19:58:32] → Scraping 51052847
[2025-12-30 19:58:32] → Scraping 51124047
[2025-12-30 19:58:36] ✓ Saved 10 listings to CSV
[2025-12-30 19:58:36]   ✓ Batch: 10/10 saved
[2025-12-30 19:58:38] 
▶ Page 222
[2025-12-30 19:58:39] ✓ Found 30 listings
[2025-12-30 19:58:39] → Scraping 51054341
[2025-12-30 19:58:39] → Scraping 51054339
[2025-12-30 19:58:39] → Scraping 51063098
[2025-12-30 19:58:39] → Scraping 2638807
[2025-12-30 19:58:39] → Scraping 51129995
[2025-12-30 19:58:39] → Scraping 51129994
[2025-12-30 19:58:39] → Scraping 51092738
[2025-12-30 19:58:39] → Scraping 51077908
[2025-12-30 19:58:39] → Scraping 51098909
[2025-12-30 19:58:39] → Scraping 51065519
[2025-12-30 19:58:43] ✓ Saved 10 listings to CSV
[2025-12-30 19:58:43]   ✓ Batch: 10/10 saved
[2025-12-30 19:58:43] → Scraping 2638260
[2025-12-30 19:58:43] → Scraping 2638261
[2025-12-30 19:58:43] → Scraping 2638263
[2025-12-30 19:58:43] → Scraping 2638265
[2025-12-30 19:58:43] → Scraping 2638267
[2025-12-30 19:58:43] → Scraping 2638268
[2025-12-30 19:58:43] → Scraping 2638272
[2025-12-30 19:58:43] → Scraping 2638348
[2025-12-30 19:58:43] → Scraping 2638351
[2025-12-30 19:58:43] → Scraping 2638353
[2025-12-30 19:58:46] ✓ Saved 10 listings to CSV
[2025-12-30 19:58:46]   ✓ Batch: 10/10 saved
[2025-12-30 19:58:46] → Scraping 51127045
[2025-12-30 19:58:46] → Scraping 51092766
[2025-12-30 19:58:46] → Scraping 2627166
[2025-12-30 19:58:46] → Scraping 51126999
[2025-12-30 19:58:46] → Scraping 51060938
[2025-12-30 19:58:46] → Scraping 51117793
[2025-12-30 19:58:46] → Scraping 51083082
[2025-12-30 19:58:46] → Scraping 51117724
[2025-12-30 19:58:46] → Scraping 51041918
[2025-12-30 19:58:46] → Scraping 51034293
[2025-12-30 19:58:50] ✓ Saved 10 listings to CSV
[2025-12-30 19:58:50]   ✓ Batch: 10/10 saved
[2025-12-30 19:58:52] 
▶ Page 223
[2025-12-30 19:58:53] ✓ Found 30 listings
[2025-12-30 19:58:53] → Scraping 51041870
[2025-12-30 19:58:53] → Scraping 51034274
[2025-12-30 19:58:53] → Scraping 51111650
[2025-12-30 19:58:53] → Scraping 51098169
[2025-12-30 19:58:53] → Scraping 51104111
[2025-12-30 19:58:53] → Scraping 51109507
[2025-12-30 19:58:53] → Scraping 51116762
[2025-12-30 19:58:53] → Scraping 51123083
[2025-12-30 19:58:53] → Scraping 51104398
[2025-12-30 19:58:53] → Scraping 51040087
[2025-12-30 19:58:57] ✓ Saved 10 listings to CSV
[2025-12-30 19:58:57]   ✓ Batch: 10/10 saved
[2025-12-30 19:58:57] → Scraping 51124530
[2025-12-30 19:58:57] → Scraping 51060414
[2025-12-30 19:58:57] → Scraping 51123612
[2025-12-30 19:58:57] → Scraping 51122040
[2025-12-30 19:58:57] → Scraping 51121913
[2025-12-30 19:58:57] → Scraping 51121912
[2025-12-30 19:58:57] → Scraping 51126854
[2025-12-30 19:58:57] → Scraping 2638755
[2025-12-30 19:58:57] → Scraping 51066115
[2025-12-30 19:58:57] → Scraping 51061755
[2025-12-30 19:59:00] ✓ Saved 10 listings to CSV
[2025-12-30 19:59:00]   ✓ Batch: 10/10 saved
[2025-12-30 19:59:00] → Scraping 51125511
[2025-12-30 19:59:00] → Scraping 51125792
[2025-12-30 19:59:00] → Scraping 51125895
[2025-12-30 19:59:00] → Scraping 51126285
[2025-12-30 19:59:00] → Scraping 51126053
[2025-12-30 19:59:00] → Scraping 51126104
[2025-12-30 19:59:00] → Scraping 51126533
[2025-12-30 19:59:00] → Scraping 51126882
[2025-12-30 19:59:00] → Scraping 51120221
[2025-12-30 19:59:00] → Scraping 51046922
[2025-12-30 19:59:04] ✓ Saved 10 listings to CSV
[2025-12-30 19:59:04]   ✓ Batch: 10/10 saved
[2025-12-30 19:59:06] 
▶ Page 224
[2025-12-30 19:59:07] ✓ Found 30 listings
[2025-12-30 19:59:07] → Scraping 51111431
[2025-12-30 19:59:07] → Scraping 51069153
[2025-12-30 19:59:07] → Scraping 51080749
[2025-12-30 19:59:07] → Scraping 51058041
[2025-12-30 19:59:07] → Scraping 51117418
[2025-12-30 19:59:07] → Scraping 51117417
[2025-12-30 19:59:07] → Scraping 51117416
[2025-12-30 19:59:07] → Scraping 51117414
[2025-12-30 19:59:07] → Scraping 51117415
[2025-12-30 19:59:07] → Scraping 51117413
[2025-12-30 19:59:10] ✓ Saved 10 listings to CSV
[2025-12-30 19:59:10]   ✓ Batch: 10/10 saved
[2025-12-30 19:59:10] → Scraping 51117412
[2025-12-30 19:59:10] → Scraping 51117411
[2025-12-30 19:59:10] → Scraping 51117410
[2025-12-30 19:59:10] → Scraping 51117409
[2025-12-30 19:59:11] → Scraping 51117289
[2025-12-30 19:59:11] → Scraping 51117288
[2025-12-30 19:59:11] → Scraping 51117287
[2025-12-30 19:59:11] → Scraping 51117286
[2025-12-30 19:59:11] → Scraping 51117284
[2025-12-30 19:59:11] → Scraping 51117283
[2025-12-30 19:59:14] ✓ Saved 10 listings to CSV
[2025-12-30 19:59:14]   ✓ Batch: 10/10 saved
[2025-12-30 19:59:14] → Scraping 51117282
[2025-12-30 19:59:14] → Scraping 51117281
[2025-12-30 19:59:14] → Scraping 51117280
[2025-12-30 19:59:14] → Scraping 51117252
[2025-12-30 19:59:14] → Scraping 51117251
[2025-12-30 19:59:14] → Scraping 51129991
[2025-12-30 19:59:14] → Scraping 2640424
[2025-12-30 19:59:14] → Scraping 51129990
[2025-12-30 19:59:14] → Scraping 51129989
[2025-12-30 19:59:14] → Scraping 2640423
[2025-12-30 19:59:17] ✓ Saved 10 listings to CSV
[2025-12-30 19:59:17]   ✓ Batch: 10/10 saved
[2025-12-30 19:59:19] 
▶ Page 225
[2025-12-30 19:59:21] ✓ Found 30 listings
[2025-12-30 19:59:21] → Scraping 2640421
[2025-12-30 19:59:21] → Scraping 2640420
[2025-12-30 19:59:21] → Scraping 51129988
[2025-12-30 19:59:21] → Scraping 2640417
[2025-12-30 19:59:21] → Scraping 51129971
[2025-12-30 19:59:21] → Scraping 51129986
[2025-12-30 19:59:21] → Scraping 2640416
[2025-12-30 19:59:21] → Scraping 51129985
[2025-12-30 19:59:21] → Scraping 51129983
[2025-12-30 19:59:21] → Scraping 2640415
[2025-12-30 19:59:24] ✓ Saved 10 listings to CSV
[2025-12-30 19:59:24]   ✓ Batch: 10/10 saved
[2025-12-30 19:59:24] → Scraping 5547193
[2025-12-30 19:59:24] → Scraping 5275933
[2025-12-30 19:59:24] → Scraping 5275934
[2025-12-30 19:59:24] → Scraping 5606195
[2025-12-30 19:59:24] → Scraping 5219845
[2025-12-30 19:59:24] → Scraping 5563221
[2025-12-30 19:59:24] → Scraping 5986504
[2025-12-30 19:59:24] → Scraping 5215637
[2025-12-30 19:59:24] → Scraping 51064020
[2025-12-30 19:59:24] → Scraping 51050959
[2025-12-30 19:59:28] ✓ Saved 10 listings to CSV
[2025-12-30 19:59:28]   ✓ Batch: 10/10 saved
[2025-12-30 19:59:28] → Scraping 5547194
[2025-12-30 19:59:28] → Scraping 51015001
[2025-12-30 19:59:28] → Scraping 5438963
[2025-12-30 19:59:28] → Scraping 51014999
[2025-12-30 19:59:28] → Scraping 5547186
[2025-12-30 19:59:28] → Scraping 5986469
[2025-12-30 19:59:28] → Scraping 5606563
[2025-12-30 19:59:28] → Scraping 51036974
[2025-12-30 19:59:28] → Scraping 51036976
[2025-12-30 19:59:28] → Scraping 51036979
[2025-12-30 19:59:31] ✓ Saved 10 listings to CSV
[2025-12-30 19:59:31]   ✓ Batch: 10/10 saved
[2025-12-30 19:59:33] 
▶ Page 226
[2025-12-30 19:59:34] ✓ Found 30 listings
[2025-12-30 19:59:34] → Scraping 51129982
[2025-12-30 19:59:34] → Scraping 5978133
[2025-12-30 19:59:34] → Scraping 5978805
[2025-12-30 19:59:34] → Scraping 5974887
[2025-12-30 19:59:34] → Scraping 51032254
[2025-12-30 19:59:34] → Scraping 5972910
[2025-12-30 19:59:34] → Scraping 5983355
[2025-12-30 19:59:34] → Scraping 51014099
[2025-12-30 19:59:34] → Scraping 5980643
[2025-12-30 19:59:34] → Scraping 51051220
[2025-12-30 19:59:38] ✓ Saved 10 listings to CSV
[2025-12-30 19:59:38]   ✓ Batch: 10/10 saved
[2025-12-30 19:59:38] → Scraping 5978799
[2025-12-30 19:59:38] → Scraping 5975171
[2025-12-30 19:59:38] → Scraping 51052063
[2025-12-30 19:59:38] → Scraping 51035921
[2025-12-30 19:59:38] → Scraping 51032611
[2025-12-30 19:59:38] → Scraping 5981219
[2025-12-30 19:59:38] → Scraping 51030452
[2025-12-30 19:59:38] → Scraping 51032665
[2025-12-30 19:59:38] → Scraping 5979811
[2025-12-30 19:59:38] → Scraping 51014138
[2025-12-30 19:59:41] ✓ Saved 10 listings to CSV
[2025-12-30 19:59:41]   ✓ Batch: 10/10 saved
[2025-12-30 19:59:41] → Scraping 5973879
[2025-12-30 19:59:41] → Scraping 51042280
[2025-12-30 19:59:41] → Scraping 51050545
[2025-12-30 19:59:41] → Scraping 51000887
[2025-12-30 19:59:41] → Scraping 5994195
[2025-12-30 19:59:41] → Scraping 5972097
[2025-12-30 19:59:41] → Scraping 5978804
[2025-12-30 19:59:41] → Scraping 5980335
[2025-12-30 19:59:41] → Scraping 5979048
[2025-12-30 19:59:41] → Scraping 5972231
[2025-12-30 19:59:44] ✓ Saved 10 listings to CSV
[2025-12-30 19:59:44]   ✓ Batch: 10/10 saved
[2025-12-30 19:59:46] 
▶ Page 227
[2025-12-30 19:59:48] ✓ Found 30 listings
[2025-12-30 19:59:48] → Scraping 51022670
[2025-12-30 19:59:48] → Scraping 5984518
[2025-12-30 19:59:48] → Scraping 5973200
[2025-12-30 19:59:48] → Scraping 5973900
[2025-12-30 19:59:48] → Scraping 5980100
[2025-12-30 19:59:48] → Scraping 51051705
[2025-12-30 19:59:48] → Scraping 51036507
[2025-12-30 19:59:48] → Scraping 5983482
[2025-12-30 19:59:48] → Scraping 5979045
[2025-12-30 19:59:48] → Scraping 51023831
[2025-12-30 19:59:51] ✓ Saved 10 listings to CSV
[2025-12-30 19:59:51]   ✓ Batch: 10/10 saved
[2025-12-30 19:59:51] → Scraping 5981960
[2025-12-30 19:59:51] → Scraping 51012545
[2025-12-30 19:59:51] → Scraping 5985861
[2025-12-30 19:59:51] → Scraping 51030039
[2025-12-30 19:59:51] → Scraping 5980337
[2025-12-30 19:59:51] → Scraping 51011491
[2025-12-30 19:59:51] → Scraping 51071276
[2025-12-30 19:59:51] → Scraping 51044253
[2025-12-30 19:59:51] → Scraping 51067247
[2025-12-30 19:59:51] → Scraping 51038902
[2025-12-30 19:59:55] ✓ Saved 10 listings to CSV
[2025-12-30 19:59:55]   ✓ Batch: 10/10 saved
[2025-12-30 19:59:55] → Scraping 51035923
[2025-12-30 19:59:55] → Scraping 51042844
[2025-12-30 19:59:55] → Scraping 51055048
[2025-12-30 19:59:55] → Scraping 51099127
[2025-12-30 19:59:55] → Scraping 5998944
[2025-12-30 19:59:55] → Scraping 51099126
[2025-12-30 19:59:55] → Scraping 51093324
[2025-12-30 19:59:55] → Scraping 51093325
[2025-12-30 19:59:55] → Scraping 51083081
[2025-12-30 19:59:55] → Scraping 51034231
[2025-12-30 19:59:58] ✓ Saved 10 listings to CSV
[2025-12-30 19:59:58]   ✓ Batch: 10/10 saved
[2025-12-30 20:00:00] 
▶ Page 228
[2025-12-30 20:00:02] ✓ Found 30 listings
[2025-12-30 20:00:02] → Scraping 51036177
[2025-12-30 20:00:02] → Scraping 51065529
[2025-12-30 20:00:02] → Scraping 51100438
[2025-12-30 20:00:02] → Scraping 51100439
[2025-12-30 20:00:02] → Scraping 51083638
[2025-12-30 20:00:02] → Scraping 51024531
[2025-12-30 20:00:02] → Scraping 51087661
[2025-12-30 20:00:02] → Scraping 51083639
[2025-12-30 20:00:02] → Scraping 5984851
[2025-12-30 20:00:05] ✓ Saved 9 listings to CSV
[2025-12-30 20:00:05]   ✓ Batch: 9/10 saved
[2025-12-30 20:00:05] → Scraping 51092503
[2025-12-30 20:00:05] → Scraping 51092504
[2025-12-30 20:00:05] → Scraping 51104078
[2025-12-30 20:00:05] → Scraping 51104079
[2025-12-30 20:00:05] → Scraping 51104081
[2025-12-30 20:00:05] → Scraping 51104082
[2025-12-30 20:00:05] → Scraping 51099125
[2025-12-30 20:00:05] → Scraping 51104083
[2025-12-30 20:00:05] → Scraping 51104084
[2025-12-30 20:00:05] → Scraping 51089733
[2025-12-30 20:00:08] ✓ Saved 10 listings to CSV
[2025-12-30 20:00:08]   ✓ Batch: 10/10 saved
[2025-12-30 20:00:08] → Scraping 51030041
[2025-12-30 20:00:08] → Scraping 51047679
[2025-12-30 20:00:08] → Scraping 51055135
[2025-12-30 20:00:08] → Scraping 51082108
[2025-12-30 20:00:08] → Scraping 51082109
[2025-12-30 20:00:08] → Scraping 51129981
[2025-12-30 20:00:08] → Scraping 51082110
[2025-12-30 20:00:08] → Scraping 51042177
[2025-12-30 20:00:08] → Scraping 51090805
[2025-12-30 20:00:08] → Scraping 51034235
[2025-12-30 20:00:12] ✓ Saved 10 listings to CSV
[2025-12-30 20:00:12]   ✓ Batch: 10/10 saved
[2025-12-30 20:00:14] 
▶ Page 229
[2025-12-30 20:00:15] ✓ Found 30 listings
[2025-12-30 20:00:15] → Scraping 51083079
[2025-12-30 20:00:15] → Scraping 51082111
[2025-12-30 20:00:15] → Scraping 51099855
[2025-12-30 20:00:15] → Scraping 51040086
[2025-12-30 20:00:15] → Scraping 51099859
[2025-12-30 20:00:15] → Scraping 51099858
[2025-12-30 20:00:15] → Scraping 51103025
[2025-12-30 20:00:15] → Scraping 51103026
[2025-12-30 20:00:15] → Scraping 51103027
[2025-12-30 20:00:15] → Scraping 51103028
[2025-12-30 20:00:19] ✓ Saved 10 listings to CSV
[2025-12-30 20:00:19]   ✓ Batch: 10/10 saved
[2025-12-30 20:00:19] → Scraping 5981220
[2025-12-30 20:00:19] → Scraping 51103029
[2025-12-30 20:00:19] → Scraping 51103030
[2025-12-30 20:00:19] → Scraping 51099854
[2025-12-30 20:00:19] → Scraping 51071277
[2025-12-30 20:00:19] → Scraping 51018392
[2025-12-30 20:00:19] → Scraping 51085226
[2025-12-30 20:00:19] → Scraping 51075452
[2025-12-30 20:00:19] → Scraping 51080181
[2025-12-30 20:00:19] → Scraping 51035919
[2025-12-30 20:00:22] ✓ Saved 10 listings to CSV
[2025-12-30 20:00:22]   ✓ Batch: 10/10 saved
[2025-12-30 20:00:22] → Scraping 51087664
[2025-12-30 20:00:22] → Scraping 51059852
[2025-12-30 20:00:22] → Scraping 51100440
[2025-12-30 20:00:22] → Scraping 51100441
[2025-12-30 20:00:22] → Scraping 51099124
[2025-12-30 20:00:22] → Scraping 51086790
[2025-12-30 20:00:22] → Scraping 51087170
[2025-12-30 20:00:22] → Scraping 51091772
[2025-12-30 20:00:22] → Scraping 51040870
[2025-12-30 20:00:22] → Scraping 51028894
[2025-12-30 20:00:26] ✓ Saved 10 listings to CSV
[2025-12-30 20:00:26]   ✓ Batch: 10/10 saved
[2025-12-30 20:00:28] 
▶ Page 230
[2025-12-30 20:00:29] ✓ Found 30 listings
[2025-12-30 20:00:29] → Scraping 51037332
[2025-12-30 20:00:29] → Scraping 51043515
[2025-12-30 20:00:29] → Scraping 51050294
[2025-12-30 20:00:29] → Scraping 51089735
[2025-12-30 20:00:29] → Scraping 51055933
[2025-12-30 20:00:29] → Scraping 51087802
[2025-12-30 20:00:29] → Scraping 51092344
[2025-12-30 20:00:29] → Scraping 51071675
[2025-12-30 20:00:29] → Scraping 51047995
[2025-12-30 20:00:29] → Scraping 51092345
[2025-12-30 20:00:33] ✓ Saved 10 listings to CSV
[2025-12-30 20:00:33]   ✓ Batch: 10/10 saved
[2025-12-30 20:00:33] → Scraping 51092346
[2025-12-30 20:00:33] → Scraping 51027514
[2025-12-30 20:00:33] → Scraping 51087803
[2025-12-30 20:00:33] → Scraping 51048014
[2025-12-30 20:00:33] → Scraping 51042847
[2025-12-30 20:00:33] → Scraping 51010088
[2025-12-30 20:00:33] → Scraping 51108376
[2025-12-30 20:00:33] → Scraping 51081383
[2025-12-30 20:00:33] → Scraping 51120134
[2025-12-30 20:00:33] → Scraping 5975180
[2025-12-30 20:00:36] ✓ Saved 10 listings to CSV
[2025-12-30 20:00:36]   ✓ Batch: 10/10 saved
[2025-12-30 20:00:36] → Scraping 51031244
[2025-12-30 20:00:36] → Scraping 51035939
[2025-12-30 20:00:36] → Scraping 51129980
[2025-12-30 20:00:36] → Scraping 5986424
[2025-12-30 20:00:36] → Scraping 51048841
[2025-12-30 20:00:36] → Scraping 51048069
[2025-12-30 20:00:36] → Scraping 5972229
[2025-12-30 20:00:36] → Scraping 51024045
[2025-12-30 20:00:36] → Scraping 5984827
[2025-12-30 20:00:36] → Scraping 51047987
[2025-12-30 20:00:39] ✓ Saved 10 listings to CSV
[2025-12-30 20:00:39]   ✓ Batch: 10/10 saved
[2025-12-30 20:00:41] 
▶ Page 231
[2025-12-30 20:00:43] ✓ Found 30 listings
[2025-12-30 20:00:43] → Scraping 5975167
[2025-12-30 20:00:43] → Scraping 5980455
[2025-12-30 20:00:43] → Scraping 5972183
[2025-12-30 20:00:43] → Scraping 5970982
[2025-12-30 20:00:43] → Scraping 5986483
[2025-12-30 20:00:43] → Scraping 51031245
[2025-12-30 20:00:43] → Scraping 51030448
[2025-12-30 20:00:43] → Scraping 5980251
[2025-12-30 20:00:43] → Scraping 51026347
[2025-12-30 20:00:43] → Scraping 5979840
[2025-12-30 20:00:46] ✓ Saved 10 listings to CSV
[2025-12-30 20:00:46]   ✓ Batch: 10/10 saved
[2025-12-30 20:00:46] → Scraping 5980259
[2025-12-30 20:00:46] → Scraping 51050069
[2025-12-30 20:00:46] → Scraping 5980263
[2025-12-30 20:00:46] → Scraping 51023521
[2025-12-30 20:00:46] → Scraping 51032258
[2025-12-30 20:00:46] → Scraping 51050179
[2025-12-30 20:00:46] → Scraping 5989379
[2025-12-30 20:00:46] → Scraping 5991335
[2025-12-30 20:00:46] → Scraping 5979910
[2025-12-30 20:00:46] → Scraping 5974892
[2025-12-30 20:00:50] ✓ Saved 10 listings to CSV
[2025-12-30 20:00:50]   ✓ Batch: 10/10 saved
[2025-12-30 20:00:50] → Scraping 51129979
[2025-12-30 20:00:50] → Scraping 5980627
[2025-12-30 20:00:50] → Scraping 51013226
[2025-12-30 20:00:50] → Scraping 5980432
[2025-12-30 20:00:50] → Scraping 5988694
[2025-12-30 20:00:50] → Scraping 5980300
[2025-12-30 20:00:50] → Scraping 5972197
[2025-12-30 20:00:50] → Scraping 5984519
[2025-12-30 20:00:50] → Scraping 5988714
[2025-12-30 20:00:50] → Scraping 5980930
[2025-12-30 20:00:53] ✓ Saved 10 listings to CSV
[2025-12-30 20:00:53]   ✓ Batch: 10/10 saved
[2025-12-30 20:00:55] 
▶ Page 232
[2025-12-30 20:00:56] ✓ Found 30 listings
[2025-12-30 20:00:56] → Scraping 5982947
[2025-12-30 20:00:56] → Scraping 51031282
[2025-12-30 20:00:56] → Scraping 51023842
[2025-12-30 20:00:56] → Scraping 5984853
[2025-12-30 20:00:56] → Scraping 51026148
[2025-12-30 20:00:56] → Scraping 51030450
[2025-12-30 20:00:56] → Scraping 51035920
[2025-12-30 20:00:56] → Scraping 51031281
[2025-12-30 20:00:56] → Scraping 5981685
[2025-12-30 20:00:56] → Scraping 51049211
[2025-12-30 20:00:59] ✓ Saved 10 listings to CSV
[2025-12-30 20:00:59]   ✓ Batch: 10/10 saved
[2025-12-30 20:00:59] → Scraping 51032670
[2025-12-30 20:00:59] → Scraping 5984637
[2025-12-30 20:00:59] → Scraping 5980249
[2025-12-30 20:00:59] → Scraping 5980905
[2025-12-30 20:00:59] → Scraping 5979824
[2025-12-30 20:00:59] → Scraping 2640414
[2025-12-30 20:00:59] → Scraping 2640413
[2025-12-30 20:00:59] → Scraping 51129978
[2025-12-30 20:00:59] → Scraping 2640412
[2025-12-30 20:00:59] → Scraping 51129977
[2025-12-30 20:01:03] ✓ Saved 10 listings to CSV
[2025-12-30 20:01:03]   ✓ Batch: 10/10 saved
[2025-12-30 20:01:03] → Scraping 51129976
[2025-12-30 20:01:03] → Scraping 51129975
[2025-12-30 20:01:03] → Scraping 2640411
[2025-12-30 20:01:03] → Scraping 2640410
[2025-12-30 20:01:03] → Scraping 51116384
[2025-12-30 20:01:03] → Scraping 51129974
[2025-12-30 20:01:03] → Scraping 51129972
[2025-12-30 20:01:03] → Scraping 2640409
[2025-12-30 20:01:03] → Scraping 2640408
[2025-12-30 20:01:03] → Scraping 2640407
[2025-12-30 20:01:06] ✓ Saved 10 listings to CSV
[2025-12-30 20:01:06]   ✓ Batch: 10/10 saved
[2025-12-30 20:01:08] 
▶ Page 233
[2025-12-30 20:01:09] ✓ Found 30 listings
[2025-12-30 20:01:09] → Scraping 51129970
[2025-12-30 20:01:09] → Scraping 51129969
[2025-12-30 20:01:09] → Scraping 51117684
[2025-12-30 20:01:09] → Scraping 51092304
[2025-12-30 20:01:09] → Scraping 51129967
[2025-12-30 20:01:09] → Scraping 51129966
[2025-12-30 20:01:09] → Scraping 51129965
[2025-12-30 20:01:09] → Scraping 51129964
[2025-12-30 20:01:09] → Scraping 51126553
[2025-12-30 20:01:09] → Scraping 51126915
[2025-12-30 20:01:13] ✓ Saved 10 listings to CSV
[2025-12-30 20:01:13]   ✓ Batch: 10/10 saved
[2025-12-30 20:01:13] → Scraping 2640406
[2025-12-30 20:01:13] → Scraping 51129963
[2025-12-30 20:01:13] → Scraping 51129962
[2025-12-30 20:01:13] → Scraping 51129961
[2025-12-30 20:01:13] → Scraping 51129960
[2025-12-30 20:01:13] → Scraping 51129959
[2025-12-30 20:01:13] → Scraping 2640405
[2025-12-30 20:01:13] → Scraping 2636468
[2025-12-30 20:01:13] → Scraping 2640404
[2025-12-30 20:01:13] → Scraping 2640403
[2025-12-30 20:01:16] ✓ Saved 10 listings to CSV
[2025-12-30 20:01:16]   ✓ Batch: 10/10 saved
[2025-12-30 20:01:16] → Scraping 51129958
[2025-12-30 20:01:16] → Scraping 51126991
[2025-12-30 20:01:16] → Scraping 51094463
[2025-12-30 20:01:16] → Scraping 51129957
[2025-12-30 20:01:16] → Scraping 2640402
[2025-12-30 20:01:16] → Scraping 51129956
[2025-12-30 20:01:16] → Scraping 2640401
[2025-12-30 20:01:16] → Scraping 3239770
[2025-12-30 20:01:16] → Scraping 2640398
[2025-12-30 20:01:16] → Scraping 51129954
[2025-12-30 20:01:20] ✓ Saved 10 listings to CSV
[2025-12-30 20:01:20]   ✓ Batch: 10/10 saved
[2025-12-30 20:01:22] 
▶ Page 234
[2025-12-30 20:01:23] ✓ Found 30 listings
[2025-12-30 20:01:23] → Scraping 51129953
[2025-12-30 20:01:23] → Scraping 51129952
[2025-12-30 20:01:23] → Scraping 5504009
[2025-12-30 20:01:23] → Scraping 2640397
[2025-12-30 20:01:23] → Scraping 51129951
[2025-12-30 20:01:23] → Scraping 5495680
[2025-12-30 20:01:23] → Scraping 5485661
[2025-12-30 20:01:23] → Scraping 51129950
[2025-12-30 20:01:23] → Scraping 5513508
[2025-12-30 20:01:23] → Scraping 5478535
[2025-12-30 20:01:27] ✓ Saved 10 listings to CSV
[2025-12-30 20:01:27]   ✓ Batch: 10/10 saved
[2025-12-30 20:01:27] → Scraping 5648380
[2025-12-30 20:01:27] → Scraping 5736877
[2025-12-30 20:01:27] → Scraping 5489986
[2025-12-30 20:01:27] → Scraping 2640396
[2025-12-30 20:01:27] → Scraping 2640395
[2025-12-30 20:01:27] → Scraping 51123301
[2025-12-30 20:01:27] → Scraping 51129949
[2025-12-30 20:01:27] → Scraping 2640394
[2025-12-30 20:01:27] → Scraping 51129948
[2025-12-30 20:01:27] → Scraping 51129947
[2025-12-30 20:01:30] ✓ Saved 10 listings to CSV
[2025-12-30 20:01:30]   ✓ Batch: 10/10 saved
[2025-12-30 20:01:30] → Scraping 51129946
[2025-12-30 20:01:30] → Scraping 51129945
[2025-12-30 20:01:30] → Scraping 51129944
[2025-12-30 20:01:30] → Scraping 51129943
[2025-12-30 20:01:30] → Scraping 51129942
[2025-12-30 20:01:30] → Scraping 51129941
[2025-12-30 20:01:30] → Scraping 51129940
[2025-12-30 20:01:30] → Scraping 51129939
[2025-12-30 20:01:30] → Scraping 51129938
[2025-12-30 20:01:30] → Scraping 51129937
[2025-12-30 20:01:33] ✓ Saved 10 listings to CSV
[2025-12-30 20:01:33]   ✓ Batch: 10/10 saved
[2025-12-30 20:01:35] 
▶ Page 235
[2025-12-30 20:01:37] ✓ Found 30 listings
[2025-12-30 20:01:37] → Scraping 51111698
[2025-12-30 20:01:37] → Scraping 51108032
[2025-12-30 20:01:37] → Scraping 2640390
[2025-12-30 20:01:37] → Scraping 51129936
[2025-12-30 20:01:37] → Scraping 51126132
[2025-12-30 20:01:37] → Scraping 51126134
[2025-12-30 20:01:37] → Scraping 51126136
[2025-12-30 20:01:37] → Scraping 51126142
[2025-12-30 20:01:37] → Scraping 51126143
[2025-12-30 20:01:37] → Scraping 51126152
[2025-12-30 20:01:40] ✓ Saved 10 listings to CSV
[2025-12-30 20:01:40]   ✓ Batch: 10/10 saved
[2025-12-30 20:01:40] → Scraping 51126153
[2025-12-30 20:01:40] → Scraping 51126154
[2025-12-30 20:01:40] → Scraping 51126156
[2025-12-30 20:01:40] → Scraping 51126176
[2025-12-30 20:01:40] → Scraping 51126730
[2025-12-30 20:01:40] → Scraping 51126731
[2025-12-30 20:01:40] → Scraping 51126734
[2025-12-30 20:01:40] → Scraping 51126735
[2025-12-30 20:01:40] → Scraping 51126739
[2025-12-30 20:01:40] → Scraping 51126745
[2025-12-30 20:01:44] ✓ Saved 10 listings to CSV
[2025-12-30 20:01:44]   ✓ Batch: 10/10 saved
[2025-12-30 20:01:44] → Scraping 51126747
[2025-12-30 20:01:44] → Scraping 51126754
[2025-12-30 20:01:44] → Scraping 51126756
[2025-12-30 20:01:44] → Scraping 51126758
[2025-12-30 20:01:44] → Scraping 51126832
[2025-12-30 20:01:44] → Scraping 51126833
[2025-12-30 20:01:44] → Scraping 51126835
[2025-12-30 20:01:44] → Scraping 51126836
[2025-12-30 20:01:44] → Scraping 51126837
[2025-12-30 20:01:44] → Scraping 51126839
[2025-12-30 20:01:47] ✓ Saved 10 listings to CSV
[2025-12-30 20:01:47]   ✓ Batch: 10/10 saved
[2025-12-30 20:01:49] 
▶ Page 236
[2025-12-30 20:01:51] ✓ Found 30 listings
[2025-12-30 20:01:51] → Scraping 51126840
[2025-12-30 20:01:51] → Scraping 51126842
[2025-12-30 20:01:51] → Scraping 51126843
[2025-12-30 20:01:51] → Scraping 51129935
[2025-12-30 20:01:51] → Scraping 51129934
[2025-12-30 20:01:51] → Scraping 2640387
[2025-12-30 20:01:51] → Scraping 51129933
[2025-12-30 20:01:51] → Scraping 51129932
[2025-12-30 20:01:51] → Scraping 51129931
[2025-12-30 20:01:51] → Scraping 51129930
[2025-12-30 20:01:54] ✓ Saved 10 listings to CSV
[2025-12-30 20:01:54]   ✓ Batch: 10/10 saved
[2025-12-30 20:01:54] → Scraping 51129929
[2025-12-30 20:01:54] → Scraping 51129927
[2025-12-30 20:01:54] → Scraping 51129926
[2025-12-30 20:01:54] → Scraping 5861411
[2025-12-30 20:01:54] → Scraping 2640385
[2025-12-30 20:01:54] → Scraping 51129925
[2025-12-30 20:01:54] → Scraping 2640384
[2025-12-30 20:01:54] → Scraping 51129924
[2025-12-30 20:01:54] → Scraping 51129923
[2025-12-30 20:01:54] → Scraping 2640383
[2025-12-30 20:01:57] ✓ Saved 10 listings to CSV
[2025-12-30 20:01:57]   ✓ Batch: 10/10 saved
[2025-12-30 20:01:57] → Scraping 51129922
[2025-12-30 20:01:57] → Scraping 51129921
[2025-12-30 20:01:57] → Scraping 51129920
[2025-12-30 20:01:57] → Scraping 51129919
[2025-12-30 20:01:57] → Scraping 51129918
[2025-12-30 20:01:57] → Scraping 51129917
[2025-12-30 20:01:57] → Scraping 51129916
[2025-12-30 20:01:57] → Scraping 51129915
[2025-12-30 20:01:57] → Scraping 51129914
[2025-12-30 20:01:57] → Scraping 51129913
[2025-12-30 20:02:01] ✓ Saved 10 listings to CSV
[2025-12-30 20:02:01]   ✓ Batch: 10/10 saved
[2025-12-30 20:02:03] 
▶ Page 237
[2025-12-30 20:02:04] ✓ Found 30 listings
[2025-12-30 20:02:04] → Scraping 51129912
[2025-12-30 20:02:04] → Scraping 51129911
[2025-12-30 20:02:04] → Scraping 2640380
[2025-12-30 20:02:04] → Scraping 2638520
[2025-12-30 20:02:04] → Scraping 51129909
[2025-12-30 20:02:04] → Scraping 51129908
[2025-12-30 20:02:04] → Scraping 51129905
[2025-12-30 20:02:04] → Scraping 51129904
[2025-12-30 20:02:04] → Scraping 2640378
[2025-12-30 20:02:04] → Scraping 51119179
[2025-12-30 20:02:08] ✓ Saved 10 listings to CSV
[2025-12-30 20:02:08]   ✓ Batch: 10/10 saved
[2025-12-30 20:02:08] → Scraping 2640376
[2025-12-30 20:02:08] → Scraping 51129902
[2025-12-30 20:02:08] → Scraping 51129901
[2025-12-30 20:02:08] → Scraping 2640375
[2025-12-30 20:02:08] → Scraping 2629567
[2025-12-30 20:02:08] → Scraping 2635758
[2025-12-30 20:02:08] → Scraping 51120892
[2025-12-30 20:02:08] → Scraping 51129899
[2025-12-30 20:02:08] → Scraping 5387074
[2025-12-30 20:02:08] → Scraping 2640374
[2025-12-30 20:02:11] ✓ Saved 10 listings to CSV
[2025-12-30 20:02:11]   ✓ Batch: 10/10 saved
[2025-12-30 20:02:11] → Scraping 51129898
[2025-12-30 20:02:11] → Scraping 5718227
[2025-12-30 20:02:11] → Scraping 51129897
[2025-12-30 20:02:11] → Scraping 51129896
[2025-12-30 20:02:11] → Scraping 51129895
[2025-12-30 20:02:11] → Scraping 51129894
[2025-12-30 20:02:11] → Scraping 2640372
[2025-12-30 20:02:11] → Scraping 51129893
[2025-12-30 20:02:11] → Scraping 51129891
[2025-12-30 20:02:11] → Scraping 487180
[2025-12-30 20:02:14] ✓ Saved 10 listings to CSV
[2025-12-30 20:02:14]   ✓ Batch: 10/10 saved
[2025-12-30 20:02:16] 
▶ Page 238
[2025-12-30 20:02:18] ✓ Found 30 listings
[2025-12-30 20:02:18] → Scraping 5986472
[2025-12-30 20:02:18] → Scraping 2640371
[2025-12-30 20:02:18] → Scraping 51129890
[2025-12-30 20:02:18] → Scraping 51087488
[2025-12-30 20:02:18] → Scraping 51129888
[2025-12-30 20:02:18] → Scraping 51117890
[2025-12-30 20:02:18] → Scraping 51105344
[2025-12-30 20:02:18] → Scraping 51129886
[2025-12-30 20:02:18] → Scraping 51129883
[2025-12-30 20:02:18] → Scraping 51129882
[2025-12-30 20:02:21] ✓ Saved 10 listings to CSV
[2025-12-30 20:02:21]   ✓ Batch: 10/10 saved
[2025-12-30 20:02:21] → Scraping 51105987
[2025-12-30 20:02:21] → Scraping 51096621
[2025-12-30 20:02:21] → Scraping 51114177
[2025-12-30 20:02:21] → Scraping 51111033
[2025-12-30 20:02:21] → Scraping 51114264
[2025-12-30 20:02:21] → Scraping 51117615
[2025-12-30 20:02:21] → Scraping 51068569
[2025-12-30 20:02:21] → Scraping 51123971
[2025-12-30 20:02:21] → Scraping 51117384
[2025-12-30 20:02:21] → Scraping 51059962
[2025-12-30 20:02:25] ✓ Saved 10 listings to CSV
[2025-12-30 20:02:25]   ✓ Batch: 10/10 saved
[2025-12-30 20:02:25] → Scraping 51051174
[2025-12-30 20:02:25] → Scraping 51107973
[2025-12-30 20:02:25] → Scraping 51107975
[2025-12-30 20:02:25] → Scraping 51107977
[2025-12-30 20:02:25] → Scraping 51107978
[2025-12-30 20:02:25] → Scraping 51107979
[2025-12-30 20:02:25] → Scraping 51107966
[2025-12-30 20:02:25] → Scraping 51107981
[2025-12-30 20:02:25] → Scraping 51107980
[2025-12-30 20:02:25] → Scraping 51107982
[2025-12-30 20:02:28] ✓ Saved 10 listings to CSV
[2025-12-30 20:02:28]   ✓ Batch: 10/10 saved
[2025-12-30 20:02:30] 
▶ Page 239
[2025-12-30 20:02:32] ✓ Found 30 listings
[2025-12-30 20:02:32] → Scraping 51107984
[2025-12-30 20:02:32] → Scraping 51090163
[2025-12-30 20:02:32] → Scraping 51090164
[2025-12-30 20:02:32] → Scraping 51090162
[2025-12-30 20:02:32] → Scraping 51090166
[2025-12-30 20:02:32] → Scraping 51090168
[2025-12-30 20:02:32] → Scraping 51090171
[2025-12-30 20:02:32] → Scraping 51090167
[2025-12-30 20:02:32] → Scraping 51090693
[2025-12-30 20:02:32] → Scraping 51090169
[2025-12-30 20:02:35] ✓ Saved 10 listings to CSV
[2025-12-30 20:02:35]   ✓ Batch: 10/10 saved
[2025-12-30 20:02:35] → Scraping 51090174
[2025-12-30 20:02:35] → Scraping 51090175
[2025-12-30 20:02:35] → Scraping 51090410
[2025-12-30 20:02:35] → Scraping 51090411
[2025-12-30 20:02:35] → Scraping 51090409
[2025-12-30 20:02:35] → Scraping 51090412
[2025-12-30 20:02:35] → Scraping 51090413
[2025-12-30 20:02:35] → Scraping 51090415
[2025-12-30 20:02:35] → Scraping 51090416
[2025-12-30 20:02:35] → Scraping 51090417
[2025-12-30 20:02:38] ✓ Saved 10 listings to CSV
[2025-12-30 20:02:38]   ✓ Batch: 10/10 saved
[2025-12-30 20:02:38] → Scraping 51090418
[2025-12-30 20:02:38] → Scraping 51090688
[2025-12-30 20:02:38] → Scraping 51090685
[2025-12-30 20:02:38] → Scraping 51090701
[2025-12-30 20:02:38] → Scraping 51090689
[2025-12-30 20:02:38] → Scraping 51090691
[2025-12-30 20:02:38] → Scraping 51090825
[2025-12-30 20:02:38] → Scraping 51090686
[2025-12-30 20:02:38] → Scraping 51090690
[2025-12-30 20:02:38] → Scraping 51090692
[2025-12-30 20:02:42] ✓ Saved 10 listings to CSV
[2025-12-30 20:02:42]   ✓ Batch: 10/10 saved
[2025-12-30 20:02:44] 
▶ Page 240
[2025-12-30 20:02:45] ✓ Found 30 listings
[2025-12-30 20:02:45] → Scraping 51090696
[2025-12-30 20:02:45] → Scraping 51090798
[2025-12-30 20:02:45] → Scraping 51090818
[2025-12-30 20:02:45] → Scraping 51090408
[2025-12-30 20:02:45] → Scraping 51090827
[2025-12-30 20:02:45] → Scraping 51090824
[2025-12-30 20:02:45] → Scraping 51090828
[2025-12-30 20:02:45] → Scraping 51090821
[2025-12-30 20:02:45] → Scraping 51090831
[2025-12-30 20:02:45] → Scraping 51090826
[2025-12-30 20:02:49] ✓ Saved 10 listings to CSV
[2025-12-30 20:02:49]   ✓ Batch: 10/10 saved
[2025-12-30 20:02:49] → Scraping 51090832
[2025-12-30 20:02:49] → Scraping 51090977
[2025-12-30 20:02:49] → Scraping 51090979
[2025-12-30 20:02:49] → Scraping 51090991
[2025-12-30 20:02:49] → Scraping 51090978
[2025-12-30 20:02:49] → Scraping 51090986
[2025-12-30 20:02:49] → Scraping 51090983
[2025-12-30 20:02:49] → Scraping 51090982
[2025-12-30 20:02:49] → Scraping 51090987
[2025-12-30 20:02:49] → Scraping 51086289
[2025-12-30 20:02:52] ✓ Saved 10 listings to CSV
[2025-12-30 20:02:52]   ✓ Batch: 10/10 saved
[2025-12-30 20:02:52] → Scraping 51086288
[2025-12-30 20:02:52] → Scraping 51091345
[2025-12-30 20:02:52] → Scraping 51091343
[2025-12-30 20:02:52] → Scraping 51087630
[2025-12-30 20:02:52] → Scraping 51091342
[2025-12-30 20:02:52] → Scraping 51091346
[2025-12-30 20:02:52] → Scraping 51086287
[2025-12-30 20:02:52] → Scraping 51087632
[2025-12-30 20:02:52] → Scraping 51090981
[2025-12-30 20:02:52] → Scraping 51087626
[2025-12-30 20:02:55] ✓ Saved 10 listings to CSV
[2025-12-30 20:02:55]   ✓ Batch: 10/10 saved
[2025-12-30 20:02:57] 
▶ Page 241
[2025-12-30 20:02:59] ✓ Found 30 listings
[2025-12-30 20:02:59] → Scraping 51091347
[2025-12-30 20:02:59] → Scraping 51087625
[2025-12-30 20:02:59] → Scraping 51091344
[2025-12-30 20:02:59] → Scraping 51087631
[2025-12-30 20:02:59] → Scraping 51087311
[2025-12-30 20:02:59] → Scraping 51087622
[2025-12-30 20:02:59] → Scraping 51087627
[2025-12-30 20:02:59] → Scraping 51087624
[2025-12-30 20:02:59] → Scraping 51087480
[2025-12-30 20:02:59] → Scraping 51087055
[2025-12-30 20:03:03] ✓ Saved 10 listings to CSV
[2025-12-30 20:03:03]   ✓ Batch: 10/10 saved
[2025-12-30 20:03:03] → Scraping 51087623
[2025-12-30 20:03:03] → Scraping 51091341
[2025-12-30 20:03:03] → Scraping 51087620
[2025-12-30 20:03:03] → Scraping 51087474
[2025-12-30 20:03:03] → Scraping 51087479
[2025-12-30 20:03:03] → Scraping 51087477
[2025-12-30 20:03:03] → Scraping 51087473
[2025-12-30 20:03:03] → Scraping 51087478
[2025-12-30 20:03:03] → Scraping 51087481
[2025-12-30 20:03:03] → Scraping 51087475
[2025-12-30 20:03:07] ✓ Saved 10 listings to CSV
[2025-12-30 20:03:07]   ✓ Batch: 10/10 saved
[2025-12-30 20:03:07] → Scraping 51087047
[2025-12-30 20:03:07] → Scraping 51083259
[2025-12-30 20:03:07] → Scraping 51087319
[2025-12-30 20:03:07] → Scraping 51097360
[2025-12-30 20:03:07] → Scraping 51087933
[2025-12-30 20:03:07] → Scraping 51087932
[2025-12-30 20:03:07] → Scraping 51087930
[2025-12-30 20:03:07] → Scraping 51087927
[2025-12-30 20:03:07] → Scraping 51076368
[2025-12-30 20:03:07] → Scraping 51101511
[2025-12-30 20:03:10] ✓ Saved 10 listings to CSV
[2025-12-30 20:03:10]   ✓ Batch: 10/10 saved
[2025-12-30 20:03:12] 
▶ Page 242
[2025-12-30 20:03:14] ✓ Found 30 listings
[2025-12-30 20:03:14] → Scraping 51123967
[2025-12-30 20:03:14] → Scraping 51076366
[2025-12-30 20:03:14] → Scraping 51083880
[2025-12-30 20:03:14] → Scraping 51108186
[2025-12-30 20:03:14] → Scraping 3238169
[2025-12-30 20:03:14] → Scraping 3238170
[2025-12-30 20:03:14] → Scraping 3237919
[2025-12-30 20:03:14] → Scraping 51087318
[2025-12-30 20:03:14] → Scraping 3237627
[2025-12-30 20:03:14] → Scraping 51087317
[2025-12-30 20:03:17] ✓ Saved 10 listings to CSV
[2025-12-30 20:03:17]   ✓ Batch: 10/10 saved
[2025-12-30 20:03:17] → Scraping 51087315
[2025-12-30 20:03:17] → Scraping 3238163
[2025-12-30 20:03:17] → Scraping 51087313
[2025-12-30 20:03:17] → Scraping 3239165
[2025-12-30 20:03:17] → Scraping 51087310
[2025-12-30 20:03:17] → Scraping 3238182
[2025-12-30 20:03:17] → Scraping 51087305
[2025-12-30 20:03:17] → Scraping 3238183
[2025-12-30 20:03:17] → Scraping 51087307
[2025-12-30 20:03:17] → Scraping 3238007
[2025-12-30 20:03:21] ✓ Saved 10 listings to CSV
[2025-12-30 20:03:21]   ✓ Batch: 10/10 saved
[2025-12-30 20:03:21] → Scraping 3238008
[2025-12-30 20:03:21] → Scraping 3238010
[2025-12-30 20:03:21] → Scraping 3238011
[2025-12-30 20:03:21] → Scraping 3238012
[2025-12-30 20:03:21] → Scraping 3238013
[2025-12-30 20:03:21] → Scraping 3238014
[2025-12-30 20:03:21] → Scraping 3238015
[2025-12-30 20:03:21] → Scraping 3238016
[2025-12-30 20:03:21] → Scraping 3238017
[2025-12-30 20:03:21] → Scraping 3238020
[2025-12-30 20:03:24] ✓ Saved 10 listings to CSV
[2025-12-30 20:03:24]   ✓ Batch: 10/10 saved
[2025-12-30 20:03:26] 
▶ Page 243
[2025-12-30 20:03:27] ✓ Found 30 listings
[2025-12-30 20:03:27] → Scraping 3239005
[2025-12-30 20:03:27] → Scraping 3238191
[2025-12-30 20:03:27] → Scraping 3238192
[2025-12-30 20:03:27] → Scraping 3238193
[2025-12-30 20:03:27] → Scraping 3239393
[2025-12-30 20:03:27] → Scraping 3239394
[2025-12-30 20:03:27] → Scraping 51087054
[2025-12-30 20:03:27] → Scraping 51087051
[2025-12-30 20:03:27] → Scraping 51087052
[2025-12-30 20:03:27] → Scraping 51087050
[2025-12-30 20:03:31] ✓ Saved 10 listings to CSV
[2025-12-30 20:03:31]   ✓ Batch: 10/10 saved
[2025-12-30 20:03:31] → Scraping 51087049
[2025-12-30 20:03:31] → Scraping 51087048
[2025-12-30 20:03:31] → Scraping 51086693
[2025-12-30 20:03:31] → Scraping 51087316
[2025-12-30 20:03:31] → Scraping 51087053
[2025-12-30 20:03:31] → Scraping 51087046
[2025-12-30 20:03:31] → Scraping 51086695
[2025-12-30 20:03:31] → Scraping 51086698
[2025-12-30 20:03:31] → Scraping 51086699
[2025-12-30 20:03:31] → Scraping 51086696
[2025-12-30 20:03:34] ✓ Saved 10 listings to CSV
[2025-12-30 20:03:34]   ✓ Batch: 10/10 saved
[2025-12-30 20:03:34] → Scraping 51086691
[2025-12-30 20:03:34] → Scraping 51086690
[2025-12-30 20:03:34] → Scraping 51086692
[2025-12-30 20:03:34] → Scraping 51086689
[2025-12-30 20:03:34] → Scraping 51086694
[2025-12-30 20:03:34] → Scraping 51086413
[2025-12-30 20:03:34] → Scraping 51086414
[2025-12-30 20:03:34] → Scraping 51086416
[2025-12-30 20:03:34] → Scraping 51114368
[2025-12-30 20:03:34] → Scraping 51114370
[2025-12-30 20:03:38] ✓ Saved 10 listings to CSV
[2025-12-30 20:03:38]   ✓ Batch: 10/10 saved
[2025-12-30 20:03:40] 
▶ Page 244
[2025-12-30 20:03:41] ✓ Found 30 listings
[2025-12-30 20:03:41] → Scraping 486237
[2025-12-30 20:03:41] → Scraping 486235
[2025-12-30 20:03:41] → Scraping 486234
[2025-12-30 20:03:41] → Scraping 486233
[2025-12-30 20:03:41] → Scraping 486217
[2025-12-30 20:03:41] → Scraping 486228
[2025-12-30 20:03:41] → Scraping 486236
[2025-12-30 20:03:41] → Scraping 486231
[2025-12-30 20:03:41] → Scraping 486229
[2025-12-30 20:03:41] → Scraping 486232
[2025-12-30 20:03:44] ✓ Saved 10 listings to CSV
[2025-12-30 20:03:44]   ✓ Batch: 10/10 saved
[2025-12-30 20:03:44] → Scraping 486227
[2025-12-30 20:03:44] → Scraping 486230
[2025-12-30 20:03:44] → Scraping 486220
[2025-12-30 20:03:44] → Scraping 486218
[2025-12-30 20:03:44] → Scraping 486216
[2025-12-30 20:03:44] → Scraping 486214
[2025-12-30 20:03:44] → Scraping 486219
[2025-12-30 20:03:44] → Scraping 486212
[2025-12-30 20:03:44] → Scraping 51102752
[2025-12-30 20:03:44] → Scraping 51116591
[2025-12-30 20:03:48] ✓ Saved 10 listings to CSV
[2025-12-30 20:03:48]   ✓ Batch: 10/10 saved
[2025-12-30 20:03:48] → Scraping 51116761
[2025-12-30 20:03:48] → Scraping 51113643
[2025-12-30 20:03:48] → Scraping 51113431
[2025-12-30 20:03:48] → Scraping 51126930
[2025-12-30 20:03:48] → Scraping 51129878
[2025-12-30 20:03:48] → Scraping 51037114
[2025-12-30 20:03:48] → Scraping 51059100
[2025-12-30 20:03:48] → Scraping 51059098
[2025-12-30 20:03:48] → Scraping 51037115
[2025-12-30 20:03:48] → Scraping 51122324
[2025-12-30 20:03:51] ✓ Saved 10 listings to CSV
[2025-12-30 20:03:51]   ✓ Batch: 10/10 saved
[2025-12-30 20:03:53] 
▶ Page 245
[2025-12-30 20:03:55] ✓ Found 30 listings
[2025-12-30 20:03:55] → Scraping 51122159
[2025-12-30 20:03:55] → Scraping 51120412
[2025-12-30 20:03:55] → Scraping 51096977
[2025-12-30 20:03:55] → Scraping 51053368
[2025-12-30 20:03:55] → Scraping 51045135
[2025-12-30 20:03:55] → Scraping 51051078
[2025-12-30 20:03:55] → Scraping 51114514
[2025-12-30 20:03:55] → Scraping 51064111
[2025-12-30 20:03:55] → Scraping 51045554
[2025-12-30 20:03:55] → Scraping 51104902
[2025-12-30 20:03:58] ✓ Saved 10 listings to CSV
[2025-12-30 20:03:58]   ✓ Batch: 10/10 saved
[2025-12-30 20:03:58] → Scraping 51107585
[2025-12-30 20:03:58] → Scraping 51060415
[2025-12-30 20:03:58] → Scraping 51050185
[2025-12-30 20:03:58] → Scraping 51061027
[2025-12-30 20:03:58] → Scraping 51078449
[2025-12-30 20:03:58] → Scraping 51124080
[2025-12-30 20:03:58] → Scraping 51051832
[2025-12-30 20:03:58] → Scraping 51059673
[2025-12-30 20:03:58] → Scraping 51043312
[2025-12-30 20:03:58] → Scraping 51120217
[2025-12-30 20:04:02] ✓ Saved 10 listings to CSV
[2025-12-30 20:04:02]   ✓ Batch: 10/10 saved
[2025-12-30 20:04:02] → Scraping 51124041
[2025-12-30 20:04:02] → Scraping 51107103
[2025-12-30 20:04:02] → Scraping 51043654
[2025-12-30 20:04:02] → Scraping 51129877
[2025-12-30 20:04:02] → Scraping 51129876
[2025-12-30 20:04:02] → Scraping 2638741
[2025-12-30 20:04:02] → Scraping 2638734
[2025-12-30 20:04:02] → Scraping 2640369
[2025-12-30 20:04:02] → Scraping 3239768
[2025-12-30 20:04:02] → Scraping 2640364
[2025-12-30 20:04:05] ✓ Saved 10 listings to CSV
[2025-12-30 20:04:05]   ✓ Batch: 10/10 saved
[2025-12-30 20:04:07] 
▶ Page 246
[2025-12-30 20:04:09] ✓ Found 30 listings
[2025-12-30 20:04:09] → Scraping 51053758
[2025-12-30 20:04:09] → Scraping 5961310
[2025-12-30 20:04:09] → Scraping 5533240
[2025-12-30 20:04:09] → Scraping 5491392
[2025-12-30 20:04:09] → Scraping 51117117
[2025-12-30 20:04:09] → Scraping 2640368
[2025-12-30 20:04:09] → Scraping 51129875
[2025-12-30 20:04:09] → Scraping 2640365
[2025-12-30 20:04:09] → Scraping 5428053
[2025-12-30 20:04:09] → Scraping 5428054
[2025-12-30 20:04:12] ✓ Saved 10 listings to CSV
[2025-12-30 20:04:12]   ✓ Batch: 10/10 saved
[2025-12-30 20:04:12] → Scraping 51036607
[2025-12-30 20:04:12] → Scraping 51067335
[2025-12-30 20:04:12] → Scraping 5248116
[2025-12-30 20:04:12] → Scraping 5482678
[2025-12-30 20:04:12] → Scraping 51063812
[2025-12-30 20:04:12] → Scraping 5252624
[2025-12-30 20:04:12] → Scraping 5986502
[2025-12-30 20:04:12] → Scraping 51063813
[2025-12-30 20:04:12] → Scraping 5659774
[2025-12-30 20:04:12] → Scraping 51029280
[2025-12-30 20:04:16] ✓ Saved 10 listings to CSV
[2025-12-30 20:04:16]   ✓ Batch: 10/10 saved
[2025-12-30 20:04:16] → Scraping 5532670
[2025-12-30 20:04:16] → Scraping 5712545
[2025-12-30 20:04:16] → Scraping 5545326
[2025-12-30 20:04:16] → Scraping 5482676
[2025-12-30 20:04:16] → Scraping 5265601
[2025-12-30 20:04:16] → Scraping 5343816
[2025-12-30 20:04:16] → Scraping 5532617
[2025-12-30 20:04:16] → Scraping 5438836
[2025-12-30 20:04:16] → Scraping 51129874
[2025-12-30 20:04:16] → Scraping 2640363
[2025-12-30 20:04:19] ✓ Saved 10 listings to CSV
[2025-12-30 20:04:19]   ✓ Batch: 10/10 saved
[2025-12-30 20:04:21] 
▶ Page 247
[2025-12-30 20:04:22] ✓ Found 30 listings
[2025-12-30 20:04:22] → Scraping 2640362
[2025-12-30 20:04:22] → Scraping 51129873
[2025-12-30 20:04:22] → Scraping 51129872
[2025-12-30 20:04:22] → Scraping 51129871
[2025-12-30 20:04:22] → Scraping 51129870
[2025-12-30 20:04:22] → Scraping 51129869
[2025-12-30 20:04:22] → Scraping 51129868
[2025-12-30 20:04:22] → Scraping 51129867
[2025-12-30 20:04:22] → Scraping 51129866
[2025-12-30 20:04:22] → Scraping 51129865
[2025-12-30 20:04:26] ✓ Saved 10 listings to CSV
[2025-12-30 20:04:26]   ✓ Batch: 10/10 saved
[2025-12-30 20:04:26] → Scraping 2640360
[2025-12-30 20:04:26] → Scraping 2640359
[2025-12-30 20:04:26] → Scraping 2640358
[2025-12-30 20:04:26] → Scraping 2640357
[2025-12-30 20:04:26] → Scraping 51091676
[2025-12-30 20:04:26] → Scraping 5861375
[2025-12-30 20:04:26] → Scraping 5926340
[2025-12-30 20:04:26] → Scraping 51062065
[2025-12-30 20:04:26] → Scraping 5944748
[2025-12-30 20:04:26] → Scraping 5797251
[2025-12-30 20:04:29] ✓ Saved 10 listings to CSV
[2025-12-30 20:04:29]   ✓ Batch: 10/10 saved
[2025-12-30 20:04:29] → Scraping 5828222
[2025-12-30 20:04:29] → Scraping 5838690
[2025-12-30 20:04:29] → Scraping 51123805
[2025-12-30 20:04:29] → Scraping 3239766
[2025-12-30 20:04:29] → Scraping 51129864
[2025-12-30 20:04:29] → Scraping 2640356
[2025-12-30 20:04:29] → Scraping 51129861
[2025-12-30 20:04:29] → Scraping 51129860
[2025-12-30 20:04:29] → Scraping 51092899
[2025-12-30 20:04:29] → Scraping 51121198
[2025-12-30 20:04:33] ✓ Saved 10 listings to CSV
[2025-12-30 20:04:33]   ✓ Batch: 10/10 saved
[2025-12-30 20:04:35] 
▶ Page 248
[2025-12-30 20:04:36] ✓ Found 30 listings
[2025-12-30 20:04:36] → Scraping 51077573
[2025-12-30 20:04:36] → Scraping 51129858
[2025-12-30 20:04:36] → Scraping 2640355
[2025-12-30 20:04:36] → Scraping 51129857
[2025-12-30 20:04:36] → Scraping 51129856
[2025-12-30 20:04:36] → Scraping 51129855
[2025-12-30 20:04:36] → Scraping 51129854
[2025-12-30 20:04:36] → Scraping 51129852
[2025-12-30 20:04:36] → Scraping 51129851
[2025-12-30 20:04:36] → Scraping 51129850
[2025-12-30 20:04:40] ✓ Saved 10 listings to CSV
[2025-12-30 20:04:40]   ✓ Batch: 10/10 saved
[2025-12-30 20:04:40] → Scraping 51129849
[2025-12-30 20:04:40] → Scraping 51129847
[2025-12-30 20:04:40] → Scraping 2640354
[2025-12-30 20:04:40] → Scraping 51129845
[2025-12-30 20:04:40] → Scraping 51129844
[2025-12-30 20:04:40] → Scraping 51045803
[2025-12-30 20:04:40] → Scraping 51053401
[2025-12-30 20:04:40] → Scraping 51120222
[2025-12-30 20:04:40] → Scraping 51050967
[2025-12-30 20:04:40] → Scraping 51111065
[2025-12-30 20:04:43] ✓ Saved 10 listings to CSV
[2025-12-30 20:04:43]   ✓ Batch: 10/10 saved
[2025-12-30 20:04:43] → Scraping 2638689
[2025-12-30 20:04:43] → Scraping 2638688
[2025-12-30 20:04:43] → Scraping 51129843
[2025-12-30 20:04:43] → Scraping 51126847
[2025-12-30 20:04:43] → Scraping 2640351
[2025-12-30 20:04:43] → Scraping 51129842
[2025-12-30 20:04:43] → Scraping 51129841
[2025-12-30 20:04:43] → Scraping 2640350
[2025-12-30 20:04:43] → Scraping 51129840
[2025-12-30 20:04:43] → Scraping 2640348
[2025-12-30 20:04:47] ✓ Saved 10 listings to CSV
[2025-12-30 20:04:47]   ✓ Batch: 10/10 saved
[2025-12-30 20:04:49] 
▶ Page 249
[2025-12-30 20:04:50] ✓ Found 30 listings
[2025-12-30 20:04:50] → Scraping 51129839
[2025-12-30 20:04:50] → Scraping 51129838
[2025-12-30 20:04:50] → Scraping 2640347
[2025-12-30 20:04:50] → Scraping 51129837
[2025-12-30 20:04:50] → Scraping 51126390
[2025-12-30 20:04:50] → Scraping 51113664
[2025-12-30 20:04:50] → Scraping 51103706
[2025-12-30 20:04:50] → Scraping 51080769
[2025-12-30 20:04:50] → Scraping 51080567
[2025-12-30 20:04:50] → Scraping 51088380
[2025-12-30 20:04:54] ✓ Saved 10 listings to CSV
[2025-12-30 20:04:54]   ✓ Batch: 10/10 saved
[2025-12-30 20:04:54] → Scraping 51092900
[2025-12-30 20:04:54] → Scraping 51092901
[2025-12-30 20:04:54] → Scraping 51099615
[2025-12-30 20:04:54] → Scraping 51109041
[2025-12-30 20:04:54] → Scraping 51110921
[2025-12-30 20:04:54] → Scraping 51111814
[2025-12-30 20:04:54] → Scraping 51115645
[2025-12-30 20:04:54] → Scraping 51122129
[2025-12-30 20:04:54] → Scraping 51118579
[2025-12-30 20:04:54] → Scraping 51114013
[2025-12-30 20:04:58] ✓ Saved 10 listings to CSV
[2025-12-30 20:04:58]   ✓ Batch: 10/10 saved
[2025-12-30 20:04:58] → Scraping 51114297
[2025-12-30 20:04:58] → Scraping 51114544
[2025-12-30 20:04:58] → Scraping 51117249
[2025-12-30 20:04:58] → Scraping 2640346
[2025-12-30 20:04:58] → Scraping 51129835
[2025-12-30 20:04:58] → Scraping 2640345
[2025-12-30 20:04:58] → Scraping 2640344
[2025-12-30 20:04:58] → Scraping 51129834
[2025-12-30 20:04:58] → Scraping 51129833
[2025-12-30 20:04:58] → Scraping 2640343
[2025-12-30 20:05:01] ✓ Saved 10 listings to CSV
[2025-12-30 20:05:01]   ✓ Batch: 10/10 saved
[2025-12-30 20:05:03] 
▶ Page 250
[2025-12-30 20:05:05] ✓ Found 30 listings
[2025-12-30 20:05:05] → Scraping 51129832
[2025-12-30 20:05:05] → Scraping 51129831
[2025-12-30 20:05:05] → Scraping 51129830
[2025-12-30 20:05:05] → Scraping 51129829
[2025-12-30 20:05:05] → Scraping 51129828
[2025-12-30 20:05:05] → Scraping 51129827
[2025-12-30 20:05:05] → Scraping 2640342
[2025-12-30 20:05:05] → Scraping 51129826
[2025-12-30 20:05:05] → Scraping 51129825
[2025-12-30 20:05:05] → Scraping 51129824
[2025-12-30 20:05:08] ✓ Saved 10 listings to CSV
[2025-12-30 20:05:08]   ✓ Batch: 10/10 saved
[2025-12-30 20:05:08] → Scraping 51129823
[2025-12-30 20:05:08] → Scraping 51129822
[2025-12-30 20:05:08] → Scraping 51129819
[2025-12-30 20:05:08] → Scraping 51129818
[2025-12-30 20:05:08] → Scraping 51129817
[2025-12-30 20:05:08] → Scraping 2640341
[2025-12-30 20:05:08] → Scraping 51129816
[2025-12-30 20:05:08] → Scraping 51129815
[2025-12-30 20:05:08] → Scraping 2640340
[2025-12-30 20:05:08] → Scraping 51129814
[2025-12-30 20:05:11] ✓ Saved 10 listings to CSV
[2025-12-30 20:05:11]   ✓ Batch: 10/10 saved
[2025-12-30 20:05:11] → Scraping 51129813
[2025-12-30 20:05:11] → Scraping 51129812
[2025-12-30 20:05:11] → Scraping 51129811
[2025-12-30 20:05:11] → Scraping 51129810
[2025-12-30 20:05:11] → Scraping 51129809
[2025-12-30 20:05:11] → Scraping 51129808
[2025-12-30 20:05:11] → Scraping 2519690
[2025-12-30 20:05:11] → Scraping 2640339
[2025-12-30 20:05:11] → Scraping 2637510
[2025-12-30 20:05:11] → Scraping 51085692
[2025-12-30 20:05:15] ✓ Saved 10 listings to CSV
[2025-12-30 20:05:15]   ✓ Batch: 10/10 saved
[2025-12-30 20:05:17] 
▶ Page 251
[2025-12-30 20:05:18] ✓ Found 30 listings
[2025-12-30 20:05:18] → Scraping 51059792
[2025-12-30 20:05:18] → Scraping 51059791
[2025-12-30 20:05:18] → Scraping 51059790
[2025-12-30 20:05:18] → Scraping 51059789
[2025-12-30 20:05:18] → Scraping 2640338
[2025-12-30 20:05:18] → Scraping 51031784
[2025-12-30 20:05:18] → Scraping 51031787
[2025-12-30 20:05:18] → Scraping 51031789
[2025-12-30 20:05:18] → Scraping 51031790
[2025-12-30 20:05:18] → Scraping 51129807
[2025-12-30 20:05:22] ✓ Saved 10 listings to CSV
[2025-12-30 20:05:22]   ✓ Batch: 10/10 saved
[2025-12-30 20:05:22] → Scraping 51129806
[2025-12-30 20:05:22] → Scraping 51129805
[2025-12-30 20:05:22] → Scraping 51129804
[2025-12-30 20:05:22] → Scraping 2638687
[2025-12-30 20:05:22] → Scraping 51104143
[2025-12-30 20:05:22] → Scraping 51129803
[2025-12-30 20:05:22] → Scraping 2640337
[2025-12-30 20:05:22] → Scraping 2640336
[2025-12-30 20:05:22] → Scraping 51129802
[2025-12-30 20:05:22] → Scraping 51129801
[2025-12-30 20:05:25] ✓ Saved 10 listings to CSV
[2025-12-30 20:05:25]   ✓ Batch: 10/10 saved
[2025-12-30 20:05:25] → Scraping 51129800
[2025-12-30 20:05:25] → Scraping 51129799
[2025-12-30 20:05:25] → Scraping 2640335
[2025-12-30 20:05:25] → Scraping 51129798
[2025-12-30 20:05:25] → Scraping 2640334
[2025-12-30 20:05:25] → Scraping 2640333
[2025-12-30 20:05:25] → Scraping 2640332
[2025-12-30 20:05:25] → Scraping 2638701
[2025-12-30 20:05:25] → Scraping 51129796
[2025-12-30 20:05:25] → Scraping 51129795
[2025-12-30 20:05:29] ✓ Saved 10 listings to CSV
[2025-12-30 20:05:29]   ✓ Batch: 10/10 saved
[2025-12-30 20:05:31] 
▶ Page 252
[2025-12-30 20:05:32] ✓ Found 30 listings
[2025-12-30 20:05:32] → Scraping 51129794
[2025-12-30 20:05:32] → Scraping 51129793
[2025-12-30 20:05:32] → Scraping 2640331
[2025-12-30 20:05:32] → Scraping 2640330
[2025-12-30 20:05:32] → Scraping 51129788
[2025-12-30 20:05:32] → Scraping 51129786
[2025-12-30 20:05:32] → Scraping 51129785
[2025-12-30 20:05:32] → Scraping 51129784
[2025-12-30 20:05:32] → Scraping 51129783
[2025-12-30 20:05:32] → Scraping 51129782
[2025-12-30 20:05:36] ✓ Saved 10 listings to CSV
[2025-12-30 20:05:36]   ✓ Batch: 10/10 saved
[2025-12-30 20:05:36] → Scraping 51051563
[2025-12-30 20:05:36] → Scraping 51036772
[2025-12-30 20:05:36] → Scraping 51052006
[2025-12-30 20:05:36] → Scraping 51073907
[2025-12-30 20:05:36] → Scraping 51077413
[2025-12-30 20:05:36] → Scraping 51105121
[2025-12-30 20:05:36] → Scraping 51129781
[2025-12-30 20:05:36] → Scraping 2640327
[2025-12-30 20:05:36] → Scraping 51129779
[2025-12-30 20:05:36] → Scraping 2640326
[2025-12-30 20:05:39] ✓ Saved 10 listings to CSV
[2025-12-30 20:05:39]   ✓ Batch: 10/10 saved
[2025-12-30 20:05:39] → Scraping 2640324
[2025-12-30 20:05:39] → Scraping 51058810
[2025-12-30 20:05:39] → Scraping 5270376
[2025-12-30 20:05:39] → Scraping 5604847
[2025-12-30 20:05:39] → Scraping 5437721
[2025-12-30 20:05:39] → Scraping 5532045
[2025-12-30 20:05:39] → Scraping 51104451
[2025-12-30 20:05:39] → Scraping 51063754
[2025-12-30 20:05:39] → Scraping 5684858
[2025-12-30 20:05:39] → Scraping 51014523
[2025-12-30 20:05:43] ✓ Saved 10 listings to CSV
[2025-12-30 20:05:43]   ✓ Batch: 10/10 saved
[2025-12-30 20:05:45] 
▶ Page 253
[2025-12-30 20:05:46] ✓ Found 30 listings
[2025-12-30 20:05:46] → Scraping 51014522
[2025-12-30 20:05:46] → Scraping 51000886
[2025-12-30 20:05:46] → Scraping 51121066
[2025-12-30 20:05:46] → Scraping 5620446
[2025-12-30 20:05:46] → Scraping 5969073
[2025-12-30 20:05:46] → Scraping 5532023
[2025-12-30 20:05:46] → Scraping 51067333
[2025-12-30 20:05:46] → Scraping 5604028
[2025-12-30 20:05:46] → Scraping 51067332
[2025-12-30 20:05:46] → Scraping 5343818
[2025-12-30 20:05:50] ✓ Saved 10 listings to CSV
[2025-12-30 20:05:50]   ✓ Batch: 10/10 saved
[2025-12-30 20:05:50] → Scraping 5396385
[2025-12-30 20:05:50] → Scraping 5258797
[2025-12-30 20:05:50] → Scraping 5179062
[2025-12-30 20:05:50] → Scraping 51129777
[2025-12-30 20:05:50] → Scraping 2640323
[2025-12-30 20:05:50] → Scraping 51129776
[2025-12-30 20:05:50] → Scraping 51129775
[2025-12-30 20:05:50] → Scraping 51093604
[2025-12-30 20:05:50] → Scraping 51129774
[2025-12-30 20:05:50] → Scraping 2640322
[2025-12-30 20:05:53] ✓ Saved 10 listings to CSV
[2025-12-30 20:05:53]   ✓ Batch: 10/10 saved
[2025-12-30 20:05:53] → Scraping 51129773
[2025-12-30 20:05:53] → Scraping 51059764
[2025-12-30 20:05:53] → Scraping 51044782
[2025-12-30 20:05:53] → Scraping 51043016
[2025-12-30 20:05:53] → Scraping 51107102
[2025-12-30 20:05:53] → Scraping 51129772
[2025-12-30 20:05:53] → Scraping 51129771
[2025-12-30 20:05:53] → Scraping 51129770
[2025-12-30 20:05:53] → Scraping 2640321
[2025-12-30 20:05:53] → Scraping 51129769
[2025-12-30 20:05:56] ✓ Saved 10 listings to CSV
[2025-12-30 20:05:56]   ✓ Batch: 10/10 saved
[2025-12-30 20:05:58] 
▶ Page 254
[2025-12-30 20:06:00] ✓ Found 30 listings
[2025-12-30 20:06:00] → Scraping 2640320
[2025-12-30 20:06:00] → Scraping 51129768
[2025-12-30 20:06:00] → Scraping 51126199
[2025-12-30 20:06:00] → Scraping 51126770
[2025-12-30 20:06:00] → Scraping 51126773
[2025-12-30 20:06:00] → Scraping 2640319
[2025-12-30 20:06:00] → Scraping 2640318
[2025-12-30 20:06:00] → Scraping 51054439
[2025-12-30 20:06:00] → Scraping 5947536
[2025-12-30 20:06:00] → Scraping 51129767
[2025-12-30 20:06:04] ✓ Saved 10 listings to CSV
[2025-12-30 20:06:04]   ✓ Batch: 10/10 saved
[2025-12-30 20:06:04] → Scraping 51100736
[2025-12-30 20:06:04] → Scraping 51111338
[2025-12-30 20:06:04] → Scraping 51120750
[2025-12-30 20:06:04] → Scraping 51117375
[2025-12-30 20:06:04] → Scraping 51120706
[2025-12-30 20:06:04] → Scraping 51061193
[2025-12-30 20:06:04] → Scraping 51129765
[2025-12-30 20:06:04] → Scraping 51129764
[2025-12-30 20:06:04] → Scraping 51110130
[2025-12-30 20:06:04] → Scraping 51117610
[2025-12-30 20:06:07] ✓ Saved 10 listings to CSV
[2025-12-30 20:06:07]   ✓ Batch: 10/10 saved
[2025-12-30 20:06:07] → Scraping 51129762
[2025-12-30 20:06:07] → Scraping 3238026
[2025-12-30 20:06:07] → Scraping 3237246
[2025-12-30 20:06:07] → Scraping 3237079
[2025-12-30 20:06:07] → Scraping 3237074
[2025-12-30 20:06:07] → Scraping 3237073
[2025-12-30 20:06:07] → Scraping 3237072
[2025-12-30 20:06:07] → Scraping 3237071
[2025-12-30 20:06:07] → Scraping 3237070
[2025-12-30 20:06:07] → Scraping 3237069
[2025-12-30 20:06:10] ✓ Saved 10 listings to CSV
[2025-12-30 20:06:10]   ✓ Batch: 10/10 saved
[2025-12-30 20:06:12] 
▶ Page 255
[2025-12-30 20:06:14] ✓ Found 30 listings
[2025-12-30 20:06:14] → Scraping 3237068
[2025-12-30 20:06:14] → Scraping 3237724
[2025-12-30 20:06:14] → Scraping 3237725
[2025-12-30 20:06:14] → Scraping 5821992
[2025-12-30 20:06:14] → Scraping 5910999
[2025-12-30 20:06:14] → Scraping 5938540
[2025-12-30 20:06:14] → Scraping 51107611
[2025-12-30 20:06:14] → Scraping 51111183
[2025-12-30 20:06:14] → Scraping 51101875
[2025-12-30 20:06:14] → Scraping 51108212
[2025-12-30 20:06:17] ✓ Saved 10 listings to CSV
[2025-12-30 20:06:17]   ✓ Batch: 10/10 saved
[2025-12-30 20:06:17] → Scraping 51101827
[2025-12-30 20:06:17] → Scraping 51101824
[2025-12-30 20:06:17] → Scraping 51101780
[2025-12-30 20:06:17] → Scraping 51101779
[2025-12-30 20:06:17] → Scraping 51101777
[2025-12-30 20:06:17] → Scraping 51101771
[2025-12-30 20:06:17] → Scraping 51101776
[2025-12-30 20:06:17] → Scraping 51104117
[2025-12-30 20:06:17] → Scraping 51107751
[2025-12-30 20:06:17] → Scraping 51101759
[2025-12-30 20:06:21] ✓ Saved 10 listings to CSV
[2025-12-30 20:06:21]   ✓ Batch: 10/10 saved
[2025-12-30 20:06:21] → Scraping 51101757
[2025-12-30 20:06:21] → Scraping 51101675
[2025-12-30 20:06:21] → Scraping 51101571
[2025-12-30 20:06:21] → Scraping 51101773
[2025-12-30 20:06:21] → Scraping 51101676
[2025-12-30 20:06:21] → Scraping 51101575
[2025-12-30 20:06:21] → Scraping 51101574
[2025-12-30 20:06:21] → Scraping 51101573
[2025-12-30 20:06:21] → Scraping 51101775
[2025-12-30 20:06:21] → Scraping 51104724
[2025-12-30 20:06:24] ✓ Saved 10 listings to CSV
[2025-12-30 20:06:24]   ✓ Batch: 10/10 saved
[2025-12-30 20:06:26] 
▶ Page 256
[2025-12-30 20:06:28] ✓ Found 30 listings
[2025-12-30 20:06:28] → Scraping 51104840
[2025-12-30 20:06:28] → Scraping 51104852
[2025-12-30 20:06:28] → Scraping 51107848
[2025-12-30 20:06:28] → Scraping 51111661
[2025-12-30 20:06:28] → Scraping 51111731
[2025-12-30 20:06:28] → Scraping 51111774
[2025-12-30 20:06:28] → Scraping 51093406
[2025-12-30 20:06:28] → Scraping 51093409
[2025-12-30 20:06:28] → Scraping 51093410
[2025-12-30 20:06:28] → Scraping 51093407
[2025-12-30 20:06:31] ✓ Saved 10 listings to CSV
[2025-12-30 20:06:31]   ✓ Batch: 10/10 saved
[2025-12-30 20:06:31] → Scraping 51093411
[2025-12-30 20:06:31] → Scraping 51093418
[2025-12-30 20:06:31] → Scraping 51101572
[2025-12-30 20:06:31] → Scraping 51093413
[2025-12-30 20:06:31] → Scraping 51094038
[2025-12-30 20:06:31] → Scraping 51093494
[2025-12-30 20:06:31] → Scraping 51093492
[2025-12-30 20:06:31] → Scraping 51094160
[2025-12-30 20:06:31] → Scraping 51093422
[2025-12-30 20:06:31] → Scraping 51093408
[2025-12-30 20:06:35] ✓ Saved 10 listings to CSV
[2025-12-30 20:06:35]   ✓ Batch: 10/10 saved
[2025-12-30 20:06:35] → Scraping 51093495
[2025-12-30 20:06:35] → Scraping 51094158
[2025-12-30 20:06:35] → Scraping 51094155
[2025-12-30 20:06:35] → Scraping 51093493
[2025-12-30 20:06:35] → Scraping 51094162
[2025-12-30 20:06:35] → Scraping 51092098
[2025-12-30 20:06:35] → Scraping 51092096
[2025-12-30 20:06:35] → Scraping 51092095
[2025-12-30 20:06:35] → Scraping 51092094
[2025-12-30 20:06:35] → Scraping 51092092
[2025-12-30 20:06:38] ✓ Saved 10 listings to CSV
[2025-12-30 20:06:38]   ✓ Batch: 10/10 saved
[2025-12-30 20:06:40] 
▶ Page 257
[2025-12-30 20:06:42] ✓ Found 30 listings
[2025-12-30 20:06:42] → Scraping 51092091
[2025-12-30 20:06:42] → Scraping 51092049
[2025-12-30 20:06:42] → Scraping 51092050
[2025-12-30 20:06:42] → Scraping 51092093
[2025-12-30 20:06:42] → Scraping 51092088
[2025-12-30 20:06:42] → Scraping 51092051
[2025-12-30 20:06:42] → Scraping 51092048
[2025-12-30 20:06:42] → Scraping 51092046
[2025-12-30 20:06:42] → Scraping 51092089
[2025-12-30 20:06:42] → Scraping 51098659
[2025-12-30 20:06:46] ✓ Saved 10 listings to CSV
[2025-12-30 20:06:46]   ✓ Batch: 10/10 saved
[2025-12-30 20:06:46] → Scraping 51105112
[2025-12-30 20:06:46] → Scraping 51098661
[2025-12-30 20:06:46] → Scraping 51098190
[2025-12-30 20:06:46] → Scraping 51092045
[2025-12-30 20:06:46] → Scraping 51098094
[2025-12-30 20:06:46] → Scraping 51098091
[2025-12-30 20:06:46] → Scraping 51098097
[2025-12-30 20:06:46] → Scraping 51098103
[2025-12-30 20:06:46] → Scraping 51098663
[2025-12-30 20:06:46] → Scraping 51098100
[2025-12-30 20:06:50] ✓ Saved 10 listings to CSV
[2025-12-30 20:06:50]   ✓ Batch: 10/10 saved
[2025-12-30 20:06:50] → Scraping 51098880
[2025-12-30 20:06:50] → Scraping 51098665
[2025-12-30 20:06:50] → Scraping 51105033
[2025-12-30 20:06:50] → Scraping 51098666
[2025-12-30 20:06:50] → Scraping 51105242
[2025-12-30 20:06:50] → Scraping 51108631
[2025-12-30 20:06:50] → Scraping 51102745
[2025-12-30 20:06:50] → Scraping 51105560
[2025-12-30 20:06:50] → Scraping 51102746
[2025-12-30 20:06:50] → Scraping 51102744
[2025-12-30 20:06:53] ✓ Saved 10 listings to CSV
[2025-12-30 20:06:53]   ✓ Batch: 10/10 saved
[2025-12-30 20:06:55] 
▶ Page 258
[2025-12-30 20:06:56] ✓ Found 30 listings
[2025-12-30 20:06:56] → Scraping 51102743
[2025-12-30 20:06:56] → Scraping 51102742
[2025-12-30 20:06:56] → Scraping 51099576
[2025-12-30 20:06:56] → Scraping 51102741
[2025-12-30 20:06:56] → Scraping 51102194
[2025-12-30 20:06:56] → Scraping 51102201
[2025-12-30 20:06:56] → Scraping 51102202
[2025-12-30 20:06:56] → Scraping 51102154
[2025-12-30 20:06:56] → Scraping 51102151
[2025-12-30 20:06:56] → Scraping 51105471
[2025-12-30 20:07:00] ✓ Saved 10 listings to CSV
[2025-12-30 20:07:00]   ✓ Batch: 10/10 saved
[2025-12-30 20:07:00] → Scraping 51105633
[2025-12-30 20:07:00] → Scraping 51102920
[2025-12-30 20:07:00] → Scraping 51102840
[2025-12-30 20:07:00] → Scraping 51102765
[2025-12-30 20:07:00] → Scraping 51129761
[2025-12-30 20:07:00] → Scraping 51089575
[2025-12-30 20:07:00] → Scraping 51114517
[2025-12-30 20:07:00] → Scraping 51099243
[2025-12-30 20:07:00] → Scraping 51102160
[2025-12-30 20:07:00] → Scraping 51129760
[2025-12-30 20:07:04] ✓ Saved 10 listings to CSV
[2025-12-30 20:07:04]   ✓ Batch: 10/10 saved
[2025-12-30 20:07:04] → Scraping 51062056
[2025-12-30 20:07:04] → Scraping 51129759
[2025-12-30 20:07:04] → Scraping 51120219
[2025-12-30 20:07:04] → Scraping 51117380
[2025-12-30 20:07:04] → Scraping 51061194
[2025-12-30 20:07:04] → Scraping 51107957
[2025-12-30 20:07:04] → Scraping 51084302
[2025-12-30 20:07:04] → Scraping 51117382
[2025-12-30 20:07:04] → Scraping 51117379
[2025-12-30 20:07:04] → Scraping 2640317
[2025-12-30 20:07:07] ✓ Saved 10 listings to CSV
[2025-12-30 20:07:07]   ✓ Batch: 10/10 saved
[2025-12-30 20:07:09] 
▶ Page 259
[2025-12-30 20:07:11] ✓ Found 30 listings
[2025-12-30 20:07:11] → Scraping 51118854
[2025-12-30 20:07:11] → Scraping 51129758
[2025-12-30 20:07:11] → Scraping 2640315
[2025-12-30 20:07:11] → Scraping 51129756
[2025-12-30 20:07:11] → Scraping 51129755
[2025-12-30 20:07:11] → Scraping 51044783
[2025-12-30 20:07:11] → Scraping 51117371
[2025-12-30 20:07:11] → Scraping 51065515
[2025-12-30 20:07:11] → Scraping 51117383
[2025-12-30 20:07:11] → Scraping 2640313
[2025-12-30 20:07:14] ✓ Saved 10 listings to CSV
[2025-12-30 20:07:14]   ✓ Batch: 10/10 saved
[2025-12-30 20:07:14] → Scraping 51111217
[2025-12-30 20:07:14] → Scraping 51113818
[2025-12-30 20:07:14] → Scraping 51028233
[2025-12-30 20:07:14] → Scraping 51129754
[2025-12-30 20:07:14] → Scraping 51129753
[2025-12-30 20:07:14] → Scraping 51129752
[2025-12-30 20:07:14] → Scraping 51129751
[2025-12-30 20:07:14] → Scraping 51129750
[2025-12-30 20:07:14] → Scraping 51129749
[2025-12-30 20:07:14] → Scraping 51129748
[2025-12-30 20:07:18] ✓ Saved 10 listings to CSV
[2025-12-30 20:07:18]   ✓ Batch: 10/10 saved
[2025-12-30 20:07:18] → Scraping 51129746
[2025-12-30 20:07:18] → Scraping 51129745
[2025-12-30 20:07:18] → Scraping 51129744
[2025-12-30 20:07:18] → Scraping 51129743
[2025-12-30 20:07:18] → Scraping 51129742
[2025-12-30 20:07:18] → Scraping 51129741
[2025-12-30 20:07:18] → Scraping 51093622
[2025-12-30 20:07:18] → Scraping 51129738
[2025-12-30 20:07:18] → Scraping 51123962
[2025-12-30 20:07:18] → Scraping 51123922
[2025-12-30 20:07:21] ✓ Saved 10 listings to CSV
[2025-12-30 20:07:21]   ✓ Batch: 10/10 saved
[2025-12-30 20:07:23] 
▶ Page 260
[2025-12-30 20:07:25] ✓ Found 30 listings
[2025-12-30 20:07:25] → Scraping 51129737
[2025-12-30 20:07:25] → Scraping 51129736
[2025-12-30 20:07:25] → Scraping 51129735
[2025-12-30 20:07:25] → Scraping 3239764
[2025-12-30 20:07:25] → Scraping 51129733
[2025-12-30 20:07:25] → Scraping 51129732
[2025-12-30 20:07:25] → Scraping 51129731
[2025-12-30 20:07:25] → Scraping 2640311
[2025-12-30 20:07:25] → Scraping 51129730
[2025-12-30 20:07:25] → Scraping 51129729
[2025-12-30 20:07:28] ✓ Saved 10 listings to CSV
[2025-12-30 20:07:28]   ✓ Batch: 10/10 saved
[2025-12-30 20:07:28] → Scraping 51099773
[2025-12-30 20:07:28] → Scraping 51099774
[2025-12-30 20:07:28] → Scraping 51129728
[2025-12-30 20:07:28] → Scraping 51129727
[2025-12-30 20:07:28] → Scraping 5841441
[2025-12-30 20:07:28] → Scraping 51129724
[2025-12-30 20:07:28] → Scraping 2640309
[2025-12-30 20:07:28] → Scraping 2640308
[2025-12-30 20:07:28] → Scraping 51123311
[2025-12-30 20:07:28] → Scraping 51123310
[2025-12-30 20:07:32] ✓ Saved 10 listings to CSV
[2025-12-30 20:07:32]   ✓ Batch: 10/10 saved
[2025-12-30 20:07:32] → Scraping 51123309
[2025-12-30 20:07:32] → Scraping 51123312
[2025-12-30 20:07:32] → Scraping 2640307
[2025-12-30 20:07:32] → Scraping 51129723
[2025-12-30 20:07:32] → Scraping 51129721
[2025-12-30 20:07:32] → Scraping 51123804
[2025-12-30 20:07:32] → Scraping 5820042
[2025-12-30 20:07:32] → Scraping 51067884
[2025-12-30 20:07:32] → Scraping 51069397
[2025-12-30 20:07:32] → Scraping 51067880
[2025-12-30 20:07:36] ✓ Saved 10 listings to CSV
[2025-12-30 20:07:36]   ✓ Batch: 10/10 saved
[2025-12-30 20:07:38] 
▶ Page 261
[2025-12-30 20:07:39] ✓ Found 30 listings
[2025-12-30 20:07:39] → Scraping 51099040
[2025-12-30 20:07:39] → Scraping 51107009
[2025-12-30 20:07:39] → Scraping 51067876
[2025-12-30 20:07:39] → Scraping 51100448
[2025-12-30 20:07:39] → Scraping 51100447
[2025-12-30 20:07:39] → Scraping 51100387
[2025-12-30 20:07:39] → Scraping 51100000
[2025-12-30 20:07:39] → Scraping 51129720
[2025-12-30 20:07:39] → Scraping 51129718
[2025-12-30 20:07:39] → Scraping 51129717
[2025-12-30 20:07:42] ✓ Saved 10 listings to CSV
[2025-12-30 20:07:42]   ✓ Batch: 10/10 saved
[2025-12-30 20:07:42] → Scraping 2640305
[2025-12-30 20:07:42] → Scraping 2640304
[2025-12-30 20:07:42] → Scraping 51129716
[2025-12-30 20:07:42] → Scraping 51083518
[2025-12-30 20:07:42] → Scraping 2640303
[2025-12-30 20:07:42] → Scraping 2640302
[2025-12-30 20:07:42] → Scraping 2640301
[2025-12-30 20:07:42] → Scraping 51129715
[2025-12-30 20:07:42] → Scraping 2640300
[2025-12-30 20:07:42] → Scraping 51129714
[2025-12-30 20:07:46] ✓ Saved 10 listings to CSV
[2025-12-30 20:07:46]   ✓ Batch: 10/10 saved
[2025-12-30 20:07:46] → Scraping 2640299
[2025-12-30 20:07:46] → Scraping 5864133
[2025-12-30 20:07:46] → Scraping 51126572
[2025-12-30 20:07:46] → Scraping 2640298
[2025-12-30 20:07:46] → Scraping 51129712
[2025-12-30 20:07:46] → Scraping 5876943
[2025-12-30 20:07:46] → Scraping 5836806
[2025-12-30 20:07:46] → Scraping 5854709
[2025-12-30 20:07:46] → Scraping 5774986
[2025-12-30 20:07:46] → Scraping 5762673
[2025-12-30 20:07:49] ✓ Saved 10 listings to CSV
[2025-12-30 20:07:49]   ✓ Batch: 10/10 saved
[2025-12-30 20:07:51] 
▶ Page 262
[2025-12-30 20:07:53] ✓ Found 30 listings
[2025-12-30 20:07:53] → Scraping 2640297
[2025-12-30 20:07:53] → Scraping 2640296
[2025-12-30 20:07:53] → Scraping 51129711
[2025-12-30 20:07:53] → Scraping 2640295
[2025-12-30 20:07:53] → Scraping 51129710
[2025-12-30 20:07:53] → Scraping 51129709
[2025-12-30 20:07:53] → Scraping 51129708
[2025-12-30 20:07:53] → Scraping 51129707
[2025-12-30 20:07:53] → Scraping 51129706
[2025-12-30 20:07:53] → Scraping 2640294
[2025-12-30 20:07:56] ✓ Saved 10 listings to CSV
[2025-12-30 20:07:56]   ✓ Batch: 10/10 saved
[2025-12-30 20:07:56] → Scraping 51081711
[2025-12-30 20:07:56] → Scraping 51081716
[2025-12-30 20:07:56] → Scraping 2640293
[2025-12-30 20:07:56] → Scraping 2640292
[2025-12-30 20:07:56] → Scraping 51129702
[2025-12-30 20:07:56] → Scraping 2640291
[2025-12-30 20:07:56] → Scraping 51129700
[2025-12-30 20:07:56] → Scraping 51086827
[2025-12-30 20:07:56] → Scraping 2640290
[2025-12-30 20:07:56] → Scraping 51129699
[2025-12-30 20:07:59] ✓ Saved 10 listings to CSV
[2025-12-30 20:07:59]   ✓ Batch: 10/10 saved
[2025-12-30 20:08:00] → Scraping 2640289
[2025-12-30 20:08:00] → Scraping 51129698
[2025-12-30 20:08:00] → Scraping 2640288
[2025-12-30 20:08:00] → Scraping 51129697
[2025-12-30 20:08:00] → Scraping 51129696
[2025-12-30 20:08:00] → Scraping 2640287
[2025-12-30 20:08:00] → Scraping 51129695
[2025-12-30 20:08:00] → Scraping 51129694
[2025-12-30 20:08:00] → Scraping 51129691
[2025-12-30 20:08:00] → Scraping 51129690
[2025-12-30 20:08:03] ✓ Saved 10 listings to CSV
[2025-12-30 20:08:03]   ✓ Batch: 10/10 saved
[2025-12-30 20:08:05] 
▶ Page 263
[2025-12-30 20:08:07] ✓ Found 30 listings
[2025-12-30 20:08:07] → Scraping 5476391
[2025-12-30 20:08:07] → Scraping 51129689
[2025-12-30 20:08:07] → Scraping 2640285
[2025-12-30 20:08:07] → Scraping 51129688
[2025-12-30 20:08:07] → Scraping 5493023
[2025-12-30 20:08:07] → Scraping 51129687
[2025-12-30 20:08:07] → Scraping 51129686
[2025-12-30 20:08:07] → Scraping 2640284
[2025-12-30 20:08:07] → Scraping 2640283
[2025-12-30 20:08:07] → Scraping 2640282
[2025-12-30 20:08:10] ✓ Saved 10 listings to CSV
[2025-12-30 20:08:10]   ✓ Batch: 10/10 saved
[2025-12-30 20:08:10] → Scraping 2640281
[2025-12-30 20:08:10] → Scraping 2640280
[2025-12-30 20:08:10] → Scraping 2640279
[2025-12-30 20:08:10] → Scraping 51129684
[2025-12-30 20:08:10] → Scraping 51035320
[2025-12-30 20:08:10] → Scraping 5492224
[2025-12-30 20:08:10] → Scraping 5444607
[2025-12-30 20:08:10] → Scraping 51059017
[2025-12-30 20:08:10] → Scraping 51058918
[2025-12-30 20:08:10] → Scraping 51019349
[2025-12-30 20:08:14] ✓ Saved 10 listings to CSV
[2025-12-30 20:08:14]   ✓ Batch: 10/10 saved
[2025-12-30 20:08:14] → Scraping 5991572
[2025-12-30 20:08:14] → Scraping 5393043
[2025-12-30 20:08:14] → Scraping 5983019
[2025-12-30 20:08:14] → Scraping 5416739
[2025-12-30 20:08:14] → Scraping 51062699
[2025-12-30 20:08:14] → Scraping 5991837
[2025-12-30 20:08:14] → Scraping 2640277
[2025-12-30 20:08:14] → Scraping 51042513
[2025-12-30 20:08:14] → Scraping 5457118
[2025-12-30 20:08:14] → Scraping 5391874
[2025-12-30 20:08:17] ✓ Saved 10 listings to CSV
[2025-12-30 20:08:17]   ✓ Batch: 10/10 saved
[2025-12-30 20:08:19] 
▶ Page 264
[2025-12-30 20:08:21] ✓ Found 30 listings
[2025-12-30 20:08:21] → Scraping 5226490
[2025-12-30 20:08:21] → Scraping 5425080
[2025-12-30 20:08:21] → Scraping 51063048
[2025-12-30 20:08:21] → Scraping 5456355
[2025-12-30 20:08:21] → Scraping 51035321
[2025-12-30 20:08:21] → Scraping 51129683
[2025-12-30 20:08:21] → Scraping 5233245
[2025-12-30 20:08:21] → Scraping 5620454
[2025-12-30 20:08:21] → Scraping 5367618
[2025-12-30 20:08:21] → Scraping 5992140
[2025-12-30 20:08:24] ✓ Saved 10 listings to CSV
[2025-12-30 20:08:24]   ✓ Batch: 10/10 saved
[2025-12-30 20:08:24] → Scraping 2640276
[2025-12-30 20:08:24] → Scraping 2640275
[2025-12-30 20:08:24] → Scraping 2640274
[2025-12-30 20:08:24] → Scraping 2640273
[2025-12-30 20:08:24] → Scraping 51129682
[2025-12-30 20:08:24] → Scraping 5531495
[2025-12-30 20:08:24] → Scraping 51116525
[2025-12-30 20:08:24] → Scraping 51129681
[2025-12-30 20:08:24] → Scraping 2640272
[2025-12-30 20:08:24] → Scraping 2640271
[2025-12-30 20:08:27] ✓ Saved 10 listings to CSV
[2025-12-30 20:08:27]   ✓ Batch: 10/10 saved
[2025-12-30 20:08:27] → Scraping 51080992
[2025-12-30 20:08:27] → Scraping 51080991
[2025-12-30 20:08:27] → Scraping 51080989
[2025-12-30 20:08:27] → Scraping 51080990
[2025-12-30 20:08:27] → Scraping 51080987
[2025-12-30 20:08:27] → Scraping 51080995
[2025-12-30 20:08:27] → Scraping 51071167
[2025-12-30 20:08:27] → Scraping 51080996
[2025-12-30 20:08:27] → Scraping 51081122
[2025-12-30 20:08:27] → Scraping 51081125
[2025-12-30 20:08:31] ✓ Saved 10 listings to CSV
[2025-12-30 20:08:31]   ✓ Batch: 10/10 saved
[2025-12-30 20:08:33] 
▶ Page 265
[2025-12-30 20:08:34] ✓ Found 30 listings
[2025-12-30 20:08:34] → Scraping 51129680
[2025-12-30 20:08:34] → Scraping 51081126
[2025-12-30 20:08:34] → Scraping 51081129
[2025-12-30 20:08:34] → Scraping 51081130
[2025-12-30 20:08:34] → Scraping 51081132
[2025-12-30 20:08:34] → Scraping 2640270
[2025-12-30 20:08:34] → Scraping 51081135
[2025-12-30 20:08:34] → Scraping 51081134
[2025-12-30 20:08:34] → Scraping 51072283
[2025-12-30 20:08:34] → Scraping 51081141
[2025-12-30 20:08:38] ✓ Saved 10 listings to CSV
[2025-12-30 20:08:38]   ✓ Batch: 10/10 saved
[2025-12-30 20:08:38] → Scraping 51081143
[2025-12-30 20:08:38] → Scraping 51084101
[2025-12-30 20:08:38] → Scraping 51084097
[2025-12-30 20:08:38] → Scraping 51084096
[2025-12-30 20:08:38] → Scraping 51084095
[2025-12-30 20:08:38] → Scraping 51084087
[2025-12-30 20:08:38] → Scraping 51084086
[2025-12-30 20:08:38] → Scraping 51084085
[2025-12-30 20:08:38] → Scraping 51084084
[2025-12-30 20:08:38] → Scraping 51074376
[2025-12-30 20:08:41] ✓ Saved 10 listings to CSV
[2025-12-30 20:08:41]   ✓ Batch: 10/10 saved
[2025-12-30 20:08:41] → Scraping 51090242
[2025-12-30 20:08:41] → Scraping 51069722
[2025-12-30 20:08:41] → Scraping 51072296
[2025-12-30 20:08:41] → Scraping 51072292
[2025-12-30 20:08:41] → Scraping 51072289
[2025-12-30 20:08:41] → Scraping 51072287
[2025-12-30 20:08:41] → Scraping 51072285
[2025-12-30 20:08:41] → Scraping 51072282
[2025-12-30 20:08:41] → Scraping 51129679
[2025-12-30 20:08:41] → Scraping 51072284
[2025-12-30 20:08:45] ✓ Saved 10 listings to CSV
[2025-12-30 20:08:45]   ✓ Batch: 10/10 saved
[2025-12-30 20:08:47] 
▶ Page 266
[2025-12-30 20:08:48] ✓ Found 30 listings
[2025-12-30 20:08:48] → Scraping 51072281
[2025-12-30 20:08:48] → Scraping 51072280
[2025-12-30 20:08:48] → Scraping 51078306
[2025-12-30 20:08:48] → Scraping 51129678
[2025-12-30 20:08:48] → Scraping 5997319
[2025-12-30 20:08:48] → Scraping 5996535
[2025-12-30 20:08:48] → Scraping 5996539
[2025-12-30 20:08:48] → Scraping 5997321
[2025-12-30 20:08:48] → Scraping 51027441
[2025-12-30 20:08:48] → Scraping 51027436
[2025-12-30 20:08:51] ✓ Saved 10 listings to CSV
[2025-12-30 20:08:51]   ✓ Batch: 10/10 saved
[2025-12-30 20:08:51] → Scraping 51027440
[2025-12-30 20:08:51] → Scraping 5996528
[2025-12-30 20:08:51] → Scraping 51029440
[2025-12-30 20:08:51] → Scraping 5996537
[2025-12-30 20:08:51] → Scraping 5996523
[2025-12-30 20:08:51] → Scraping 51024307
[2025-12-30 20:08:51] → Scraping 51024305
[2025-12-30 20:08:51] → Scraping 5996525
[2025-12-30 20:08:51] → Scraping 51029433
[2025-12-30 20:08:51] → Scraping 5997315
[2025-12-30 20:08:55] ✓ Saved 10 listings to CSV
[2025-12-30 20:08:55]   ✓ Batch: 10/10 saved
[2025-12-30 20:08:55] → Scraping 5996527
[2025-12-30 20:08:55] → Scraping 51129677
[2025-12-30 20:08:55] → Scraping 51129676
[2025-12-30 20:08:55] → Scraping 2640269
[2025-12-30 20:08:55] → Scraping 2638559
[2025-12-30 20:08:55] → Scraping 2637094
[2025-12-30 20:08:55] → Scraping 51129675
[2025-12-30 20:08:55] → Scraping 2640268
[2025-12-30 20:08:55] → Scraping 51129674
[2025-12-30 20:08:55] → Scraping 51129671
[2025-12-30 20:08:59] ✓ Saved 10 listings to CSV
[2025-12-30 20:08:59]   ✓ Batch: 10/10 saved
[2025-12-30 20:09:01] 
▶ Page 267
[2025-12-30 20:09:02] ✓ Found 30 listings
[2025-12-30 20:09:02] → Scraping 2640267
[2025-12-30 20:09:02] → Scraping 51129670
[2025-12-30 20:09:02] → Scraping 2640266
[2025-12-30 20:09:02] → Scraping 51093203
[2025-12-30 20:09:02] → Scraping 51129669
[2025-12-30 20:09:02] → Scraping 51129668
[2025-12-30 20:09:02] → Scraping 51129666
[2025-12-30 20:09:02] → Scraping 51129663
[2025-12-30 20:09:02] → Scraping 51129662
[2025-12-30 20:09:02] → Scraping 51129661
[2025-12-30 20:09:06] ✓ Saved 10 listings to CSV
[2025-12-30 20:09:06]   ✓ Batch: 10/10 saved
[2025-12-30 20:09:06] → Scraping 51063473
[2025-12-30 20:09:06] → Scraping 51129660
[2025-12-30 20:09:06] → Scraping 2640265
[2025-12-30 20:09:06] → Scraping 51129659
[2025-12-30 20:09:06] → Scraping 51129658
[2025-12-30 20:09:06] → Scraping 2640264
[2025-12-30 20:09:06] → Scraping 2640263
[2025-12-30 20:09:06] → Scraping 51129657
[2025-12-30 20:09:06] → Scraping 51129656
[2025-12-30 20:09:06] → Scraping 51129655
[2025-12-30 20:09:10] ✓ Saved 10 listings to CSV
[2025-12-30 20:09:10]   ✓ Batch: 10/10 saved
[2025-12-30 20:09:10] → Scraping 2638523
[2025-12-30 20:09:10] → Scraping 51129654
[2025-12-30 20:09:10] → Scraping 51129653
[2025-12-30 20:09:10] → Scraping 51129652
[2025-12-30 20:09:10] → Scraping 51129651
[2025-12-30 20:09:10] → Scraping 2640262
[2025-12-30 20:09:10] → Scraping 51126223
[2025-12-30 20:09:10] → Scraping 51126222
[2025-12-30 20:09:10] → Scraping 51126220
[2025-12-30 20:09:10] → Scraping 51129650
[2025-12-30 20:09:13] ✓ Saved 10 listings to CSV
[2025-12-30 20:09:13]   ✓ Batch: 10/10 saved
[2025-12-30 20:09:15] 
▶ Page 268
[2025-12-30 20:09:16] ✓ Found 30 listings
[2025-12-30 20:09:16] → Scraping 51129649
[2025-12-30 20:09:16] → Scraping 51120643
[2025-12-30 20:09:16] → Scraping 51094307
[2025-12-30 20:09:16] → Scraping 51112548
[2025-12-30 20:09:16] → Scraping 51094309
[2025-12-30 20:09:16] → Scraping 51094193
[2025-12-30 20:09:16] → Scraping 51091242
[2025-12-30 20:09:16] → Scraping 51094305
[2025-12-30 20:09:16] → Scraping 51089818
[2025-12-30 20:09:16] → Scraping 51099534
[2025-12-30 20:09:20] ✓ Saved 10 listings to CSV
[2025-12-30 20:09:20]   ✓ Batch: 10/10 saved
[2025-12-30 20:09:20] → Scraping 51099883
[2025-12-30 20:09:20] → Scraping 51099640
[2025-12-30 20:09:20] → Scraping 51099645
[2025-12-30 20:09:20] → Scraping 51091240
[2025-12-30 20:09:20] → Scraping 51102368
[2025-12-30 20:09:20] → Scraping 51102647
[2025-12-30 20:09:20] → Scraping 51099644
[2025-12-30 20:09:20] → Scraping 51109865
[2025-12-30 20:09:20] → Scraping 51090718
[2025-12-30 20:09:20] → Scraping 51099536
[2025-12-30 20:09:24] ✓ Saved 10 listings to CSV
[2025-12-30 20:09:24]   ✓ Batch: 10/10 saved
[2025-12-30 20:09:24] → Scraping 51099768
[2025-12-30 20:09:24] → Scraping 51099288
[2025-12-30 20:09:24] → Scraping 51099639
[2025-12-30 20:09:24] → Scraping 51099289
[2025-12-30 20:09:24] → Scraping 51099414
[2025-12-30 20:09:24] → Scraping 51102646
[2025-12-30 20:09:24] → Scraping 51102365
[2025-12-30 20:09:24] → Scraping 51102363
[2025-12-30 20:09:24] → Scraping 51106191
[2025-12-30 20:09:24] → Scraping 51106190
[2025-12-30 20:09:28] ✓ Saved 10 listings to CSV
[2025-12-30 20:09:28]   ✓ Batch: 10/10 saved
[2025-12-30 20:09:30] 
▶ Page 269
[2025-12-30 20:09:31] ✓ Found 30 listings
[2025-12-30 20:09:31] → Scraping 51099772
[2025-12-30 20:09:31] → Scraping 51094306
[2025-12-30 20:09:31] → Scraping 51094195
[2025-12-30 20:09:31] → Scraping 51089813
[2025-12-30 20:09:31] → Scraping 51100189
[2025-12-30 20:09:31] → Scraping 51099769
[2025-12-30 20:09:31] → Scraping 51089814
[2025-12-30 20:09:31] → Scraping 51089558
[2025-12-30 20:09:31] → Scraping 51100188
[2025-12-30 20:09:31] → Scraping 51106607
[2025-12-30 20:09:34] ✓ Saved 10 listings to CSV
[2025-12-30 20:09:35]   ✓ Batch: 10/10 saved
[2025-12-30 20:09:35] → Scraping 51113276
[2025-12-30 20:09:35] → Scraping 51106610
[2025-12-30 20:09:35] → Scraping 51113274
[2025-12-30 20:09:35] → Scraping 51096839
[2025-12-30 20:09:35] → Scraping 51096795
[2025-12-30 20:09:35] → Scraping 51106611
[2025-12-30 20:09:35] → Scraping 51091244
[2025-12-30 20:09:35] → Scraping 51119928
[2025-12-30 20:09:35] → Scraping 51119935
[2025-12-30 20:09:35] → Scraping 51120644
[2025-12-30 20:09:38] ✓ Saved 10 listings to CSV
[2025-12-30 20:09:38]   ✓ Batch: 10/10 saved
[2025-12-30 20:09:38] → Scraping 51120645
[2025-12-30 20:09:38] → Scraping 3239183
[2025-12-30 20:09:38] → Scraping 2640261
[2025-12-30 20:09:38] → Scraping 51129648
[2025-12-30 20:09:38] → Scraping 51129647
[2025-12-30 20:09:38] → Scraping 51129646
[2025-12-30 20:09:38] → Scraping 5403256
[2025-12-30 20:09:38] → Scraping 5653299
[2025-12-30 20:09:38] → Scraping 51066436
[2025-12-30 20:09:38] → Scraping 51019351
[2025-12-30 20:09:41] ✓ Saved 10 listings to CSV
[2025-12-30 20:09:41]   ✓ Batch: 10/10 saved
[2025-12-30 20:09:43] 
▶ Page 270
[2025-12-30 20:09:45] ✓ Found 30 listings
[2025-12-30 20:09:45] → Scraping 5456349
[2025-12-30 20:09:45] → Scraping 5262988
[2025-12-30 20:09:45] → Scraping 5274216
[2025-12-30 20:09:45] → Scraping 5393025
[2025-12-30 20:09:45] → Scraping 5974514
[2025-12-30 20:09:45] → Scraping 5674502
[2025-12-30 20:09:45] → Scraping 51035138
[2025-12-30 20:09:45] → Scraping 5983688
[2025-12-30 20:09:45] → Scraping 51019347
[2025-12-30 20:09:45] → Scraping 5353807
[2025-12-30 20:09:48] ✓ Saved 10 listings to CSV
[2025-12-30 20:09:48]   ✓ Batch: 10/10 saved
[2025-12-30 20:09:48] → Scraping 51074119
[2025-12-30 20:09:48] → Scraping 51066615
[2025-12-30 20:09:48] → Scraping 51042834
[2025-12-30 20:09:48] → Scraping 5168134
[2025-12-30 20:09:48] → Scraping 51085893
[2025-12-30 20:09:48] → Scraping 5991571
[2025-12-30 20:09:48] → Scraping 5367628
[2025-12-30 20:09:48] → Scraping 5983614
[2025-12-30 20:09:48] → Scraping 51054911
[2025-12-30 20:09:48] → Scraping 5435503
[2025-12-30 20:09:52] ✓ Saved 10 listings to CSV
[2025-12-30 20:09:52]   ✓ Batch: 10/10 saved
[2025-12-30 20:09:52] → Scraping 5456351
[2025-12-30 20:09:52] → Scraping 51058773
[2025-12-30 20:09:52] → Scraping 2640260
[2025-12-30 20:09:52] → Scraping 5534244
[2025-12-30 20:09:52] → Scraping 5474353
[2025-12-30 20:09:52] → Scraping 5480255
[2025-12-30 20:09:52] → Scraping 51129644
[2025-12-30 20:09:52] → Scraping 5527401
[2025-12-30 20:09:52] → Scraping 51129643
[2025-12-30 20:09:52] → Scraping 5527037
[2025-12-30 20:09:55] ✓ Saved 10 listings to CSV
[2025-12-30 20:09:55]   ✓ Batch: 10/10 saved
[2025-12-30 20:09:57] 
▶ Page 271
[2025-12-30 20:09:59] ✓ Found 30 listings
[2025-12-30 20:09:59] → Scraping 5502445
[2025-12-30 20:09:59] → Scraping 5485905
[2025-12-30 20:09:59] → Scraping 51122238
[2025-12-30 20:09:59] → Scraping 51129642
[2025-12-30 20:09:59] → Scraping 51054934
[2025-12-30 20:09:59] → Scraping 51054932
[2025-12-30 20:09:59] → Scraping 51070379
[2025-12-30 20:09:59] → Scraping 5479294
[2025-12-30 20:09:59] → Scraping 5355209
[2025-12-30 20:09:59] → Scraping 5527989
[2025-12-30 20:10:02] ✓ Saved 10 listings to CSV
[2025-12-30 20:10:02]   ✓ Batch: 10/10 saved
[2025-12-30 20:10:02] → Scraping 5957298
[2025-12-30 20:10:02] → Scraping 5975158
[2025-12-30 20:10:02] → Scraping 51012267
[2025-12-30 20:10:02] → Scraping 5544382
[2025-12-30 20:10:02] → Scraping 5677733
[2025-12-30 20:10:02] → Scraping 5467279
[2025-12-30 20:10:02] → Scraping 5528361
[2025-12-30 20:10:02] → Scraping 5558372
[2025-12-30 20:10:02] → Scraping 5436654
[2025-12-30 20:10:02] → Scraping 51054931
[2025-12-30 20:10:08] ✓ Saved 10 listings to CSV
[2025-12-30 20:10:08]   ✓ Batch: 10/10 saved
[2025-12-30 20:10:08] → Scraping 5544379
[2025-12-30 20:10:08] → Scraping 2640259
[2025-12-30 20:10:08] → Scraping 5274215
[2025-12-30 20:10:08] → Scraping 5436656
[2025-12-30 20:10:08] → Scraping 5544380
[2025-12-30 20:10:08] → Scraping 51063193
[2025-12-30 20:10:08] → Scraping 5975178
[2025-12-30 20:10:08] → Scraping 5991806
[2025-12-30 20:10:08] → Scraping 51019838
[2025-12-30 20:10:08] → Scraping 5425083
[2025-12-30 20:10:11] ✓ Saved 10 listings to CSV
[2025-12-30 20:10:11]   ✓ Batch: 10/10 saved
[2025-12-30 20:10:13] 
▶ Page 272
[2025-12-30 20:10:14] ✓ Found 30 listings
[2025-12-30 20:10:14] → Scraping 5975174
[2025-12-30 20:10:14] → Scraping 5492216
[2025-12-30 20:10:14] → Scraping 51063199
[2025-12-30 20:10:14] → Scraping 5991834
[2025-12-30 20:10:14] → Scraping 51019839
[2025-12-30 20:10:14] → Scraping 51019764
[2025-12-30 20:10:14] → Scraping 5404007
[2025-12-30 20:10:14] → Scraping 51028202
[2025-12-30 20:10:14] → Scraping 51054933
[2025-12-30 20:10:14] → Scraping 5455929
[2025-12-30 20:10:18] ✓ Saved 10 listings to CSV
[2025-12-30 20:10:18]   ✓ Batch: 10/10 saved
[2025-12-30 20:10:18] → Scraping 51019837
[2025-12-30 20:10:18] → Scraping 51063239
[2025-12-30 20:10:18] → Scraping 5975179
[2025-12-30 20:10:18] → Scraping 51063200
[2025-12-30 20:10:18] → Scraping 51063201
[2025-12-30 20:10:18] → Scraping 51019856
[2025-12-30 20:10:18] → Scraping 5984383
[2025-12-30 20:10:18] → Scraping 5966590
[2025-12-30 20:10:18] → Scraping 51063241
[2025-12-30 20:10:18] → Scraping 5620442
[2025-12-30 20:10:22] ✓ Saved 10 listings to CSV
[2025-12-30 20:10:22]   ✓ Batch: 10/10 saved
[2025-12-30 20:10:22] → Scraping 5435899
[2025-12-30 20:10:22] → Scraping 5992432
[2025-12-30 20:10:22] → Scraping 5992136
[2025-12-30 20:10:22] → Scraping 5992142
[2025-12-30 20:10:22] → Scraping 51059018
[2025-12-30 20:10:22] → Scraping 51063240
[2025-12-30 20:10:22] → Scraping 5405935
[2025-12-30 20:10:22] → Scraping 51055026
[2025-12-30 20:10:22] → Scraping 5331043
[2025-12-30 20:10:22] → Scraping 51059053
[2025-12-30 20:10:26] ✓ Saved 10 listings to CSV
[2025-12-30 20:10:26]   ✓ Batch: 10/10 saved
[2025-12-30 20:10:28] 
▶ Page 273
[2025-12-30 20:10:29] ✓ Found 30 listings
[2025-12-30 20:10:29] → Scraping 51063206
[2025-12-30 20:10:29] → Scraping 51035833
[2025-12-30 20:10:29] → Scraping 51019854
[2025-12-30 20:10:29] → Scraping 5992048
[2025-12-30 20:10:29] → Scraping 51070541
[2025-12-30 20:10:29] → Scraping 5678796
[2025-12-30 20:10:29] → Scraping 5426288
[2025-12-30 20:10:29] → Scraping 5447174
[2025-12-30 20:10:29] → Scraping 5446398
[2025-12-30 20:10:29] → Scraping 5405561
[2025-12-30 20:10:32] ✓ Saved 10 listings to CSV
[2025-12-30 20:10:32]   ✓ Batch: 10/10 saved
[2025-12-30 20:10:32] → Scraping 5543029
[2025-12-30 20:10:32] → Scraping 5544392
[2025-12-30 20:10:32] → Scraping 5529359
[2025-12-30 20:10:32] → Scraping 5991824
[2025-12-30 20:10:32] → Scraping 5975524
[2025-12-30 20:10:32] → Scraping 5589026
[2025-12-30 20:10:32] → Scraping 51063429
[2025-12-30 20:10:32] → Scraping 5999878
[2025-12-30 20:10:32] → Scraping 5967569
[2025-12-30 20:10:32] → Scraping 5435505
[2025-12-30 20:10:36] ✓ Saved 10 listings to CSV
[2025-12-30 20:10:36]   ✓ Batch: 10/10 saved
[2025-12-30 20:10:36] → Scraping 51063428
[2025-12-30 20:10:36] → Scraping 5416700
[2025-12-30 20:10:36] → Scraping 5446894
[2025-12-30 20:10:36] → Scraping 5437231
[2025-12-30 20:10:36] → Scraping 5984397
[2025-12-30 20:10:36] → Scraping 5620458
[2025-12-30 20:10:36] → Scraping 5620444
[2025-12-30 20:10:36] → Scraping 5404008
[2025-12-30 20:10:36] → Scraping 5992634
[2025-12-30 20:10:36] → Scraping 51129640
[2025-12-30 20:10:39] ✓ Saved 10 listings to CSV
[2025-12-30 20:10:39]   ✓ Batch: 10/10 saved
[2025-12-30 20:10:41] 
▶ Page 274
[2025-12-30 20:10:43] ✓ Found 30 listings
[2025-12-30 20:10:43] → Scraping 5369646
[2025-12-30 20:10:43] → Scraping 5510691
[2025-12-30 20:10:43] → Scraping 5435502
[2025-12-30 20:10:43] → Scraping 5273673
[2025-12-30 20:10:43] → Scraping 5677106
[2025-12-30 20:10:43] → Scraping 5436306
[2025-12-30 20:10:43] → Scraping 5436649
[2025-12-30 20:10:43] → Scraping 5425321
[2025-12-30 20:10:43] → Scraping 5587845
[2025-12-30 20:10:43] → Scraping 5620455
[2025-12-30 20:10:46] ✓ Saved 10 listings to CSV
[2025-12-30 20:10:46]   ✓ Batch: 10/10 saved
[2025-12-30 20:10:46] → Scraping 5528357
[2025-12-30 20:10:46] → Scraping 5999384
[2025-12-30 20:10:46] → Scraping 5992368
[2025-12-30 20:10:46] → Scraping 5655544
[2025-12-30 20:10:46] → Scraping 5992406
[2025-12-30 20:10:46] → Scraping 5958718
[2025-12-30 20:10:46] → Scraping 51036082
[2025-12-30 20:10:46] → Scraping 51036075
[2025-12-30 20:10:46] → Scraping 51036074
[2025-12-30 20:10:46] → Scraping 5967509
[2025-12-30 20:10:50] ✓ Saved 10 listings to CSV
[2025-12-30 20:10:50]   ✓ Batch: 10/10 saved
[2025-12-30 20:10:50] → Scraping 5530470
[2025-12-30 20:10:50] → Scraping 5620440
[2025-12-30 20:10:50] → Scraping 5578063
[2025-12-30 20:10:50] → Scraping 5403257
[2025-12-30 20:10:50] → Scraping 51059350
[2025-12-30 20:10:50] → Scraping 51006744
[2025-12-30 20:10:50] → Scraping 5528360
[2025-12-30 20:10:50] → Scraping 5175109
[2025-12-30 20:10:50] → Scraping 5437162
[2025-12-30 20:10:50] → Scraping 5369266
[2025-12-30 20:10:53] ✓ Saved 10 listings to CSV
[2025-12-30 20:10:53]   ✓ Batch: 10/10 saved
[2025-12-30 20:10:55] 
▶ Page 275
[2025-12-30 20:10:56] ✓ Found 30 listings
[2025-12-30 20:10:56] → Scraping 5655545
[2025-12-30 20:10:56] → Scraping 5655546
[2025-12-30 20:10:56] → Scraping 5560064
[2025-12-30 20:10:56] → Scraping 5655547
[2025-12-30 20:10:56] → Scraping 5383629
[2025-12-30 20:10:56] → Scraping 5509613
[2025-12-30 20:10:56] → Scraping 5967245
[2025-12-30 20:10:56] → Scraping 5383666
[2025-12-30 20:10:56] → Scraping 5577765
[2025-12-30 20:10:56] → Scraping 5530465
[2025-12-30 20:11:00] ✓ Saved 10 listings to CSV
[2025-12-30 20:11:00]   ✓ Batch: 10/10 saved
[2025-12-30 20:11:00] → Scraping 5578051
[2025-12-30 20:11:00] → Scraping 51025623
[2025-12-30 20:11:00] → Scraping 5166743
[2025-12-30 20:11:00] → Scraping 51055129
[2025-12-30 20:11:00] → Scraping 51063356
[2025-12-30 20:11:00] → Scraping 5456397
[2025-12-30 20:11:00] → Scraping 51101149
[2025-12-30 20:11:00] → Scraping 5528353
[2025-12-30 20:11:00] → Scraping 51101150
[2025-12-30 20:11:00] → Scraping 5530468
[2025-12-30 20:11:04] ✓ Saved 10 listings to CSV
[2025-12-30 20:11:04]   ✓ Batch: 10/10 saved
[2025-12-30 20:11:04] → Scraping 51101147
[2025-12-30 20:11:04] → Scraping 5383695
[2025-12-30 20:11:04] → Scraping 5967511
[2025-12-30 20:11:04] → Scraping 51006933
[2025-12-30 20:11:04] → Scraping 51063811
[2025-12-30 20:11:04] → Scraping 51078464
[2025-12-30 20:11:04] → Scraping 5967513
[2025-12-30 20:11:04] → Scraping 5587842
[2025-12-30 20:11:04] → Scraping 5230325
[2025-12-30 20:11:04] → Scraping 51063967
[2025-12-30 20:11:07] ✓ Saved 10 listings to CSV
[2025-12-30 20:11:07]   ✓ Batch: 10/10 saved
[2025-12-30 20:11:09] 
▶ Page 276
[2025-12-30 20:11:11] ✓ Found 30 listings
[2025-12-30 20:11:11] → Scraping 51060413
[2025-12-30 20:11:11] → Scraping 51062591
[2025-12-30 20:11:11] → Scraping 51082312
[2025-12-30 20:11:11] → Scraping 5999880
[2025-12-30 20:11:11] → Scraping 51061491
[2025-12-30 20:11:11] → Scraping 5589025
[2025-12-30 20:11:11] → Scraping 51067919
[2025-12-30 20:11:11] → Scraping 51075908
[2025-12-30 20:11:11] → Scraping 51064771
[2025-12-30 20:11:11] → Scraping 5655551
[2025-12-30 20:11:14] ✓ Saved 10 listings to CSV
[2025-12-30 20:11:14]   ✓ Batch: 10/10 saved
[2025-12-30 20:11:14] → Scraping 51069843
[2025-12-30 20:11:14] → Scraping 51055092
[2025-12-30 20:11:14] → Scraping 51085570
[2025-12-30 20:11:14] → Scraping 5380051
[2025-12-30 20:11:14] → Scraping 51072575
[2025-12-30 20:11:14] → Scraping 5263172
[2025-12-30 20:11:14] → Scraping 51081893
[2025-12-30 20:11:14] → Scraping 51101145
[2025-12-30 20:11:14] → Scraping 51077482
[2025-12-30 20:11:14] → Scraping 51077654
[2025-12-30 20:11:17] ✓ Saved 10 listings to CSV
[2025-12-30 20:11:18]   ✓ Batch: 10/10 saved
[2025-12-30 20:11:18] → Scraping 5331308
[2025-12-30 20:11:18] → Scraping 5383720
[2025-12-30 20:11:18] → Scraping 5337559
[2025-12-30 20:11:18] → Scraping 51065396
[2025-12-30 20:11:18] → Scraping 5562491
[2025-12-30 20:11:18] → Scraping 5437151
[2025-12-30 20:11:18] → Scraping 51073822
[2025-12-30 20:11:18] → Scraping 5370817
[2025-12-30 20:11:18] → Scraping 51073381
[2025-12-30 20:11:18] → Scraping 5712539
[2025-12-30 20:11:21] ✓ Saved 10 listings to CSV
[2025-12-30 20:11:21]   ✓ Batch: 10/10 saved
[2025-12-30 20:11:23] 
▶ Page 277
[2025-12-30 20:11:24] ✓ Found 30 listings
[2025-12-30 20:11:24] → Scraping 51081429
[2025-12-30 20:11:24] → Scraping 51110926
[2025-12-30 20:11:24] → Scraping 51013762
[2025-12-30 20:11:24] → Scraping 51065929
[2025-12-30 20:11:24] → Scraping 5712538
[2025-12-30 20:11:24] → Scraping 51078012
[2025-12-30 20:11:24] → Scraping 5712540
[2025-12-30 20:11:24] → Scraping 51064866
[2025-12-30 20:11:24] → Scraping 51093281
[2025-12-30 20:11:24] → Scraping 5310320
[2025-12-30 20:11:28] ✓ Saved 10 listings to CSV
[2025-12-30 20:11:28]   ✓ Batch: 10/10 saved
[2025-12-30 20:11:28] → Scraping 5959001
[2025-12-30 20:11:28] → Scraping 5712541
[2025-12-30 20:11:28] → Scraping 51063513
[2025-12-30 20:11:28] → Scraping 5712544
[2025-12-30 20:11:28] → Scraping 5578174
[2025-12-30 20:11:28] → Scraping 5446896
[2025-12-30 20:11:28] → Scraping 5318281
[2025-12-30 20:11:28] → Scraping 5383663
[2025-12-30 20:11:28] → Scraping 5383664
[2025-12-30 20:11:28] → Scraping 5712536
[2025-12-30 20:11:31] ✓ Saved 10 listings to CSV
[2025-12-30 20:11:31]   ✓ Batch: 10/10 saved
[2025-12-30 20:11:31] → Scraping 5383722
[2025-12-30 20:11:31] → Scraping 5237391
[2025-12-30 20:11:31] → Scraping 5999031
[2025-12-30 20:11:31] → Scraping 5620452
[2025-12-30 20:11:31] → Scraping 5418199
[2025-12-30 20:11:31] → Scraping 5993276
[2025-12-30 20:11:31] → Scraping 5232486
[2025-12-30 20:11:31] → Scraping 5394970
[2025-12-30 20:11:31] → Scraping 5260304
[2025-12-30 20:11:31] → Scraping 5793101
[2025-12-30 20:11:34] ✓ Saved 10 listings to CSV
[2025-12-30 20:11:34]   ✓ Batch: 10/10 saved
[2025-12-30 20:11:36] 
▶ Page 278
[2025-12-30 20:11:38] ✓ Found 30 listings
[2025-12-30 20:11:38] → Scraping 5437600
[2025-12-30 20:11:38] → Scraping 5395093
[2025-12-30 20:11:38] → Scraping 5712543
[2025-12-30 20:11:38] → Scraping 5370340
[2025-12-30 20:11:38] → Scraping 51021514
[2025-12-30 20:11:38] → Scraping 5395021
[2025-12-30 20:11:38] → Scraping 5469590
[2025-12-30 20:11:38] → Scraping 5426801
[2025-12-30 20:11:38] → Scraping 5392726
[2025-12-30 20:11:38] → Scraping 5331046
[2025-12-30 20:11:41] ✓ Saved 10 listings to CSV
[2025-12-30 20:11:41]   ✓ Batch: 10/10 saved
[2025-12-30 20:11:41] → Scraping 5427323
[2025-12-30 20:11:41] → Scraping 5620453
[2025-12-30 20:11:41] → Scraping 5553632
[2025-12-30 20:11:41] → Scraping 5331360
[2025-12-30 20:11:41] → Scraping 5620449
[2025-12-30 20:11:41] → Scraping 51014221
[2025-12-30 20:11:41] → Scraping 51074719
[2025-12-30 20:11:41] → Scraping 5427325
[2025-12-30 20:11:41] → Scraping 5331041
[2025-12-30 20:11:41] → Scraping 51050516
[2025-12-30 20:11:45] ✓ Saved 10 listings to CSV
[2025-12-30 20:11:45]   ✓ Batch: 10/10 saved
[2025-12-30 20:11:45] → Scraping 5604027
[2025-12-30 20:11:45] → Scraping 5481199
[2025-12-30 20:11:45] → Scraping 5426798
[2025-12-30 20:11:45] → Scraping 5621785
[2025-12-30 20:11:45] → Scraping 5175539
[2025-12-30 20:11:45] → Scraping 5331045
[2025-12-30 20:11:45] → Scraping 5621787
[2025-12-30 20:11:45] → Scraping 51050665
[2025-12-30 20:11:45] → Scraping 51043839
[2025-12-30 20:11:45] → Scraping 5657217
[2025-12-30 20:11:48] ✓ Saved 10 listings to CSV
[2025-12-30 20:11:48]   ✓ Batch: 10/10 saved
[2025-12-30 20:11:50] 
▶ Page 279
[2025-12-30 20:11:51] ✓ Found 30 listings
[2025-12-30 20:11:51] → Scraping 5282702
[2025-12-30 20:11:51] → Scraping 5343817
[2025-12-30 20:11:51] → Scraping 5589807
[2025-12-30 20:11:51] → Scraping 5339050
[2025-12-30 20:11:51] → Scraping 5407716
[2025-12-30 20:11:51] → Scraping 5343821
[2025-12-30 20:11:51] → Scraping 5331053
[2025-12-30 20:11:51] → Scraping 5493651
[2025-12-30 20:11:51] → Scraping 5657221
[2025-12-30 20:11:51] → Scraping 5604030
[2025-12-30 20:11:55] ✓ Saved 10 listings to CSV
[2025-12-30 20:11:55]   ✓ Batch: 10/10 saved
[2025-12-30 20:11:55] → Scraping 5604032
[2025-12-30 20:11:55] → Scraping 5426682
[2025-12-30 20:11:55] → Scraping 5621782
[2025-12-30 20:11:55] → Scraping 5977387
[2025-12-30 20:11:55] → Scraping 51055522
[2025-12-30 20:11:55] → Scraping 51043840
[2025-12-30 20:11:55] → Scraping 5604031
[2025-12-30 20:11:55] → Scraping 5343802
[2025-12-30 20:11:55] → Scraping 5562494
[2025-12-30 20:11:55] → Scraping 5407715
[2025-12-30 20:11:58] ✓ Saved 10 listings to CSV
[2025-12-30 20:11:58]   ✓ Batch: 10/10 saved
[2025-12-30 20:11:58] → Scraping 5604029
[2025-12-30 20:11:58] → Scraping 51107413
[2025-12-30 20:11:58] → Scraping 5532173
[2025-12-30 20:11:58] → Scraping 51104289
[2025-12-30 20:11:58] → Scraping 5493652
[2025-12-30 20:11:58] → Scraping 5560614
[2025-12-30 20:11:58] → Scraping 5993887
[2025-12-30 20:11:58] → Scraping 5428055
[2025-12-30 20:11:58] → Scraping 5437719
[2025-12-30 20:11:58] → Scraping 51104283
[2025-12-30 20:12:02] ✓ Saved 10 listings to CSV
[2025-12-30 20:12:02]   ✓ Batch: 10/10 saved
[2025-12-30 20:12:04] 
▶ Page 280
[2025-12-30 20:12:05] ✓ Found 30 listings
[2025-12-30 20:12:05] → Scraping 51104284
[2025-12-30 20:12:05] → Scraping 51104285
[2025-12-30 20:12:05] → Scraping 51104287
[2025-12-30 20:12:05] → Scraping 51104288
[2025-12-30 20:12:05] → Scraping 51104286
[2025-12-30 20:12:05] → Scraping 5331051
[2025-12-30 20:12:05] → Scraping 5547184
[2025-12-30 20:12:05] → Scraping 5234073
[2025-12-30 20:12:05] → Scraping 5563628
[2025-12-30 20:12:05] → Scraping 5293871
[2025-12-30 20:12:09] ✓ Saved 10 listings to CSV
[2025-12-30 20:12:09]   ✓ Batch: 10/10 saved
[2025-12-30 20:12:09] → Scraping 487061
[2025-12-30 20:12:09] → Scraping 51084997
[2025-12-30 20:12:09] → Scraping 51120937
[2025-12-30 20:12:09] → Scraping 51115676
[2025-12-30 20:12:09] → Scraping 51109632
[2025-12-30 20:12:09] → Scraping 51089576
[2025-12-30 20:12:09] → Scraping 51097306
[2025-12-30 20:12:09] → Scraping 51098440
[2025-12-30 20:12:09] → Scraping 51078240
[2025-12-30 20:12:09] → Scraping 51112109
[2025-12-30 20:12:13] ✓ Saved 10 listings to CSV
[2025-12-30 20:12:13]   ✓ Batch: 10/10 saved
[2025-12-30 20:12:13] → Scraping 51118967
[2025-12-30 20:12:13] → Scraping 51082056
[2025-12-30 20:12:13] → Scraping 51082057
[2025-12-30 20:12:13] → Scraping 51082055
[2025-12-30 20:12:13] → Scraping 51059689
[2025-12-30 20:12:13] → Scraping 51039777
[2025-12-30 20:12:13] → Scraping 51039779
[2025-12-30 20:12:13] → Scraping 51039781
[2025-12-30 20:12:13] → Scraping 51072651
[2025-12-30 20:12:13] → Scraping 51086308
[2025-12-30 20:12:16] ✓ Saved 10 listings to CSV
[2025-12-30 20:12:16]   ✓ Batch: 10/10 saved
[2025-12-30 20:12:18] 
▶ Page 281
[2025-12-30 20:12:19] ✓ Found 30 listings
[2025-12-30 20:12:19] → Scraping 51082577
[2025-12-30 20:12:19] → Scraping 51083283
[2025-12-30 20:12:19] → Scraping 51074052
[2025-12-30 20:12:19] → Scraping 51084012
[2025-12-30 20:12:19] → Scraping 51088609
[2025-12-30 20:12:19] → Scraping 51088028
[2025-12-30 20:12:19] → Scraping 51099196
[2025-12-30 20:12:19] → Scraping 51113895
[2025-12-30 20:12:19] → Scraping 51107621
[2025-12-30 20:12:19] → Scraping 51106914
[2025-12-30 20:12:23] ✓ Saved 10 listings to CSV
[2025-12-30 20:12:23]   ✓ Batch: 10/10 saved
[2025-12-30 20:12:23] → Scraping 51106850
[2025-12-30 20:12:23] → Scraping 51103524
[2025-12-30 20:12:23] → Scraping 51107251
[2025-12-30 20:12:23] → Scraping 51110005
[2025-12-30 20:12:23] → Scraping 51110677
[2025-12-30 20:12:23] → Scraping 51106004
[2025-12-30 20:12:23] → Scraping 51102292
[2025-12-30 20:12:23] → Scraping 5981133
[2025-12-30 20:12:23] → Scraping 51126474
[2025-12-30 20:12:23] → Scraping 51126487
[2025-12-30 20:12:27] ✓ Saved 10 listings to CSV
[2025-12-30 20:12:27]   ✓ Batch: 10/10 saved
[2025-12-30 20:12:27] → Scraping 51126493
[2025-12-30 20:12:27] → Scraping 51122977
[2025-12-30 20:12:27] → Scraping 51126504
[2025-12-30 20:12:27] → Scraping 51126534
[2025-12-30 20:12:27] → Scraping 51126543
[2025-12-30 20:12:27] → Scraping 51126545
[2025-12-30 20:12:27] → Scraping 5834908
[2025-12-30 20:12:27] → Scraping 51098849
[2025-12-30 20:12:27] → Scraping 51126633
[2025-12-30 20:12:27] → Scraping 51126727
[2025-12-30 20:12:31] ✓ Saved 10 listings to CSV
[2025-12-30 20:12:31]   ✓ Batch: 10/10 saved
[2025-12-30 20:12:33] 
▶ Page 282
[2025-12-30 20:12:34] ✓ Found 30 listings
[2025-12-30 20:12:34] → Scraping 51126738
[2025-12-30 20:12:34] → Scraping 51126740
[2025-12-30 20:12:34] → Scraping 51126744
[2025-12-30 20:12:34] → Scraping 51126764
[2025-12-30 20:12:34] → Scraping 51121884
[2025-12-30 20:12:34] → Scraping 51126781
[2025-12-30 20:12:34] → Scraping 51126788
[2025-12-30 20:12:34] → Scraping 51126546
[2025-12-30 20:12:34] → Scraping 51123845
[2025-12-30 20:12:34] → Scraping 51120231
[2025-12-30 20:12:38] ✓ Saved 10 listings to CSV
[2025-12-30 20:12:38]   ✓ Batch: 10/10 saved
[2025-12-30 20:12:38] → Scraping 51109606
[2025-12-30 20:12:38] → Scraping 51109683
[2025-12-30 20:12:38] → Scraping 51109605
[2025-12-30 20:12:38] → Scraping 51109595
[2025-12-30 20:12:38] → Scraping 51109597
[2025-12-30 20:12:38] → Scraping 51109598
[2025-12-30 20:12:38] → Scraping 51109593
[2025-12-30 20:12:38] → Scraping 51109542
[2025-12-30 20:12:38] → Scraping 51109541
[2025-12-30 20:12:38] → Scraping 51109486
[2025-12-30 20:12:41] ✓ Saved 10 listings to CSV
[2025-12-30 20:12:41]   ✓ Batch: 10/10 saved
[2025-12-30 20:12:41] → Scraping 51109235
[2025-12-30 20:12:41] → Scraping 51109233
[2025-12-30 20:12:41] → Scraping 51112840
[2025-12-30 20:12:41] → Scraping 51113086
[2025-12-30 20:12:41] → Scraping 51116357
[2025-12-30 20:12:41] → Scraping 51116263
[2025-12-30 20:12:41] → Scraping 51112842
[2025-12-30 20:12:41] → Scraping 51112629
[2025-12-30 20:12:41] → Scraping 51112267
[2025-12-30 20:12:41] → Scraping 51108835
[2025-12-30 20:12:45] ✓ Saved 10 listings to CSV
[2025-12-30 20:12:45]   ✓ Batch: 10/10 saved
[2025-12-30 20:12:47] 
▶ Page 283
[2025-12-30 20:12:48] ✓ Found 30 listings
[2025-12-30 20:12:48] → Scraping 51109980
[2025-12-30 20:12:48] → Scraping 51106915
[2025-12-30 20:12:48] → Scraping 51105880
[2025-12-30 20:12:48] → Scraping 51102246
[2025-12-30 20:12:48] → Scraping 51102476
[2025-12-30 20:12:48] → Scraping 51102938
[2025-12-30 20:12:48] → Scraping 51102589
[2025-12-30 20:12:48] → Scraping 51085469
[2025-12-30 20:12:48] → Scraping 51086677
[2025-12-30 20:12:48] → Scraping 51102941
[2025-12-30 20:12:52] ✓ Saved 10 listings to CSV
[2025-12-30 20:12:52]   ✓ Batch: 10/10 saved
[2025-12-30 20:12:52] → Scraping 51085472
[2025-12-30 20:12:52] → Scraping 51065860
[2025-12-30 20:12:52] → Scraping 51077012
[2025-12-30 20:12:52] → Scraping 51058853
[2025-12-30 20:12:52] → Scraping 51011383
[2025-12-30 20:12:52] → Scraping 51076201
[2025-12-30 20:12:52] → Scraping 51096595
[2025-12-30 20:12:52] → Scraping 51077013
[2025-12-30 20:12:52] → Scraping 51077001
[2025-12-30 20:12:52] → Scraping 51096559
[2025-12-30 20:12:55] ✓ Saved 10 listings to CSV
[2025-12-30 20:12:55]   ✓ Batch: 10/10 saved
[2025-12-30 20:12:55] → Scraping 51101552
[2025-12-30 20:12:55] → Scraping 51114508
[2025-12-30 20:12:55] → Scraping 51108197
[2025-12-30 20:12:55] → Scraping 51120744
[2025-12-30 20:12:55] → Scraping 51120743
[2025-12-30 20:12:55] → Scraping 51113502
[2025-12-30 20:12:55] → Scraping 51112812
[2025-12-30 20:12:55] → Scraping 51112811
[2025-12-30 20:12:55] → Scraping 51112758
[2025-12-30 20:12:55] → Scraping 51061640
[2025-12-30 20:12:59] ✓ Saved 10 listings to CSV
[2025-12-30 20:12:59]   ✓ Batch: 10/10 saved
[2025-12-30 20:13:01] 
▶ Page 284
[2025-12-30 20:13:03] ✓ Found 30 listings
[2025-12-30 20:13:03] → Scraping 51065520
[2025-12-30 20:13:03] → Scraping 51065518
[2025-12-30 20:13:03] → Scraping 51045805
[2025-12-30 20:13:03] → Scraping 51108006
[2025-12-30 20:13:03] → Scraping 51080406
[2025-12-30 20:13:03] → Scraping 51117471
[2025-12-30 20:13:03] → Scraping 51107985
[2025-12-30 20:13:03] → Scraping 51072123
[2025-12-30 20:13:03] → Scraping 51060649
[2025-12-30 20:13:03] → Scraping 51102315
[2025-12-30 20:13:06] ✓ Saved 10 listings to CSV
[2025-12-30 20:13:06]   ✓ Batch: 10/10 saved
[2025-12-30 20:13:06] → Scraping 51062534
[2025-12-30 20:13:06] → Scraping 51062156
[2025-12-30 20:13:06] → Scraping 51090702
[2025-12-30 20:13:06] → Scraping 51062157
[2025-12-30 20:13:06] → Scraping 51033332
[2025-12-30 20:13:06] → Scraping 51062158
[2025-12-30 20:13:06] → Scraping 51062159
[2025-12-30 20:13:06] → Scraping 51062161
[2025-12-30 20:13:06] → Scraping 51062162
[2025-12-30 20:13:06] → Scraping 51062164
[2025-12-30 20:13:10] ✓ Saved 10 listings to CSV
[2025-12-30 20:13:10]   ✓ Batch: 10/10 saved
[2025-12-30 20:13:10] → Scraping 51062182
[2025-12-30 20:13:10] → Scraping 51062529
[2025-12-30 20:13:10] → Scraping 51062530
[2025-12-30 20:13:10] → Scraping 51062531
[2025-12-30 20:13:10] → Scraping 51062536
[2025-12-30 20:13:10] → Scraping 51062532
[2025-12-30 20:13:10] → Scraping 51044613
[2025-12-30 20:13:10] → Scraping 51062535
[2025-12-30 20:13:10] → Scraping 51126686
[2025-12-30 20:13:10] → Scraping 51126687
[2025-12-30 20:13:14] ✓ Saved 10 listings to CSV
[2025-12-30 20:13:14]   ✓ Batch: 10/10 saved
[2025-12-30 20:13:16] 
▶ Page 285
[2025-12-30 20:13:17] ✓ Found 30 listings
[2025-12-30 20:13:17] → Scraping 51129639
[2025-12-30 20:13:17] → Scraping 51042429
[2025-12-30 20:13:17] → Scraping 51117378
[2025-12-30 20:13:17] → Scraping 51046934
[2025-12-30 20:13:17] → Scraping 51129638
[2025-12-30 20:13:17] → Scraping 137270
[2025-12-30 20:13:17] → Scraping 51129637
[2025-12-30 20:13:17] → Scraping 51129636
[2025-12-30 20:13:17] → Scraping 51129635
[2025-12-30 20:13:17] → Scraping 51129634
[2025-12-30 20:13:21] ✓ Saved 10 listings to CSV
[2025-12-30 20:13:21]   ✓ Batch: 10/10 saved
[2025-12-30 20:13:21] → Scraping 51129633
[2025-12-30 20:13:21] → Scraping 51129632
[2025-12-30 20:13:21] → Scraping 51129630
[2025-12-30 20:13:21] → Scraping 51098810
[2025-12-30 20:13:21] → Scraping 51111428
[2025-12-30 20:13:21] → Scraping 51129628
[2025-12-30 20:13:21] → Scraping 51129627
[2025-12-30 20:13:21] → Scraping 2640258
[2025-12-30 20:13:21] → Scraping 51129625
[2025-12-30 20:13:21] → Scraping 51129624
[2025-12-30 20:13:24] ✓ Saved 10 listings to CSV
[2025-12-30 20:13:24]   ✓ Batch: 10/10 saved
[2025-12-30 20:13:24] → Scraping 3239465
[2025-12-30 20:13:24] → Scraping 487089
[2025-12-30 20:13:24] → Scraping 5522690
[2025-12-30 20:13:24] → Scraping 51129623
[2025-12-30 20:13:24] → Scraping 51050930
[2025-12-30 20:13:24] → Scraping 51068303
[2025-12-30 20:13:24] → Scraping 51019331
[2025-12-30 20:13:24] → Scraping 5557932
[2025-12-30 20:13:24] → Scraping 5403254
[2025-12-30 20:13:24] → Scraping 5367650
[2025-12-30 20:13:28] ✓ Saved 10 listings to CSV
[2025-12-30 20:13:28]   ✓ Batch: 10/10 saved
[2025-12-30 20:13:30] 
▶ Page 286
[2025-12-30 20:13:31] ✓ Found 30 listings
[2025-12-30 20:13:31] → Scraping 5353814
[2025-12-30 20:13:31] → Scraping 51070076
[2025-12-30 20:13:31] → Scraping 5241062
[2025-12-30 20:13:31] → Scraping 5367623
[2025-12-30 20:13:31] → Scraping 5527993
[2025-12-30 20:13:31] → Scraping 5983696
[2025-12-30 20:13:31] → Scraping 51035325
[2025-12-30 20:13:31] → Scraping 5956767
[2025-12-30 20:13:31] → Scraping 5675037
[2025-12-30 20:13:31] → Scraping 51070078
[2025-12-30 20:13:35] ✓ Saved 10 listings to CSV
[2025-12-30 20:13:35]   ✓ Batch: 10/10 saved
[2025-12-30 20:13:35] → Scraping 5355220
[2025-12-30 20:13:35] → Scraping 51054582
[2025-12-30 20:13:35] → Scraping 5675496
[2025-12-30 20:13:35] → Scraping 5238041
[2025-12-30 20:13:35] → Scraping 51054578
[2025-12-30 20:13:35] → Scraping 51035319
[2025-12-30 20:13:35] → Scraping 5974110
[2025-12-30 20:13:35] → Scraping 51129622
[2025-12-30 20:13:35] → Scraping 5542396
[2025-12-30 20:13:35] → Scraping 51129621
[2025-12-30 20:13:38] ✓ Saved 10 listings to CSV
[2025-12-30 20:13:38]   ✓ Batch: 10/10 saved
[2025-12-30 20:13:38] → Scraping 5392728
[2025-12-30 20:13:38] → Scraping 51129620
[2025-12-30 20:13:38] → Scraping 2640257
[2025-12-30 20:13:38] → Scraping 2640256
[2025-12-30 20:13:38] → Scraping 51129619
[2025-12-30 20:13:38] → Scraping 51129618
[2025-12-30 20:13:38] → Scraping 51014572
[2025-12-30 20:13:38] → Scraping 51014570
[2025-12-30 20:13:38] → Scraping 51014389
[2025-12-30 20:13:38] → Scraping 51034747
[2025-12-30 20:13:42] ✓ Saved 10 listings to CSV
[2025-12-30 20:13:42]   ✓ Batch: 10/10 saved
[2025-12-30 20:13:44] 
▶ Page 287
[2025-12-30 20:13:45] ✓ Found 30 listings
[2025-12-30 20:13:45] → Scraping 51129617
[2025-12-30 20:13:45] → Scraping 51034744
[2025-12-30 20:13:45] → Scraping 51034746
[2025-12-30 20:13:45] → Scraping 51129616
[2025-12-30 20:13:45] → Scraping 51034748
[2025-12-30 20:13:45] → Scraping 51014571
[2025-12-30 20:13:45] → Scraping 51034758
[2025-12-30 20:13:45] → Scraping 51034749
[2025-12-30 20:13:45] → Scraping 51034754
[2025-12-30 20:13:45] → Scraping 51034793
[2025-12-30 20:13:49] ✓ Saved 10 listings to CSV
[2025-12-30 20:13:49]   ✓ Batch: 10/10 saved
[2025-12-30 20:13:49] → Scraping 51034759
[2025-12-30 20:13:49] → Scraping 51013167
[2025-12-30 20:13:49] → Scraping 51034756
[2025-12-30 20:13:49] → Scraping 51034757
[2025-12-30 20:13:49] → Scraping 51013249
[2025-12-30 20:13:49] → Scraping 51013247
[2025-12-30 20:13:49] → Scraping 51028937
[2025-12-30 20:13:49] → Scraping 51085622
[2025-12-30 20:13:49] → Scraping 51085615
[2025-12-30 20:13:49] → Scraping 51085620
[2025-12-30 20:13:52] ✓ Saved 10 listings to CSV
[2025-12-30 20:13:52]   ✓ Batch: 10/10 saved
[2025-12-30 20:13:52] → Scraping 51085619
[2025-12-30 20:13:52] → Scraping 51085618
[2025-12-30 20:13:52] → Scraping 51129615
[2025-12-30 20:13:52] → Scraping 51085617
[2025-12-30 20:13:52] → Scraping 51085616
[2025-12-30 20:13:52] → Scraping 51085613
[2025-12-30 20:13:52] → Scraping 51129614
[2025-12-30 20:13:52] → Scraping 51085612
[2025-12-30 20:13:52] → Scraping 51035290
[2025-12-30 20:13:52] → Scraping 51035304
[2025-12-30 20:13:56] ✓ Saved 10 listings to CSV
[2025-12-30 20:13:56]   ✓ Batch: 10/10 saved
[2025-12-30 20:13:58] 
▶ Page 288
[2025-12-30 20:13:59] ✓ Found 30 listings
[2025-12-30 20:13:59] → Scraping 51129613
[2025-12-30 20:13:59] → Scraping 51035287
[2025-12-30 20:13:59] → Scraping 51042530
[2025-12-30 20:13:59] → Scraping 51013477
[2025-12-30 20:13:59] → Scraping 51035286
[2025-12-30 20:13:59] → Scraping 51035284
[2025-12-30 20:13:59] → Scraping 51035276
[2025-12-30 20:13:59] → Scraping 51035282
[2025-12-30 20:13:59] → Scraping 51129612
[2025-12-30 20:13:59] → Scraping 51029511
[2025-12-30 20:14:03] ✓ Saved 10 listings to CSV
[2025-12-30 20:14:03]   ✓ Batch: 10/10 saved
[2025-12-30 20:14:03] → Scraping 51029518
[2025-12-30 20:14:03] → Scraping 51029519
[2025-12-30 20:14:03] → Scraping 51029514
[2025-12-30 20:14:03] → Scraping 51029742
[2025-12-30 20:14:03] → Scraping 51029721
[2025-12-30 20:14:03] → Scraping 51029725
[2025-12-30 20:14:03] → Scraping 51029516
[2025-12-30 20:14:03] → Scraping 51029743
[2025-12-30 20:14:03] → Scraping 51029724
[2025-12-30 20:14:03] → Scraping 51029746
[2025-12-30 20:14:07] ✓ Saved 10 listings to CSV
[2025-12-30 20:14:07]   ✓ Batch: 10/10 saved
[2025-12-30 20:14:07] → Scraping 51035288
[2025-12-30 20:14:07] → Scraping 51029745
[2025-12-30 20:14:07] → Scraping 51029766
[2025-12-30 20:14:07] → Scraping 51129611
[2025-12-30 20:14:07] → Scraping 51029747
[2025-12-30 20:14:07] → Scraping 51029765
[2025-12-30 20:14:07] → Scraping 51029768
[2025-12-30 20:14:07] → Scraping 51129610
[2025-12-30 20:14:07] → Scraping 51029767
[2025-12-30 20:14:07] → Scraping 51027984
[2025-12-30 20:14:11] ✓ Saved 10 listings to CSV
[2025-12-30 20:14:11]   ✓ Batch: 10/10 saved
[2025-12-30 20:14:13] 
▶ Page 289
[2025-12-30 20:14:14] ✓ Found 30 listings
[2025-12-30 20:14:14] → Scraping 51028036
[2025-12-30 20:14:14] → Scraping 51027986
[2025-12-30 20:14:14] → Scraping 51028039
[2025-12-30 20:14:14] → Scraping 51027993
[2025-12-30 20:14:14] → Scraping 51028040
[2025-12-30 20:14:14] → Scraping 51028446
[2025-12-30 20:14:14] → Scraping 51028037
[2025-12-30 20:14:14] → Scraping 51027982
[2025-12-30 20:14:14] → Scraping 51028490
[2025-12-30 20:14:14] → Scraping 51027991
[2025-12-30 20:14:18] ✓ Saved 10 listings to CSV
[2025-12-30 20:14:18]   ✓ Batch: 10/10 saved
[2025-12-30 20:14:18] → Scraping 51028458
[2025-12-30 20:14:18] → Scraping 51028444
[2025-12-30 20:14:18] → Scraping 51027990
[2025-12-30 20:14:18] → Scraping 51028452
[2025-12-30 20:14:18] → Scraping 51028456
[2025-12-30 20:14:18] → Scraping 51028443
[2025-12-30 20:14:18] → Scraping 51028449
[2025-12-30 20:14:18] → Scraping 51028453
[2025-12-30 20:14:18] → Scraping 51028466
[2025-12-30 20:14:18] → Scraping 51028464
[2025-12-30 20:14:21] ✓ Saved 10 listings to CSV
[2025-12-30 20:14:21]   ✓ Batch: 10/10 saved
[2025-12-30 20:14:21] → Scraping 51028489
[2025-12-30 20:14:21] → Scraping 51028492
[2025-12-30 20:14:21] → Scraping 51028493
[2025-12-30 20:14:21] → Scraping 51028460
[2025-12-30 20:14:21] → Scraping 51028606
[2025-12-30 20:14:21] → Scraping 51028605
[2025-12-30 20:14:21] → Scraping 51028608
[2025-12-30 20:14:21] → Scraping 51028604
[2025-12-30 20:14:21] → Scraping 51028609
[2025-12-30 20:14:21] → Scraping 51033186
[2025-12-30 20:14:25] ✓ Saved 10 listings to CSV
[2025-12-30 20:14:25]   ✓ Batch: 10/10 saved
[2025-12-30 20:14:27] 
▶ Page 290
[2025-12-30 20:14:29] ✓ Found 30 listings
[2025-12-30 20:14:29] → Scraping 51028611
[2025-12-30 20:14:29] → Scraping 51036071
[2025-12-30 20:14:29] → Scraping 51028615
[2025-12-30 20:14:29] → Scraping 51028616
[2025-12-30 20:14:29] → Scraping 51021828
[2025-12-30 20:14:29] → Scraping 51036073
[2025-12-30 20:14:29] → Scraping 51036069
[2025-12-30 20:14:29] → Scraping 51020153
[2025-12-30 20:14:29] → Scraping 51020152
[2025-12-30 20:14:29] → Scraping 51028465
[2025-12-30 20:14:32] ✓ Saved 10 listings to CSV
[2025-12-30 20:14:32]   ✓ Batch: 10/10 saved
[2025-12-30 20:14:32] → Scraping 51036066
[2025-12-30 20:14:32] → Scraping 51036072
[2025-12-30 20:14:32] → Scraping 51020148
[2025-12-30 20:14:32] → Scraping 51029416
[2025-12-30 20:14:32] → Scraping 51020146
[2025-12-30 20:14:32] → Scraping 51019873
[2025-12-30 20:14:32] → Scraping 51036060
[2025-12-30 20:14:32] → Scraping 51033478
[2025-12-30 20:14:32] → Scraping 51028610
[2025-12-30 20:14:32] → Scraping 51033188
[2025-12-30 20:14:36] ✓ Saved 10 listings to CSV
[2025-12-30 20:14:36]   ✓ Batch: 10/10 saved
[2025-12-30 20:14:36] → Scraping 51036062
[2025-12-30 20:14:36] → Scraping 51036064
[2025-12-30 20:14:36] → Scraping 51036070
[2025-12-30 20:14:36] → Scraping 51057950
[2025-12-30 20:14:36] → Scraping 51057891
[2025-12-30 20:14:36] → Scraping 51101281
[2025-12-30 20:14:36] → Scraping 51028607
[2025-12-30 20:14:36] → Scraping 51036065
[2025-12-30 20:14:36] → Scraping 51029769
[2025-12-30 20:14:36] → Scraping 51029771
[2025-12-30 20:14:40] ✓ Saved 10 listings to CSV
[2025-12-30 20:14:40]   ✓ Batch: 10/10 saved
[2025-12-30 20:14:42] 
▶ Page 291
[2025-12-30 20:14:43] ✓ Found 30 listings
[2025-12-30 20:14:43] → Scraping 51029770
[2025-12-30 20:14:43] → Scraping 51029773
[2025-12-30 20:14:43] → Scraping 51029995
[2025-12-30 20:14:43] → Scraping 51020341
[2025-12-30 20:14:43] → Scraping 51020461
[2025-12-30 20:14:43] → Scraping 51020462
[2025-12-30 20:14:43] → Scraping 51020145
[2025-12-30 20:14:43] → Scraping 51020523
[2025-12-30 20:14:43] → Scraping 51020525
[2025-12-30 20:14:43] → Scraping 51057951
[2025-12-30 20:14:47] ✓ Saved 10 listings to CSV
[2025-12-30 20:14:47]   ✓ Batch: 10/10 saved
[2025-12-30 20:14:47] → Scraping 51057889
[2025-12-30 20:14:47] → Scraping 51101328
[2025-12-30 20:14:47] → Scraping 51101331
[2025-12-30 20:14:47] → Scraping 51101330
[2025-12-30 20:14:47] → Scraping 51101333
[2025-12-30 20:14:47] → Scraping 51101334
[2025-12-30 20:14:47] → Scraping 51101336
[2025-12-30 20:14:47] → Scraping 51085904
[2025-12-30 20:14:47] → Scraping 51085902
[2025-12-30 20:14:47] → Scraping 51085900
[2025-12-30 20:14:50] ✓ Saved 10 listings to CSV
[2025-12-30 20:14:50]   ✓ Batch: 10/10 saved
[2025-12-30 20:14:50] → Scraping 51085899
[2025-12-30 20:14:50] → Scraping 51069462
[2025-12-30 20:14:50] → Scraping 51069467
[2025-12-30 20:14:50] → Scraping 51069463
[2025-12-30 20:14:50] → Scraping 51069928
[2025-12-30 20:14:50] → Scraping 2640253
[2025-12-30 20:14:50] → Scraping 51129609
[2025-12-30 20:14:50] → Scraping 51069927
[2025-12-30 20:14:50] → Scraping 51069926
[2025-12-30 20:14:50] → Scraping 2640252
[2025-12-30 20:14:54] ✓ Saved 10 listings to CSV
[2025-12-30 20:14:54]   ✓ Batch: 10/10 saved
[2025-12-30 20:14:56] 
▶ Page 292
[2025-12-30 20:14:57] ✓ Found 30 listings
[2025-12-30 20:14:57] → Scraping 51120856
[2025-12-30 20:14:57] → Scraping 51129608
[2025-12-30 20:14:57] → Scraping 51129607
[2025-12-30 20:14:57] → Scraping 51129606
[2025-12-30 20:14:57] → Scraping 51129605
[2025-12-30 20:14:57] → Scraping 2640251
[2025-12-30 20:14:57] → Scraping 2640249
[2025-12-30 20:14:57] → Scraping 2640248
[2025-12-30 20:14:57] → Scraping 2640247
[2025-12-30 20:14:57] → Scraping 2640246
[2025-12-30 20:15:01] ✓ Saved 10 listings to CSV
[2025-12-30 20:15:01]   ✓ Batch: 10/10 saved
[2025-12-30 20:15:01] → Scraping 51069923
[2025-12-30 20:15:01] → Scraping 51020527
[2025-12-30 20:15:01] → Scraping 51019865
[2025-12-30 20:15:01] → Scraping 51057887
[2025-12-30 20:15:01] → Scraping 51069921
[2025-12-30 20:15:01] → Scraping 51057890
[2025-12-30 20:15:01] → Scraping 51069922
[2025-12-30 20:15:01] → Scraping 51069920
[2025-12-30 20:15:01] → Scraping 2640245
[2025-12-30 20:15:01] → Scraping 51069915
[2025-12-30 20:15:05] ✓ Saved 10 listings to CSV
[2025-12-30 20:15:05]   ✓ Batch: 10/10 saved
[2025-12-30 20:15:05] → Scraping 51069917
[2025-12-30 20:15:05] → Scraping 51069914
[2025-12-30 20:15:05] → Scraping 51069911
[2025-12-30 20:15:05] → Scraping 51069910
[2025-12-30 20:15:05] → Scraping 51069909
[2025-12-30 20:15:05] → Scraping 51069908
[2025-12-30 20:15:05] → Scraping 51069907
[2025-12-30 20:15:05] → Scraping 51069906
[2025-12-30 20:15:05] → Scraping 51069904
[2025-12-30 20:15:05] → Scraping 51074018
[2025-12-30 20:15:08] ✓ Saved 10 listings to CSV
[2025-12-30 20:15:08]   ✓ Batch: 10/10 saved
[2025-12-30 20:15:10] 
▶ Page 293
[2025-12-30 20:15:12] ✓ Found 30 listings
[2025-12-30 20:15:12] → Scraping 51074019
[2025-12-30 20:15:12] → Scraping 51069492
[2025-12-30 20:15:12] → Scraping 2640244
[2025-12-30 20:15:12] → Scraping 51129600
[2025-12-30 20:15:12] → Scraping 51129599
[2025-12-30 20:15:12] → Scraping 2640243
[2025-12-30 20:15:12] → Scraping 51129598
[2025-12-30 20:15:12] → Scraping 2640242
[2025-12-30 20:15:12] → Scraping 51129595
[2025-12-30 20:15:12] → Scraping 51129593
[2025-12-30 20:15:15] ✓ Saved 10 listings to CSV
[2025-12-30 20:15:15]   ✓ Batch: 10/10 saved
[2025-12-30 20:15:15] → Scraping 51129592
[2025-12-30 20:15:15] → Scraping 2640241
[2025-12-30 20:15:15] → Scraping 2640240
[2025-12-30 20:15:15] → Scraping 136329
[2025-12-30 20:15:15] → Scraping 2640239
[2025-12-30 20:15:15] → Scraping 2640238
[2025-12-30 20:15:15] → Scraping 5914010
[2025-12-30 20:15:15] → Scraping 5918639
[2025-12-30 20:15:15] → Scraping 5773210
[2025-12-30 20:15:15] → Scraping 5797253
[2025-12-30 20:15:19] ✓ Saved 10 listings to CSV
[2025-12-30 20:15:19]   ✓ Batch: 10/10 saved
[2025-12-30 20:15:19] → Scraping 51116963
[2025-12-30 20:15:19] → Scraping 5768015
[2025-12-30 20:15:19] → Scraping 5808633
[2025-12-30 20:15:19] → Scraping 5801029
[2025-12-30 20:15:19] → Scraping 2638619
[2025-12-30 20:15:19] → Scraping 2640237
[2025-12-30 20:15:19] → Scraping 2640236
[2025-12-30 20:15:19] → Scraping 2640235
[2025-12-30 20:15:19] → Scraping 2640234
[2025-12-30 20:15:19] → Scraping 3239763
[2025-12-30 20:15:22] ✓ Saved 10 listings to CSV
[2025-12-30 20:15:22]   ✓ Batch: 10/10 saved
[2025-12-30 20:15:24] 
▶ Page 294
[2025-12-30 20:15:26] ✓ Found 30 listings
[2025-12-30 20:15:26] → Scraping 2640233
[2025-12-30 20:15:26] → Scraping 51129591
[2025-12-30 20:15:26] → Scraping 51129590
[2025-12-30 20:15:26] → Scraping 51119062
[2025-12-30 20:15:26] → Scraping 51126765
[2025-12-30 20:15:26] → Scraping 2640232
[2025-12-30 20:15:26] → Scraping 51129589
[2025-12-30 20:15:26] → Scraping 51129588
[2025-12-30 20:15:26] → Scraping 2640231
[2025-12-30 20:15:26] → Scraping 2640230
[2025-12-30 20:15:29] ✓ Saved 10 listings to CSV
[2025-12-30 20:15:29]   ✓ Batch: 10/10 saved
[2025-12-30 20:15:29] → Scraping 2640229
[2025-12-30 20:15:29] → Scraping 2635724
[2025-12-30 20:15:29] → Scraping 2640228
[2025-12-30 20:15:29] → Scraping 5901042
[2025-12-30 20:15:29] → Scraping 2640227
[2025-12-30 20:15:29] → Scraping 2640226
[2025-12-30 20:15:29] → Scraping 51085174
[2025-12-30 20:15:29] → Scraping 2640225
[2025-12-30 20:15:29] → Scraping 2640224
[2025-12-30 20:15:29] → Scraping 2640223
[2025-12-30 20:15:33] ✓ Saved 10 listings to CSV
[2025-12-30 20:15:33]   ✓ Batch: 10/10 saved
[2025-12-30 20:15:33] → Scraping 2640221
[2025-12-30 20:15:33] → Scraping 51129587
[2025-12-30 20:15:33] → Scraping 2640220
[2025-12-30 20:15:33] → Scraping 51121212
[2025-12-30 20:15:33] → Scraping 2640219
[2025-12-30 20:15:33] → Scraping 2640218
[2025-12-30 20:15:33] → Scraping 2635631
[2025-12-30 20:15:33] → Scraping 2635639
[2025-12-30 20:15:33] → Scraping 2635765
[2025-12-30 20:15:33] → Scraping 2635756
[2025-12-30 20:15:37] ✓ Saved 10 listings to CSV
[2025-12-30 20:15:37]   ✓ Batch: 10/10 saved
[2025-12-30 20:15:39] 
▶ Page 295
[2025-12-30 20:15:40] ✓ Found 30 listings
[2025-12-30 20:15:40] → Scraping 2636426
[2025-12-30 20:15:40] → Scraping 2637991
[2025-12-30 20:15:40] → Scraping 2640216
[2025-12-30 20:15:40] → Scraping 2638003
[2025-12-30 20:15:40] → Scraping 2638008
[2025-12-30 20:15:40] → Scraping 2638047
[2025-12-30 20:15:40] → Scraping 2638082
[2025-12-30 20:15:40] → Scraping 2638091
[2025-12-30 20:15:40] → Scraping 2638295
[2025-12-30 20:15:40] → Scraping 2638298
[2025-12-30 20:15:43] ✓ Saved 10 listings to CSV
[2025-12-30 20:15:43]   ✓ Batch: 10/10 saved
[2025-12-30 20:15:43] → Scraping 2638551
[2025-12-30 20:15:43] → Scraping 2640215
[2025-12-30 20:15:43] → Scraping 2640214
[2025-12-30 20:15:43] → Scraping 2640213
[2025-12-30 20:15:43] → Scraping 2640212
[2025-12-30 20:15:43] → Scraping 51129586
[2025-12-30 20:15:43] → Scraping 51115612
[2025-12-30 20:15:43] → Scraping 2640211
[2025-12-30 20:15:43] → Scraping 2640210
[2025-12-30 20:15:43] → Scraping 51129583
[2025-12-30 20:15:47] ✓ Saved 10 listings to CSV
[2025-12-30 20:15:47]   ✓ Batch: 10/10 saved
[2025-12-30 20:15:47] → Scraping 51129582
[2025-12-30 20:15:47] → Scraping 51129581
[2025-12-30 20:15:47] → Scraping 51123749
[2025-12-30 20:15:47] → Scraping 51129580
[2025-12-30 20:15:47] → Scraping 51129578
[2025-12-30 20:15:47] → Scraping 51129577
[2025-12-30 20:15:47] → Scraping 51093675
[2025-12-30 20:15:47] → Scraping 2306600
[2025-12-30 20:15:47] → Scraping 2640208
[2025-12-30 20:15:47] → Scraping 51126729
[2025-12-30 20:15:51] ✓ Saved 10 listings to CSV
[2025-12-30 20:15:51]   ✓ Batch: 10/10 saved
[2025-12-30 20:15:53] 
▶ Page 296
[2025-12-30 20:15:54] ✓ Found 30 listings
[2025-12-30 20:15:54] → Scraping 51120896
[2025-12-30 20:15:54] → Scraping 51120734
[2025-12-30 20:15:54] → Scraping 51068781
[2025-12-30 20:15:54] → Scraping 51043993
[2025-12-30 20:15:54] → Scraping 51044580
[2025-12-30 20:15:54] → Scraping 51056242
[2025-12-30 20:15:54] → Scraping 51106636
[2025-12-30 20:15:54] → Scraping 51129576
[2025-12-30 20:15:54] → Scraping 51129575
[2025-12-30 20:15:54] → Scraping 51129574
[2025-12-30 20:15:58] ✓ Saved 10 listings to CSV
[2025-12-30 20:15:58]   ✓ Batch: 10/10 saved
[2025-12-30 20:15:58] → Scraping 51129573
[2025-12-30 20:15:58] → Scraping 51129572
[2025-12-30 20:15:58] → Scraping 51129571
[2025-12-30 20:15:58] → Scraping 51098437
[2025-12-30 20:15:58] → Scraping 51084950
[2025-12-30 20:15:58] → Scraping 51084948
[2025-12-30 20:15:58] → Scraping 51114515
[2025-12-30 20:15:58] → Scraping 51129570
[2025-12-30 20:15:58] → Scraping 51129569
[2025-12-30 20:15:58] → Scraping 51123721
[2025-12-30 20:16:01] ✓ Saved 10 listings to CSV
[2025-12-30 20:16:01]   ✓ Batch: 10/10 saved
[2025-12-30 20:16:01] → Scraping 51123717
[2025-12-30 20:16:01] → Scraping 51123719
[2025-12-30 20:16:01] → Scraping 51123715
[2025-12-30 20:16:01] → Scraping 51119835
[2025-12-30 20:16:01] → Scraping 51120707
[2025-12-30 20:16:01] → Scraping 51057367
[2025-12-30 20:16:01] → Scraping 51062385
[2025-12-30 20:16:01] → Scraping 51080407
[2025-12-30 20:16:01] → Scraping 51107956
[2025-12-30 20:16:01] → Scraping 51107329
[2025-12-30 20:16:05] ✓ Saved 10 listings to CSV
[2025-12-30 20:16:05]   ✓ Batch: 10/10 saved
[2025-12-30 20:16:07] 
▶ Page 297
[2025-12-30 20:16:09] ✓ Found 30 listings
[2025-12-30 20:16:09] → Scraping 51107327
[2025-12-30 20:16:09] → Scraping 51043315
[2025-12-30 20:16:09] → Scraping 51026092
[2025-12-30 20:16:09] → Scraping 51039151
[2025-12-30 20:16:09] → Scraping 51062868
[2025-12-30 20:16:09] → Scraping 5983477
[2025-12-30 20:16:09] → Scraping 51109183
[2025-12-30 20:16:09] → Scraping 51129568
[2025-12-30 20:16:09] → Scraping 51129567
[2025-12-30 20:16:09] → Scraping 51129566
[2025-12-30 20:16:12] ✓ Saved 10 listings to CSV
[2025-12-30 20:16:12]   ✓ Batch: 10/10 saved
[2025-12-30 20:16:12] → Scraping 51129565
[2025-12-30 20:16:12] → Scraping 51129564
[2025-12-30 20:16:12] → Scraping 51129563
[2025-12-30 20:16:12] → Scraping 51129562
[2025-12-30 20:16:12] → Scraping 51092232
[2025-12-30 20:16:12] → Scraping 51075336
[2025-12-30 20:16:12] → Scraping 51115756
[2025-12-30 20:16:12] → Scraping 51093589
[2025-12-30 20:16:12] → Scraping 51118892
[2025-12-30 20:16:12] → Scraping 51087783
[2025-12-30 20:16:16] ✓ Saved 10 listings to CSV
[2025-12-30 20:16:16]   ✓ Batch: 10/10 saved
[2025-12-30 20:16:16] → Scraping 51119955
[2025-12-30 20:16:16] → Scraping 51129561
[2025-12-30 20:16:16] → Scraping 51129560
[2025-12-30 20:16:16] → Scraping 51080073
[2025-12-30 20:16:16] → Scraping 51065178
[2025-12-30 20:16:16] → Scraping 51069184
[2025-12-30 20:16:16] → Scraping 5938160
[2025-12-30 20:16:16] → Scraping 51062226
[2025-12-30 20:16:16] → Scraping 51035089
[2025-12-30 20:16:16] → Scraping 51058504
[2025-12-30 20:16:19] ✓ Saved 10 listings to CSV
[2025-12-30 20:16:19]   ✓ Batch: 10/10 saved
[2025-12-30 20:16:21] 
▶ Page 298
[2025-12-30 20:16:23] ✓ Found 30 listings
[2025-12-30 20:16:23] → Scraping 5575008
[2025-12-30 20:16:23] → Scraping 5355227
[2025-12-30 20:16:23] → Scraping 51062538
[2025-12-30 20:16:23] → Scraping 51034843
[2025-12-30 20:16:23] → Scraping 51005041
[2025-12-30 20:16:23] → Scraping 51018800
[2025-12-30 20:16:23] → Scraping 5991043
[2025-12-30 20:16:23] → Scraping 5997812
[2025-12-30 20:16:23] → Scraping 51018799
[2025-12-30 20:16:23] → Scraping 5353525
[2025-12-30 20:16:26] ✓ Saved 10 listings to CSV
[2025-12-30 20:16:26]   ✓ Batch: 10/10 saved
[2025-12-30 20:16:26] → Scraping 51005044
[2025-12-30 20:16:26] → Scraping 51062698
[2025-12-30 20:16:26] → Scraping 51058546
[2025-12-30 20:16:26] → Scraping 51054125
[2025-12-30 20:16:26] → Scraping 51004791
[2025-12-30 20:16:26] → Scraping 5997821
[2025-12-30 20:16:26] → Scraping 5236790
[2025-12-30 20:16:26] → Scraping 5456340
[2025-12-30 20:16:26] → Scraping 51129559
[2025-12-30 20:16:26] → Scraping 51129558
[2025-12-30 20:16:30] ✓ Saved 10 listings to CSV
[2025-12-30 20:16:30]   ✓ Batch: 10/10 saved
[2025-12-30 20:16:30] → Scraping 51129557
[2025-12-30 20:16:30] → Scraping 51129556
[2025-12-30 20:16:30] → Scraping 2640207
[2025-12-30 20:16:30] → Scraping 2640206
[2025-12-30 20:16:30] → Scraping 51129554
[2025-12-30 20:16:30] → Scraping 51129553
[2025-12-30 20:16:30] → Scraping 2640205
[2025-12-30 20:16:30] → Scraping 2640204
[2025-12-30 20:16:30] → Scraping 51124832
[2025-12-30 20:16:30] → Scraping 51113737
[2025-12-30 20:16:33] ✓ Saved 10 listings to CSV
[2025-12-30 20:16:33]   ✓ Batch: 10/10 saved
[2025-12-30 20:16:35] 
▶ Page 299
[2025-12-30 20:16:36] ✓ Found 30 listings
[2025-12-30 20:16:36] → Scraping 2640203
[2025-12-30 20:16:36] → Scraping 2640202
[2025-12-30 20:16:36] → Scraping 51129551
[2025-12-30 20:16:36] → Scraping 51129550
[2025-12-30 20:16:36] → Scraping 51129549
[2025-12-30 20:16:36] → Scraping 51119918
[2025-12-30 20:16:36] → Scraping 51062627
[2025-12-30 20:16:36] → Scraping 51059768
[2025-12-30 20:16:36] → Scraping 51129548
[2025-12-30 20:16:36] → Scraping 51129547
[2025-12-30 20:16:40] ✓ Saved 10 listings to CSV
[2025-12-30 20:16:40]   ✓ Batch: 10/10 saved
[2025-12-30 20:16:40] → Scraping 51129546
[2025-12-30 20:16:40] → Scraping 2640201
[2025-12-30 20:16:40] → Scraping 2640200
[2025-12-30 20:16:40] → Scraping 2640199
[2025-12-30 20:16:40] → Scraping 51129545
[2025-12-30 20:16:40] → Scraping 51129544
[2025-12-30 20:16:40] → Scraping 51129543
[2025-12-30 20:16:40] → Scraping 51113778
[2025-12-30 20:16:40] → Scraping 51129542
[2025-12-30 20:16:40] → Scraping 2638391
[2025-12-30 20:16:43] ✓ Saved 10 listings to CSV
[2025-12-30 20:16:43]   ✓ Batch: 10/10 saved
[2025-12-30 20:16:43] → Scraping 51129541
[2025-12-30 20:16:43] → Scraping 51129540
[2025-12-30 20:16:43] → Scraping 51129539
[2025-12-30 20:16:43] → Scraping 51098431
[2025-12-30 20:16:43] → Scraping 51129537
[2025-12-30 20:16:43] → Scraping 51129536
[2025-12-30 20:16:43] → Scraping 51129535
[2025-12-30 20:16:43] → Scraping 51129534
[2025-12-30 20:16:43] → Scraping 51117716
[2025-12-30 20:16:43] → Scraping 2640198
[2025-12-30 20:16:47] ✓ Saved 10 listings to CSV
[2025-12-30 20:16:47]   ✓ Batch: 10/10 saved
[2025-12-30 20:16:49] 
▶ Page 300
[2025-12-30 20:16:51] ✓ Found 30 listings
[2025-12-30 20:16:51] → Scraping 51129533
[2025-12-30 20:16:51] → Scraping 2640197
[2025-12-30 20:16:51] → Scraping 2640196
[2025-12-30 20:16:51] → Scraping 2640195
[2025-12-30 20:16:51] → Scraping 2640194
[2025-12-30 20:16:51] → Scraping 51099846
[2025-12-30 20:16:51] → Scraping 2640193
[2025-12-30 20:16:51] → Scraping 2640191
[2025-12-30 20:16:51] → Scraping 51129532
[2025-12-30 20:16:51] → Scraping 2640189
[2025-12-30 20:16:54] ✓ Saved 10 listings to CSV
[2025-12-30 20:16:54]   ✓ Batch: 10/10 saved
[2025-12-30 20:16:54] → Scraping 2640187
[2025-12-30 20:16:54] → Scraping 51113106
[2025-12-30 20:16:54] → Scraping 2640186
[2025-12-30 20:16:54] → Scraping 2640185
[2025-12-30 20:16:54] → Scraping 2640184
[2025-12-30 20:16:54] → Scraping 51129531
[2025-12-30 20:16:54] → Scraping 51129530
[2025-12-30 20:16:54] → Scraping 2640183
[2025-12-30 20:16:54] → Scraping 51129529
[2025-12-30 20:16:54] → Scraping 2640181
[2025-12-30 20:16:58] ✓ Saved 10 listings to CSV
[2025-12-30 20:16:58]   ✓ Batch: 10/10 saved
[2025-12-30 20:16:58] → Scraping 2640180
[2025-12-30 20:16:58] → Scraping 2628783
[2025-12-30 20:16:58] → Scraping 2640179
[2025-12-30 20:16:58] → Scraping 51129528
[2025-12-30 20:16:58] → Scraping 2640178
[2025-12-30 20:16:58] → Scraping 51125257
[2025-12-30 20:16:58] → Scraping 51098703
[2025-12-30 20:16:58] → Scraping 51088169
[2025-12-30 20:16:58] → Scraping 51115822
[2025-12-30 20:16:58] → Scraping 51104760
[2025-12-30 20:17:01] ✓ Saved 10 listings to CSV
[2025-12-30 20:17:01]   ✓ Batch: 10/10 saved
[2025-12-30 20:17:03] 
▶ Page 301
[2025-12-30 20:17:05] ✓ Found 30 listings
[2025-12-30 20:17:05] → Scraping 51125379
[2025-12-30 20:17:05] → Scraping 51116143
[2025-12-30 20:17:05] → Scraping 51104639
[2025-12-30 20:17:05] → Scraping 51110791
[2025-12-30 20:17:05] → Scraping 51099799
[2025-12-30 20:17:05] → Scraping 51101783
[2025-12-30 20:17:05] → Scraping 51117290
[2025-12-30 20:17:05] → Scraping 51116148
[2025-12-30 20:17:05] → Scraping 51116708
[2025-12-30 20:17:05] → Scraping 51113128
[2025-12-30 20:17:08] ✓ Saved 10 listings to CSV
[2025-12-30 20:17:08]   ✓ Batch: 10/10 saved
[2025-12-30 20:17:08] → Scraping 51112161
[2025-12-30 20:17:08] → Scraping 51116709
[2025-12-30 20:17:08] → Scraping 51123608
[2025-12-30 20:17:08] → Scraping 51112392
[2025-12-30 20:17:08] → Scraping 51116149
[2025-12-30 20:17:08] → Scraping 51123737
[2025-12-30 20:17:08] → Scraping 51123581
[2025-12-30 20:17:08] → Scraping 51123422
[2025-12-30 20:17:08] → Scraping 51129527
[2025-12-30 20:17:08] → Scraping 51124001
[2025-12-30 20:17:12] ✓ Saved 10 listings to CSV
[2025-12-30 20:17:12]   ✓ Batch: 10/10 saved
[2025-12-30 20:17:12] → Scraping 51104758
[2025-12-30 20:17:12] → Scraping 51069866
[2025-12-30 20:17:12] → Scraping 51078800
[2025-12-30 20:17:12] → Scraping 51124002
[2025-12-30 20:17:12] → Scraping 51084700
[2025-12-30 20:17:12] → Scraping 51124785
[2025-12-30 20:17:12] → Scraping 51069357
[2025-12-30 20:17:12] → Scraping 51104868
[2025-12-30 20:17:12] → Scraping 51105249
[2025-12-30 20:17:12] → Scraping 51097943
[2025-12-30 20:17:15] ✓ Saved 10 listings to CSV
[2025-12-30 20:17:15]   ✓ Batch: 10/10 saved
[2025-12-30 20:17:17] 
▶ Page 302
[2025-12-30 20:17:18] ✓ Found 30 listings
[2025-12-30 20:17:18] → Scraping 51124783
[2025-12-30 20:17:18] → Scraping 51088163
[2025-12-30 20:17:18] → Scraping 51070507
[2025-12-30 20:17:18] → Scraping 51101699
[2025-12-30 20:17:18] → Scraping 51077225
[2025-12-30 20:17:18] → Scraping 51102081
[2025-12-30 20:17:18] → Scraping 51099979
[2025-12-30 20:17:18] → Scraping 51114943
[2025-12-30 20:17:18] → Scraping 51110788
[2025-12-30 20:17:18] → Scraping 51115920
[2025-12-30 20:17:22] ✓ Saved 10 listings to CSV
[2025-12-30 20:17:22]   ✓ Batch: 10/10 saved
[2025-12-30 20:17:22] → Scraping 51115029
[2025-12-30 20:17:22] → Scraping 51101476
[2025-12-30 20:17:22] → Scraping 51092954
[2025-12-30 20:17:22] → Scraping 51104462
[2025-12-30 20:17:22] → Scraping 51115385
[2025-12-30 20:17:22] → Scraping 51091049
[2025-12-30 20:17:22] → Scraping 51115565
[2025-12-30 20:17:22] → Scraping 51115574
[2025-12-30 20:17:22] → Scraping 51117337
[2025-12-30 20:17:22] → Scraping 51117053
[2025-12-30 20:17:26] ✓ Saved 10 listings to CSV
[2025-12-30 20:17:26]   ✓ Batch: 10/10 saved
[2025-12-30 20:17:26] → Scraping 51108359
[2025-12-30 20:17:26] → Scraping 51113055
[2025-12-30 20:17:26] → Scraping 51112719
[2025-12-30 20:17:26] → Scraping 51108217
[2025-12-30 20:17:26] → Scraping 51116795
[2025-12-30 20:17:26] → Scraping 51116430
[2025-12-30 20:17:26] → Scraping 51112604
[2025-12-30 20:17:26] → Scraping 51113193
[2025-12-30 20:17:26] → Scraping 51080372
[2025-12-30 20:17:26] → Scraping 51123711
[2025-12-30 20:17:29] ✓ Saved 10 listings to CSV
[2025-12-30 20:17:29]   ✓ Batch: 10/10 saved
[2025-12-30 20:17:31] 
▶ Page 303
[2025-12-30 20:17:33] ✓ Found 30 listings
[2025-12-30 20:17:33] → Scraping 51126676
[2025-12-30 20:17:33] → Scraping 51129525
[2025-12-30 20:17:33] → Scraping 2640177
[2025-12-30 20:17:33] → Scraping 51124775
[2025-12-30 20:17:33] → Scraping 51107864
[2025-12-30 20:17:33] → Scraping 51102318
[2025-12-30 20:17:33] → Scraping 51104819
[2025-12-30 20:17:33] → Scraping 51101884
[2025-12-30 20:17:33] → Scraping 51098908
[2025-12-30 20:17:33] → Scraping 51101479
[2025-12-30 20:17:36] ✓ Saved 10 listings to CSV
[2025-12-30 20:17:36]   ✓ Batch: 10/10 saved
[2025-12-30 20:17:36] → Scraping 51100685
[2025-12-30 20:17:36] → Scraping 51114942
[2025-12-30 20:17:36] → Scraping 51116054
[2025-12-30 20:17:36] → Scraping 51117050
[2025-12-30 20:17:36] → Scraping 51101180
[2025-12-30 20:17:36] → Scraping 51116535
[2025-12-30 20:17:36] → Scraping 51115909
[2025-12-30 20:17:36] → Scraping 51123296
[2025-12-30 20:17:36] → Scraping 51123277
[2025-12-30 20:17:36] → Scraping 51053656
[2025-12-30 20:17:39] ✓ Saved 10 listings to CSV
[2025-12-30 20:17:39]   ✓ Batch: 10/10 saved
[2025-12-30 20:17:39] → Scraping 51117198
[2025-12-30 20:17:39] → Scraping 51116705
[2025-12-30 20:17:39] → Scraping 51112481
[2025-12-30 20:17:39] → Scraping 51112382
[2025-12-30 20:17:39] → Scraping 51112210
[2025-12-30 20:17:39] → Scraping 51112606
[2025-12-30 20:17:39] → Scraping 51116497
[2025-12-30 20:17:39] → Scraping 51116496
[2025-12-30 20:17:39] → Scraping 51116317
[2025-12-30 20:17:39] → Scraping 51116052
[2025-12-30 20:17:43] ✓ Saved 10 listings to CSV
[2025-12-30 20:17:43]   ✓ Batch: 10/10 saved
[2025-12-30 20:17:45] 
▶ Page 304
[2025-12-30 20:17:46] ✓ Found 30 listings
[2025-12-30 20:17:46] → Scraping 51115831
[2025-12-30 20:17:46] → Scraping 51115546
[2025-12-30 20:17:46] → Scraping 51115162
[2025-12-30 20:17:46] → Scraping 51081310
[2025-12-30 20:17:46] → Scraping 51099276
[2025-12-30 20:17:46] → Scraping 51099734
[2025-12-30 20:17:46] → Scraping 51100545
[2025-12-30 20:17:46] → Scraping 51098427
[2025-12-30 20:17:46] → Scraping 51076941
[2025-12-30 20:17:46] → Scraping 51101178
[2025-12-30 20:17:50] ✓ Saved 10 listings to CSV
[2025-12-30 20:17:50]   ✓ Batch: 10/10 saved
[2025-12-30 20:17:50] → Scraping 51077094
[2025-12-30 20:17:50] → Scraping 51085879
[2025-12-30 20:17:50] → Scraping 51081456
[2025-12-30 20:17:50] → Scraping 51081453
[2025-12-30 20:17:50] → Scraping 51082049
[2025-12-30 20:17:50] → Scraping 51065309
[2025-12-30 20:17:50] → Scraping 51079000
[2025-12-30 20:17:50] → Scraping 51069584
[2025-12-30 20:17:50] → Scraping 51070059
[2025-12-30 20:17:50] → Scraping 51068782
[2025-12-30 20:17:53] ✓ Saved 10 listings to CSV
[2025-12-30 20:17:53]   ✓ Batch: 10/10 saved
[2025-12-30 20:17:53] → Scraping 51092511
[2025-12-30 20:17:53] → Scraping 51070744
[2025-12-30 20:17:53] → Scraping 51074219
[2025-12-30 20:17:53] → Scraping 51080194
[2025-12-30 20:17:53] → Scraping 51067513
[2025-12-30 20:17:53] → Scraping 51080551
[2025-12-30 20:17:53] → Scraping 51076173
[2025-12-30 20:17:53] → Scraping 51104871
[2025-12-30 20:17:53] → Scraping 51104638
[2025-12-30 20:17:53] → Scraping 51110790
[2025-12-30 20:17:56] ✓ Saved 10 listings to CSV
[2025-12-30 20:17:56]   ✓ Batch: 10/10 saved
[2025-12-30 20:17:58] 
▶ Page 305
[2025-12-30 20:18:00] ✓ Found 30 listings
[2025-12-30 20:18:00] → Scraping 51110971
[2025-12-30 20:18:00] → Scraping 51113618
[2025-12-30 20:18:00] → Scraping 51113425
[2025-12-30 20:18:00] → Scraping 51113050
[2025-12-30 20:18:00] → Scraping 51124581
[2025-12-30 20:18:00] → Scraping 51124897
[2025-12-30 20:18:00] → Scraping 51124954
[2025-12-30 20:18:00] → Scraping 51125238
[2025-12-30 20:18:00] → Scraping 51125378
[2025-12-30 20:18:00] → Scraping 51123498
[2025-12-30 20:18:03] ✓ Saved 10 listings to CSV
[2025-12-30 20:18:03]   ✓ Batch: 10/10 saved
[2025-12-30 20:18:03] → Scraping 51123382
[2025-12-30 20:18:03] → Scraping 51123360
[2025-12-30 20:18:03] → Scraping 51123298
[2025-12-30 20:18:03] → Scraping 51129524
[2025-12-30 20:18:03] → Scraping 51129523
[2025-12-30 20:18:03] → Scraping 51129522
[2025-12-30 20:18:03] → Scraping 51110885
[2025-12-30 20:18:03] → Scraping 51129521
[2025-12-30 20:18:03] → Scraping 51124948
[2025-12-30 20:18:03] → Scraping 51110969
[2025-12-30 20:18:07] ✓ Saved 10 listings to CSV
[2025-12-30 20:18:07]   ✓ Batch: 10/10 saved
[2025-12-30 20:18:07] → Scraping 51115379
[2025-12-30 20:18:07] → Scraping 51104759
[2025-12-30 20:18:07] → Scraping 51115363
[2025-12-30 20:18:07] → Scraping 51117423
[2025-12-30 20:18:07] → Scraping 51113429
[2025-12-30 20:18:07] → Scraping 51112152
[2025-12-30 20:18:07] → Scraping 51101644
[2025-12-30 20:18:07] → Scraping 51069719
[2025-12-30 20:18:07] → Scraping 51102096
[2025-12-30 20:18:07] → Scraping 51080556
[2025-12-30 20:18:10] ✓ Saved 10 listings to CSV
[2025-12-30 20:18:10]   ✓ Batch: 10/10 saved
[2025-12-30 20:18:12] 
▶ Page 306
[2025-12-30 20:18:14] ✓ Found 30 listings
[2025-12-30 20:18:14] → Scraping 51113767
[2025-12-30 20:18:14] → Scraping 51093278
[2025-12-30 20:18:14] → Scraping 51116318
[2025-12-30 20:18:14] → Scraping 51123735
[2025-12-30 20:18:14] → Scraping 51123502
[2025-12-30 20:18:14] → Scraping 51123384
[2025-12-30 20:18:14] → Scraping 51129520
[2025-12-30 20:18:14] → Scraping 51129519
[2025-12-30 20:18:14] → Scraping 51129518
[2025-12-30 20:18:14] → Scraping 2638533
[2025-12-30 20:18:17] ✓ Saved 10 listings to CSV
[2025-12-30 20:18:17]   ✓ Batch: 10/10 saved
[2025-12-30 20:18:17] → Scraping 2640174
[2025-12-30 20:18:17] → Scraping 51129517
[2025-12-30 20:18:17] → Scraping 51129516
[2025-12-30 20:18:17] → Scraping 2640172
[2025-12-30 20:18:17] → Scraping 51129515
[2025-12-30 20:18:17] → Scraping 51129514
[2025-12-30 20:18:17] → Scraping 51129513
[2025-12-30 20:18:17] → Scraping 51112566
[2025-12-30 20:18:17] → Scraping 51112864
[2025-12-30 20:18:17] → Scraping 51112343
[2025-12-30 20:18:21] ✓ Saved 10 listings to CSV
[2025-12-30 20:18:21]   ✓ Batch: 10/10 saved
[2025-12-30 20:18:21] → Scraping 51109151
[2025-12-30 20:18:21] → Scraping 51117697
[2025-12-30 20:18:21] → Scraping 51113305
[2025-12-30 20:18:21] → Scraping 51106270
[2025-12-30 20:18:21] → Scraping 51101832
[2025-12-30 20:18:21] → Scraping 51112567
[2025-12-30 20:18:21] → Scraping 51110129
[2025-12-30 20:18:21] → Scraping 51119238
[2025-12-30 20:18:21] → Scraping 51112557
[2025-12-30 20:18:21] → Scraping 51105949
[2025-12-30 20:18:24] ✓ Saved 10 listings to CSV
[2025-12-30 20:18:24]   ✓ Batch: 10/10 saved
[2025-12-30 20:18:26] 
▶ Page 307
[2025-12-30 20:18:28] ✓ Found 30 listings
[2025-12-30 20:18:28] → Scraping 51122546
[2025-12-30 20:18:28] → Scraping 2635594
[2025-12-30 20:18:28] → Scraping 2640171
[2025-12-30 20:18:28] → Scraping 2640170
[2025-12-30 20:18:28] → Scraping 51122826
[2025-12-30 20:18:28] → Scraping 51119451
[2025-12-30 20:18:28] → Scraping 51119453
[2025-12-30 20:18:28] → Scraping 51119454
[2025-12-30 20:18:28] → Scraping 51119455
[2025-12-30 20:18:28] → Scraping 51119604
[2025-12-30 20:18:31] ✓ Saved 10 listings to CSV
[2025-12-30 20:18:31]   ✓ Batch: 10/10 saved
[2025-12-30 20:18:31] → Scraping 51129511
[2025-12-30 20:18:31] → Scraping 2638496
[2025-12-30 20:18:31] → Scraping 2638486
[2025-12-30 20:18:31] → Scraping 2637004
[2025-12-30 20:18:31] → Scraping 2638506
[2025-12-30 20:18:31] → Scraping 51123520
[2025-12-30 20:18:31] → Scraping 2640169
[2025-12-30 20:18:31] → Scraping 2640168
[2025-12-30 20:18:31] → Scraping 51064939
[2025-12-30 20:18:31] → Scraping 51129510
[2025-12-30 20:18:35] ✓ Saved 10 listings to CSV
[2025-12-30 20:18:35]   ✓ Batch: 10/10 saved
[2025-12-30 20:18:35] → Scraping 51129509
[2025-12-30 20:18:35] → Scraping 51129508
[2025-12-30 20:18:35] → Scraping 51129507
[2025-12-30 20:18:35] → Scraping 51115538
[2025-12-30 20:18:35] → Scraping 2640164
[2025-12-30 20:18:35] → Scraping 51129504
[2025-12-30 20:18:35] → Scraping 51045810
[2025-12-30 20:18:35] → Scraping 51052848
[2025-12-30 20:18:35] → Scraping 51120226
[2025-12-30 20:18:35] → Scraping 2640163
[2025-12-30 20:18:39] ✓ Saved 10 listings to CSV
[2025-12-30 20:18:39]   ✓ Batch: 10/10 saved
[2025-12-30 20:18:41] 
▶ Page 308
[2025-12-30 20:18:42] ✓ Found 30 listings
[2025-12-30 20:18:42] → Scraping 2640162
[2025-12-30 20:18:42] → Scraping 2640160
[2025-12-30 20:18:42] → Scraping 51129503
[2025-12-30 20:18:42] → Scraping 2640159
[2025-12-30 20:18:42] → Scraping 51120733
[2025-12-30 20:18:42] → Scraping 51120038
[2025-12-30 20:18:42] → Scraping 2640158
[2025-12-30 20:18:42] → Scraping 2640157
[2025-12-30 20:18:42] → Scraping 2638436
[2025-12-30 20:18:42] → Scraping 2640156
[2025-12-30 20:18:46] ✓ Saved 10 listings to CSV
[2025-12-30 20:18:46]   ✓ Batch: 10/10 saved
[2025-12-30 20:18:46] → Scraping 2640155
[2025-12-30 20:18:46] → Scraping 51129499
[2025-12-30 20:18:46] → Scraping 51129497
[2025-12-30 20:18:46] → Scraping 2640154
[2025-12-30 20:18:46] → Scraping 51128474
[2025-12-30 20:18:46] → Scraping 2640150
[2025-12-30 20:18:46] → Scraping 2640149
[2025-12-30 20:18:46] → Scraping 2640148
[2025-12-30 20:18:46] → Scraping 2308637
[2025-12-30 20:18:46] → Scraping 2522719
[2025-12-30 20:18:49] ✓ Saved 10 listings to CSV
[2025-12-30 20:18:49]   ✓ Batch: 10/10 saved
[2025-12-30 20:18:49] → Scraping 2306990
[2025-12-30 20:18:49] → Scraping 2303130
[2025-12-30 20:18:49] → Scraping 2512048
[2025-12-30 20:18:49] → Scraping 2522718
[2025-12-30 20:18:49] → Scraping 2303121
[2025-12-30 20:18:49] → Scraping 2539691
[2025-12-30 20:18:49] → Scraping 2305929
[2025-12-30 20:18:49] → Scraping 2305928
[2025-12-30 20:18:49] → Scraping 2524670
[2025-12-30 20:18:49] → Scraping 51125896
[2025-12-30 20:18:53] ✓ Saved 10 listings to CSV
[2025-12-30 20:18:53]   ✓ Batch: 10/10 saved
[2025-12-30 20:18:55] 
▶ Page 309
[2025-12-30 20:18:56] ✓ Found 30 listings
[2025-12-30 20:18:56] → Scraping 5503927
[2025-12-30 20:18:56] → Scraping 5476775
[2025-12-30 20:18:56] → Scraping 5526589
[2025-12-30 20:18:56] → Scraping 5489909
[2025-12-30 20:18:56] → Scraping 5475210
[2025-12-30 20:18:56] → Scraping 51090061
[2025-12-30 20:18:56] → Scraping 2636914
[2025-12-30 20:18:56] → Scraping 2638470
[2025-12-30 20:18:56] → Scraping 51097067
[2025-12-30 20:18:56] → Scraping 51061513
[2025-12-30 20:19:00] ✓ Saved 10 listings to CSV
[2025-12-30 20:19:00]   ✓ Batch: 10/10 saved
[2025-12-30 20:19:00] → Scraping 51077430
[2025-12-30 20:19:00] → Scraping 51113863
[2025-12-30 20:19:00] → Scraping 51107304
[2025-12-30 20:19:00] → Scraping 51107308
[2025-12-30 20:19:00] → Scraping 51101024
[2025-12-30 20:19:00] → Scraping 51101025
[2025-12-30 20:19:00] → Scraping 51101026
[2025-12-30 20:19:00] → Scraping 51101027
[2025-12-30 20:19:00] → Scraping 51101028
[2025-12-30 20:19:00] → Scraping 51101029
[2025-12-30 20:19:03] ✓ Saved 10 listings to CSV
[2025-12-30 20:19:03]   ✓ Batch: 10/10 saved
[2025-12-30 20:19:03] → Scraping 51101031
[2025-12-30 20:19:03] → Scraping 51101030
[2025-12-30 20:19:03] → Scraping 51101022
[2025-12-30 20:19:03] → Scraping 51113595
[2025-12-30 20:19:03] → Scraping 51113592
[2025-12-30 20:19:03] → Scraping 51113596
[2025-12-30 20:19:03] → Scraping 51113597
[2025-12-30 20:19:03] → Scraping 51113598
[2025-12-30 20:19:03] → Scraping 51113599
[2025-12-30 20:19:03] → Scraping 5770047
[2025-12-30 20:19:07] ✓ Saved 10 listings to CSV
[2025-12-30 20:19:07]   ✓ Batch: 10/10 saved
[2025-12-30 20:19:09] 
▶ Page 310
[2025-12-30 20:19:10] ✓ Found 30 listings
[2025-12-30 20:19:10] → Scraping 51058211
[2025-12-30 20:19:10] → Scraping 51014143
[2025-12-30 20:19:10] → Scraping 5774985
[2025-12-30 20:19:10] → Scraping 5746691
[2025-12-30 20:19:10] → Scraping 5918044
[2025-12-30 20:19:10] → Scraping 5734264
[2025-12-30 20:19:10] → Scraping 5686000
[2025-12-30 20:19:10] → Scraping 5943844
[2025-12-30 20:19:10] → Scraping 5778480
[2025-12-30 20:19:10] → Scraping 5900616
[2025-12-30 20:19:14] ✓ Saved 10 listings to CSV
[2025-12-30 20:19:14]   ✓ Batch: 10/10 saved
[2025-12-30 20:19:14] → Scraping 51060753
[2025-12-30 20:19:14] → Scraping 51076204
[2025-12-30 20:19:14] → Scraping 5917434
[2025-12-30 20:19:14] → Scraping 51129495
[2025-12-30 20:19:14] → Scraping 51113601
[2025-12-30 20:19:14] → Scraping 51113602
[2025-12-30 20:19:14] → Scraping 51129494
[2025-12-30 20:19:14] → Scraping 51113600
[2025-12-30 20:19:14] → Scraping 51113603
[2025-12-30 20:19:14] → Scraping 51107301
[2025-12-30 20:19:17] ✓ Saved 10 listings to CSV
[2025-12-30 20:19:18]   ✓ Batch: 10/10 saved
[2025-12-30 20:19:18] → Scraping 51129493
[2025-12-30 20:19:18] → Scraping 51116922
[2025-12-30 20:19:18] → Scraping 51107290
[2025-12-30 20:19:18] → Scraping 51116921
[2025-12-30 20:19:18] → Scraping 51107291
[2025-12-30 20:19:18] → Scraping 51107295
[2025-12-30 20:19:18] → Scraping 51107294
[2025-12-30 20:19:18] → Scraping 51107300
[2025-12-30 20:19:18] → Scraping 51107292
[2025-12-30 20:19:18] → Scraping 51107299
[2025-12-30 20:19:21] ✓ Saved 10 listings to CSV
[2025-12-30 20:19:21]   ✓ Batch: 10/10 saved
[2025-12-30 20:19:23] 
▶ Page 311
[2025-12-30 20:19:24] ✓ Found 30 listings
[2025-12-30 20:19:24] → Scraping 51101032
[2025-12-30 20:19:24] → Scraping 2636877
[2025-12-30 20:19:24] → Scraping 2636904
[2025-12-30 20:19:24] → Scraping 2637010
[2025-12-30 20:19:24] → Scraping 2637030
[2025-12-30 20:19:24] → Scraping 2637100
[2025-12-30 20:19:24] → Scraping 2635713
[2025-12-30 20:19:24] → Scraping 2635548
[2025-12-30 20:19:24] → Scraping 2635453
[2025-12-30 20:19:24] → Scraping 2635425
[2025-12-30 20:19:28] ✓ Saved 10 listings to CSV
[2025-12-30 20:19:28]   ✓ Batch: 10/10 saved
[2025-12-30 20:19:28] → Scraping 2635414
[2025-12-30 20:19:28] → Scraping 2635322
[2025-12-30 20:19:28] → Scraping 2635253
[2025-12-30 20:19:28] → Scraping 2635239
[2025-12-30 20:19:28] → Scraping 2635231
[2025-12-30 20:19:28] → Scraping 2636874
[2025-12-30 20:19:28] → Scraping 2628752
[2025-12-30 20:19:28] → Scraping 2628756
[2025-12-30 20:19:28] → Scraping 2628765
[2025-12-30 20:19:28] → Scraping 2628769
[2025-12-30 20:19:31] ✓ Saved 10 listings to CSV
[2025-12-30 20:19:32]   ✓ Batch: 10/10 saved
[2025-12-30 20:19:32] → Scraping 2628778
[2025-12-30 20:19:32] → Scraping 2628817
[2025-12-30 20:19:32] → Scraping 2628833
[2025-12-30 20:19:32] → Scraping 2628944
[2025-12-30 20:19:32] → Scraping 2628951
[2025-12-30 20:19:32] → Scraping 2629083
[2025-12-30 20:19:32] → Scraping 2629093
[2025-12-30 20:19:32] → Scraping 2629107
[2025-12-30 20:19:32] → Scraping 2629150
[2025-12-30 20:19:32] → Scraping 2629528
[2025-12-30 20:19:35] ✓ Saved 10 listings to CSV
[2025-12-30 20:19:35]   ✓ Batch: 10/10 saved
[2025-12-30 20:19:37] 
▶ Page 312
[2025-12-30 20:19:38] ✓ Found 30 listings
[2025-12-30 20:19:38] → Scraping 2629563
[2025-12-30 20:19:38] → Scraping 2629847
[2025-12-30 20:19:38] → Scraping 2629897
[2025-12-30 20:19:38] → Scraping 2630028
[2025-12-30 20:19:38] → Scraping 2631631
[2025-12-30 20:19:38] → Scraping 2634969
[2025-12-30 20:19:38] → Scraping 2634817
[2025-12-30 20:19:38] → Scraping 2634675
[2025-12-30 20:19:38] → Scraping 2634550
[2025-12-30 20:19:38] → Scraping 2634436
[2025-12-30 20:19:42] ✓ Saved 10 listings to CSV
[2025-12-30 20:19:42]   ✓ Batch: 10/10 saved
[2025-12-30 20:19:42] → Scraping 51093747
[2025-12-30 20:19:42] → Scraping 51093746
[2025-12-30 20:19:42] → Scraping 51090516
[2025-12-30 20:19:42] → Scraping 51042442
[2025-12-30 20:19:42] → Scraping 51121463
[2025-12-30 20:19:42] → Scraping 51118901
[2025-12-30 20:19:42] → Scraping 51120223
[2025-12-30 20:19:42] → Scraping 51056241
[2025-12-30 20:19:42] → Scraping 51043992
[2025-12-30 20:19:42] → Scraping 5812204
[2025-12-30 20:19:45] ✓ Saved 10 listings to CSV
[2025-12-30 20:19:45]   ✓ Batch: 10/10 saved
[2025-12-30 20:19:45] → Scraping 5849138
[2025-12-30 20:19:45] → Scraping 5803945
[2025-12-30 20:19:45] → Scraping 5824468
[2025-12-30 20:19:45] → Scraping 5849137
[2025-12-30 20:19:45] → Scraping 5938528
[2025-12-30 20:19:45] → Scraping 5958824
[2025-12-30 20:19:45] → Scraping 5950548
[2025-12-30 20:19:45] → Scraping 5950541
[2025-12-30 20:19:45] → Scraping 5807293
[2025-12-30 20:19:45] → Scraping 2640147
[2025-12-30 20:19:49] ✓ Saved 10 listings to CSV
[2025-12-30 20:19:49]   ✓ Batch: 10/10 saved
[2025-12-30 20:19:51] 
▶ Page 313
[2025-12-30 20:19:52] ✓ Found 30 listings
[2025-12-30 20:19:52] → Scraping 51129492
[2025-12-30 20:19:52] → Scraping 2640146
[2025-12-30 20:19:52] → Scraping 2640145
[2025-12-30 20:19:52] → Scraping 2640144
[2025-12-30 20:19:52] → Scraping 2640143
[2025-12-30 20:19:52] → Scraping 2640142
[2025-12-30 20:19:52] → Scraping 51129491
[2025-12-30 20:19:52] → Scraping 2640141
[2025-12-30 20:19:52] → Scraping 2640139
[2025-12-30 20:19:52] → Scraping 51129489
[2025-12-30 20:19:56] ✓ Saved 10 listings to CSV
[2025-12-30 20:19:56]   ✓ Batch: 10/10 saved
[2025-12-30 20:19:56] → Scraping 2640138
[2025-12-30 20:19:56] → Scraping 51129488
[2025-12-30 20:19:56] → Scraping 51129487
[2025-12-30 20:19:56] → Scraping 51129486
[2025-12-30 20:19:56] → Scraping 2640137
[2025-12-30 20:19:56] → Scraping 51129485
[2025-12-30 20:19:56] → Scraping 51129484
[2025-12-30 20:19:56] → Scraping 2640136
[2025-12-30 20:19:56] → Scraping 2640135
[2025-12-30 20:19:56] → Scraping 51129483
[2025-12-30 20:19:59] ✓ Saved 10 listings to CSV
[2025-12-30 20:19:59]   ✓ Batch: 10/10 saved
[2025-12-30 20:19:59] → Scraping 51129482
[2025-12-30 20:19:59] → Scraping 51129481
[2025-12-30 20:19:59] → Scraping 51129480
[2025-12-30 20:19:59] → Scraping 51129479
[2025-12-30 20:19:59] → Scraping 51129478
[2025-12-30 20:19:59] → Scraping 51129477
[2025-12-30 20:19:59] → Scraping 51129476
[2025-12-30 20:19:59] → Scraping 51129475
[2025-12-30 20:19:59] → Scraping 51129474
[2025-12-30 20:19:59] → Scraping 51129473
[2025-12-30 20:20:03] ✓ Saved 10 listings to CSV
[2025-12-30 20:20:03]   ✓ Batch: 10/10 saved
[2025-12-30 20:20:05] 
▶ Page 314
[2025-12-30 20:20:07] ✓ Found 30 listings
[2025-12-30 20:20:07] → Scraping 51129472
[2025-12-30 20:20:07] → Scraping 51129471
[2025-12-30 20:20:07] → Scraping 2640133
[2025-12-30 20:20:07] → Scraping 2640132
[2025-12-30 20:20:07] → Scraping 2640131
[2025-12-30 20:20:07] → Scraping 2640130
[2025-12-30 20:20:07] → Scraping 2640129
[2025-12-30 20:20:07] → Scraping 51074787
[2025-12-30 20:20:07] → Scraping 51129470
[2025-12-30 20:20:07] → Scraping 51126321
[2025-12-30 20:20:10] ✓ Saved 10 listings to CSV
[2025-12-30 20:20:10]   ✓ Batch: 10/10 saved
[2025-12-30 20:20:10] → Scraping 51126320
[2025-12-30 20:20:10] → Scraping 51031092
[2025-12-30 20:20:10] → Scraping 51129469
[2025-12-30 20:20:10] → Scraping 51129468
[2025-12-30 20:20:10] → Scraping 51129467
[2025-12-30 20:20:10] → Scraping 51120225
[2025-12-30 20:20:10] → Scraping 51129466
[2025-12-30 20:20:10] → Scraping 51124514
[2025-12-30 20:20:10] → Scraping 51124517
[2025-12-30 20:20:10] → Scraping 51129465
[2025-12-30 20:20:14] ✓ Saved 10 listings to CSV
[2025-12-30 20:20:14]   ✓ Batch: 10/10 saved
[2025-12-30 20:20:14] → Scraping 51129464
[2025-12-30 20:20:14] → Scraping 2640127
[2025-12-30 20:20:14] → Scraping 2640126
[2025-12-30 20:20:14] → Scraping 2640125
[2025-12-30 20:20:14] → Scraping 51123444
[2025-12-30 20:20:14] → Scraping 51126415
[2025-12-30 20:20:14] → Scraping 51126414
[2025-12-30 20:20:14] → Scraping 51126416
[2025-12-30 20:20:14] → Scraping 51129463
[2025-12-30 20:20:14] → Scraping 51129462
[2025-12-30 20:20:17] ✓ Saved 10 listings to CSV
[2025-12-30 20:20:17]   ✓ Batch: 10/10 saved
[2025-12-30 20:20:19] 
▶ Page 315
[2025-12-30 20:20:21] ✓ Found 30 listings
[2025-12-30 20:20:21] → Scraping 51129461
[2025-12-30 20:20:21] → Scraping 51129460
[2025-12-30 20:20:21] → Scraping 51129459
[2025-12-30 20:20:21] → Scraping 51123009
[2025-12-30 20:20:21] → Scraping 51123006
[2025-12-30 20:20:21] → Scraping 51129458
[2025-12-30 20:20:21] → Scraping 51129457
[2025-12-30 20:20:21] → Scraping 51129456
[2025-12-30 20:20:21] → Scraping 51129455
[2025-12-30 20:20:21] → Scraping 2640124
[2025-12-30 20:20:24] ✓ Saved 10 listings to CSV
[2025-12-30 20:20:24]   ✓ Batch: 10/10 saved
[2025-12-30 20:20:24] → Scraping 51129454
[2025-12-30 20:20:24] → Scraping 51129453
[2025-12-30 20:20:24] → Scraping 2640123
[2025-12-30 20:20:24] → Scraping 2640122
[2025-12-30 20:20:24] → Scraping 51129452
[2025-12-30 20:20:24] → Scraping 2640121
[2025-12-30 20:20:24] → Scraping 2640120
[2025-12-30 20:20:24] → Scraping 2640118
[2025-12-30 20:20:24] → Scraping 51126431
[2025-12-30 20:20:24] → Scraping 51126432
[2025-12-30 20:20:27] ✓ Saved 10 listings to CSV
[2025-12-30 20:20:28]   ✓ Batch: 10/10 saved
[2025-12-30 20:20:28] → Scraping 51126485
[2025-12-30 20:20:28] → Scraping 2640117
[2025-12-30 20:20:28] → Scraping 51129451
[2025-12-30 20:20:28] → Scraping 2640116
[2025-12-30 20:20:28] → Scraping 51020714
[2025-12-30 20:20:28] → Scraping 51009441
[2025-12-30 20:20:28] → Scraping 51020526
[2025-12-30 20:20:28] → Scraping 51020713
[2025-12-30 20:20:28] → Scraping 51029999
[2025-12-30 20:20:28] → Scraping 51021112
[2025-12-30 20:20:31] ✓ Saved 10 listings to CSV
[2025-12-30 20:20:31]   ✓ Batch: 10/10 saved
[2025-12-30 20:20:33] 
▶ Page 316
[2025-12-30 20:20:35] ✓ Found 30 listings
[2025-12-30 20:20:35] → Scraping 51021106
[2025-12-30 20:20:35] → Scraping 51020785
[2025-12-30 20:20:35] → Scraping 51029996
[2025-12-30 20:20:35] → Scraping 51129449
[2025-12-30 20:20:35] → Scraping 3239761
[2025-12-30 20:20:35] → Scraping 51129448
[2025-12-30 20:20:35] → Scraping 51129447
[2025-12-30 20:20:35] → Scraping 51129446
[2025-12-30 20:20:35] → Scraping 51129445
[2025-12-30 20:20:35] → Scraping 51129444
[2025-12-30 20:20:38] ✓ Saved 10 listings to CSV
[2025-12-30 20:20:38]   ✓ Batch: 10/10 saved
[2025-12-30 20:20:38] → Scraping 51129438
[2025-12-30 20:20:38] → Scraping 51122732
[2025-12-30 20:20:38] → Scraping 51122588
[2025-12-30 20:20:38] → Scraping 51122567
[2025-12-30 20:20:38] → Scraping 51122921
[2025-12-30 20:20:38] → Scraping 2640113
[2025-12-30 20:20:38] → Scraping 2640112
[2025-12-30 20:20:38] → Scraping 2640111
[2025-12-30 20:20:38] → Scraping 3239760
[2025-12-30 20:20:38] → Scraping 2640110
[2025-12-30 20:20:42] ✓ Saved 10 listings to CSV
[2025-12-30 20:20:42]   ✓ Batch: 10/10 saved
[2025-12-30 20:20:42] → Scraping 51126435
[2025-12-30 20:20:42] → Scraping 51129436
[2025-12-30 20:20:42] → Scraping 2640109
[2025-12-30 20:20:42] → Scraping 2640108
[2025-12-30 20:20:42] → Scraping 2640107
[2025-12-30 20:20:42] → Scraping 2640106
[2025-12-30 20:20:42] → Scraping 51129434
[2025-12-30 20:20:42] → Scraping 51129433
[2025-12-30 20:20:42] → Scraping 2640105
[2025-12-30 20:20:42] → Scraping 2640104
[2025-12-30 20:20:45] ✓ Saved 10 listings to CSV
[2025-12-30 20:20:45]   ✓ Batch: 10/10 saved
[2025-12-30 20:20:47] 
▶ Page 317
[2025-12-30 20:20:48] ✓ Found 30 listings
[2025-12-30 20:20:48] → Scraping 51129432
[2025-12-30 20:20:48] → Scraping 51129430
[2025-12-30 20:20:48] → Scraping 51129429
[2025-12-30 20:20:48] → Scraping 51092182
[2025-12-30 20:20:48] → Scraping 51129428
[2025-12-30 20:20:48] → Scraping 51129427
[2025-12-30 20:20:48] → Scraping 51129426
[2025-12-30 20:20:48] → Scraping 51129424
[2025-12-30 20:20:48] → Scraping 51031500
[2025-12-30 20:20:48] → Scraping 51103468
[2025-12-30 20:20:52] ✓ Saved 10 listings to CSV
[2025-12-30 20:20:52]   ✓ Batch: 10/10 saved
[2025-12-30 20:20:52] → Scraping 51048991
[2025-12-30 20:20:52] → Scraping 51064584
[2025-12-30 20:20:52] → Scraping 51072076
[2025-12-30 20:20:52] → Scraping 51031635
[2025-12-30 20:20:52] → Scraping 51072513
[2025-12-30 20:20:52] → Scraping 51072511
[2025-12-30 20:20:52] → Scraping 51031072
[2025-12-30 20:20:52] → Scraping 51031069
[2025-12-30 20:20:52] → Scraping 51031168
[2025-12-30 20:20:52] → Scraping 51110512
[2025-12-30 20:20:55] ✓ Saved 10 listings to CSV
[2025-12-30 20:20:55]   ✓ Batch: 10/10 saved
[2025-12-30 20:20:55] → Scraping 51031987
[2025-12-30 20:20:55] → Scraping 51031649
[2025-12-30 20:20:55] → Scraping 51033504
[2025-12-30 20:20:55] → Scraping 51038649
[2025-12-30 20:20:55] → Scraping 51033746
[2025-12-30 20:20:55] → Scraping 51072512
[2025-12-30 20:20:55] → Scraping 51129423
[2025-12-30 20:20:55] → Scraping 51129421
[2025-12-30 20:20:55] → Scraping 51129420
[2025-12-30 20:20:55] → Scraping 2640103
[2025-12-30 20:20:59] ✓ Saved 10 listings to CSV
[2025-12-30 20:20:59]   ✓ Batch: 10/10 saved
[2025-12-30 20:21:01] 
▶ Page 318
[2025-12-30 20:21:02] ✓ Found 30 listings
[2025-12-30 20:21:02] → Scraping 2640102
[2025-12-30 20:21:02] → Scraping 51129418
[2025-12-30 20:21:02] → Scraping 51129416
[2025-12-30 20:21:02] → Scraping 51129415
[2025-12-30 20:21:02] → Scraping 51129414
[2025-12-30 20:21:02] → Scraping 51129413
[2025-12-30 20:21:02] → Scraping 2640100
[2025-12-30 20:21:02] → Scraping 5520754
[2025-12-30 20:21:02] → Scraping 5535973
[2025-12-30 20:21:02] → Scraping 5570848
[2025-12-30 20:21:06] ✓ Saved 10 listings to CSV
[2025-12-30 20:21:06]   ✓ Batch: 10/10 saved
[2025-12-30 20:21:06] → Scraping 51129410
[2025-12-30 20:21:06] → Scraping 51129409
[2025-12-30 20:21:06] → Scraping 2640099
[2025-12-30 20:21:06] → Scraping 2640098
[2025-12-30 20:21:06] → Scraping 51129407
[2025-12-30 20:21:06] → Scraping 51129406
[2025-12-30 20:21:06] → Scraping 2640097
[2025-12-30 20:21:06] → Scraping 51129405
[2025-12-30 20:21:06] → Scraping 2640096
[2025-12-30 20:21:06] → Scraping 51129403
[2025-12-30 20:21:09] ✓ Saved 10 listings to CSV
[2025-12-30 20:21:09]   ✓ Batch: 10/10 saved
[2025-12-30 20:21:09] → Scraping 51043655
[2025-12-30 20:21:09] → Scraping 51046367
[2025-12-30 20:21:09] → Scraping 51043990
[2025-12-30 20:21:09] → Scraping 2640094
[2025-12-30 20:21:09] → Scraping 2640093
[2025-12-30 20:21:09] → Scraping 51129400
[2025-12-30 20:21:09] → Scraping 51129399
[2025-12-30 20:21:09] → Scraping 2640092
[2025-12-30 20:21:09] → Scraping 2640091
[2025-12-30 20:21:09] → Scraping 51129398
[2025-12-30 20:21:13] ✓ Saved 10 listings to CSV
[2025-12-30 20:21:13]   ✓ Batch: 10/10 saved
[2025-12-30 20:21:15] 
▶ Page 319
[2025-12-30 20:21:16] ✓ Found 30 listings
[2025-12-30 20:21:16] → Scraping 51129396
[2025-12-30 20:21:16] → Scraping 2640090
[2025-12-30 20:21:16] → Scraping 51129394
[2025-12-30 20:21:16] → Scraping 51129392
[2025-12-30 20:21:16] → Scraping 51081157
[2025-12-30 20:21:16] → Scraping 2640089
[2025-12-30 20:21:16] → Scraping 51129391
[2025-12-30 20:21:16] → Scraping 2640088
[2025-12-30 20:21:16] → Scraping 51129390
[2025-12-30 20:21:16] → Scraping 51129389
[2025-12-30 20:21:20] ✓ Saved 10 listings to CSV
[2025-12-30 20:21:20]   ✓ Batch: 10/10 saved
[2025-12-30 20:21:20] → Scraping 51116311
[2025-12-30 20:21:20] → Scraping 2640087
[2025-12-30 20:21:20] → Scraping 2640086
[2025-12-30 20:21:20] → Scraping 51129388
[2025-12-30 20:21:20] → Scraping 2640084
[2025-12-30 20:21:20] → Scraping 2640082
[2025-12-30 20:21:20] → Scraping 51119061
[2025-12-30 20:21:20] → Scraping 51122734
[2025-12-30 20:21:20] → Scraping 51106130
[2025-12-30 20:21:20] → Scraping 51129387
[2025-12-30 20:21:23] ✓ Saved 10 listings to CSV
[2025-12-30 20:21:23]   ✓ Batch: 10/10 saved
[2025-12-30 20:21:23] → Scraping 2640081
[2025-12-30 20:21:23] → Scraping 51004541
[2025-12-30 20:21:23] → Scraping 51004542
[2025-12-30 20:21:23] → Scraping 51086001
[2025-12-30 20:21:23] → Scraping 51007837
[2025-12-30 20:21:23] → Scraping 51004558
[2025-12-30 20:21:23] → Scraping 51009279
[2025-12-30 20:21:23] → Scraping 51007841
[2025-12-30 20:21:23] → Scraping 51004550
[2025-12-30 20:21:23] → Scraping 51008012
[2025-12-30 20:21:27] ✓ Saved 10 listings to CSV
[2025-12-30 20:21:27]   ✓ Batch: 10/10 saved
[2025-12-30 20:21:29] 
▶ Page 320
[2025-12-30 20:21:30] ✓ Found 30 listings
[2025-12-30 20:21:30] → Scraping 51009304
[2025-12-30 20:21:30] → Scraping 51007839
[2025-12-30 20:21:30] → Scraping 51007840
[2025-12-30 20:21:30] → Scraping 51004557
[2025-12-30 20:21:30] → Scraping 51007842
[2025-12-30 20:21:30] → Scraping 51008010
[2025-12-30 20:21:30] → Scraping 51007849
[2025-12-30 20:21:30] → Scraping 51004555
[2025-12-30 20:21:30] → Scraping 51007835
[2025-12-30 20:21:30] → Scraping 51007850
[2025-12-30 20:21:34] ✓ Saved 10 listings to CSV
[2025-12-30 20:21:34]   ✓ Batch: 10/10 saved
[2025-12-30 20:21:34] → Scraping 51004546
[2025-12-30 20:21:34] → Scraping 51007844
[2025-12-30 20:21:34] → Scraping 51057328
[2025-12-30 20:21:34] → Scraping 51009307
[2025-12-30 20:21:34] → Scraping 51004547
[2025-12-30 20:21:34] → Scraping 51009309
[2025-12-30 20:21:34] → Scraping 51009308
[2025-12-30 20:21:34] → Scraping 51030504
[2025-12-30 20:21:34] → Scraping 51004551
[2025-12-30 20:21:34] → Scraping 51009296
[2025-12-30 20:21:37] ✓ Saved 10 listings to CSV
[2025-12-30 20:21:37]   ✓ Batch: 10/10 saved
[2025-12-30 20:21:37] → Scraping 51057322
[2025-12-30 20:21:37] → Scraping 51009294
[2025-12-30 20:21:37] → Scraping 51009290
[2025-12-30 20:21:37] → Scraping 51057326
[2025-12-30 20:21:37] → Scraping 51004540
[2025-12-30 20:21:37] → Scraping 51009286
[2025-12-30 20:21:37] → Scraping 51009270
[2025-12-30 20:21:37] → Scraping 51009285
[2025-12-30 20:21:37] → Scraping 51022082
[2025-12-30 20:21:37] → Scraping 51009272
[2025-12-30 20:21:41] ✓ Saved 10 listings to CSV
[2025-12-30 20:21:41]   ✓ Batch: 10/10 saved
[2025-12-30 20:21:43] 
▶ Page 321
[2025-12-30 20:21:44] ✓ Found 30 listings
[2025-12-30 20:21:44] → Scraping 51004537
[2025-12-30 20:21:44] → Scraping 51008005
[2025-12-30 20:21:44] → Scraping 51009280
[2025-12-30 20:21:44] → Scraping 51007847
[2025-12-30 20:21:44] → Scraping 51008008
[2025-12-30 20:21:44] → Scraping 51008003
[2025-12-30 20:21:44] → Scraping 51129385
[2025-12-30 20:21:44] → Scraping 2640080
[2025-12-30 20:21:44] → Scraping 2640079
[2025-12-30 20:21:44] → Scraping 51129384
[2025-12-30 20:21:48] ✓ Saved 10 listings to CSV
[2025-12-30 20:21:48]   ✓ Batch: 10/10 saved
[2025-12-30 20:21:48] → Scraping 51129383
[2025-12-30 20:21:48] → Scraping 51129382
[2025-12-30 20:21:48] → Scraping 51129381
[2025-12-30 20:21:48] → Scraping 2640078
[2025-12-30 20:21:48] → Scraping 51129380
[2025-12-30 20:21:48] → Scraping 2640077
[2025-12-30 20:21:48] → Scraping 5498039
[2025-12-30 20:21:48] → Scraping 5972647
[2025-12-30 20:21:48] → Scraping 5779606
[2025-12-30 20:21:48] → Scraping 51121842
[2025-12-30 20:21:51] ✓ Saved 10 listings to CSV
[2025-12-30 20:21:51]   ✓ Batch: 10/10 saved
[2025-12-30 20:21:51] → Scraping 51009282
[2025-12-30 20:21:51] → Scraping 51009291
[2025-12-30 20:21:51] → Scraping 51008002
[2025-12-30 20:21:51] → Scraping 51093080
[2025-12-30 20:21:51] → Scraping 51004543
[2025-12-30 20:21:51] → Scraping 51009288
[2025-12-30 20:21:51] → Scraping 51004545
[2025-12-30 20:21:51] → Scraping 2640076
[2025-12-30 20:21:51] → Scraping 51129375
[2025-12-30 20:21:51] → Scraping 5609477
[2025-12-30 20:21:55] ✓ Saved 10 listings to CSV
[2025-12-30 20:21:55]   ✓ Batch: 10/10 saved
[2025-12-30 20:21:57] 
▶ Page 322
[2025-12-30 20:21:58] ✓ Found 30 listings
[2025-12-30 20:21:58] → Scraping 5531227
[2025-12-30 20:21:58] → Scraping 51007845
[2025-12-30 20:21:58] → Scraping 51009271
[2025-12-30 20:21:58] → Scraping 51008004
[2025-12-30 20:21:58] → Scraping 51004548
[2025-12-30 20:21:58] → Scraping 51004544
[2025-12-30 20:21:58] → Scraping 51008014
[2025-12-30 20:21:58] → Scraping 51009292
[2025-12-30 20:21:58] → Scraping 51100192
[2025-12-30 20:21:58] → Scraping 51100191
[2025-12-30 20:22:02] ✓ Saved 10 listings to CSV
[2025-12-30 20:22:02]   ✓ Batch: 10/10 saved
[2025-12-30 20:22:02] → Scraping 51100055
[2025-12-30 20:22:02] → Scraping 51100190
[2025-12-30 20:22:02] → Scraping 51100053
[2025-12-30 20:22:02] → Scraping 51100187
[2025-12-30 20:22:02] → Scraping 51100186
[2025-12-30 20:22:02] → Scraping 51100054
[2025-12-30 20:22:02] → Scraping 51100048
[2025-12-30 20:22:02] → Scraping 51100050
[2025-12-30 20:22:02] → Scraping 51100046
[2025-12-30 20:22:02] → Scraping 51100047
[2025-12-30 20:22:06] ✓ Saved 10 listings to CSV
[2025-12-30 20:22:06]   ✓ Batch: 10/10 saved
[2025-12-30 20:22:06] → Scraping 51099823
[2025-12-30 20:22:06] → Scraping 51100045
[2025-12-30 20:22:06] → Scraping 51100043
[2025-12-30 20:22:06] → Scraping 51099824
[2025-12-30 20:22:06] → Scraping 51099822
[2025-12-30 20:22:06] → Scraping 51099821
[2025-12-30 20:22:06] → Scraping 51099820
[2025-12-30 20:22:06] → Scraping 51099819
[2025-12-30 20:22:06] → Scraping 51099818
[2025-12-30 20:22:06] → Scraping 51099817
[2025-12-30 20:22:09] ✓ Saved 10 listings to CSV
[2025-12-30 20:22:09]   ✓ Batch: 10/10 saved
[2025-12-30 20:22:11] 
▶ Page 323
[2025-12-30 20:22:13] ✓ Found 30 listings
[2025-12-30 20:22:13] → Scraping 51066503
[2025-12-30 20:22:13] → Scraping 51073611
[2025-12-30 20:22:13] → Scraping 51029311
[2025-12-30 20:22:13] → Scraping 51099816
[2025-12-30 20:22:13] → Scraping 51099815
[2025-12-30 20:22:13] → Scraping 51129369
[2025-12-30 20:22:13] → Scraping 51116926
[2025-12-30 20:22:13] → Scraping 51116925
[2025-12-30 20:22:13] → Scraping 51116901
[2025-12-30 20:22:13] → Scraping 51093745
[2025-12-30 20:22:16] ✓ Saved 10 listings to CSV
[2025-12-30 20:22:16]   ✓ Batch: 10/10 saved
[2025-12-30 20:22:16] → Scraping 2640075
[2025-12-30 20:22:16] → Scraping 2628823
[2025-12-30 20:22:16] → Scraping 51126242
[2025-12-30 20:22:16] → Scraping 51126394
[2025-12-30 20:22:16] → Scraping 2630286
[2025-12-30 20:22:16] → Scraping 2629637
[2025-12-30 20:22:16] → Scraping 2634486
[2025-12-30 20:22:16] → Scraping 2629235
[2025-12-30 20:22:16] → Scraping 2637201
[2025-12-30 20:22:16] → Scraping 2636644
[2025-12-30 20:22:20] ✓ Saved 10 listings to CSV
[2025-12-30 20:22:20]   ✓ Batch: 10/10 saved
[2025-12-30 20:22:20] → Scraping 2634908
[2025-12-30 20:22:20] → Scraping 2637722
[2025-12-30 20:22:20] → Scraping 2636104
[2025-12-30 20:22:20] → Scraping 51097355
[2025-12-30 20:22:20] → Scraping 51113861
[2025-12-30 20:22:20] → Scraping 51110865
[2025-12-30 20:22:20] → Scraping 51129367
[2025-12-30 20:22:20] → Scraping 51129366
[2025-12-30 20:22:20] → Scraping 2630578
[2025-12-30 20:22:20] → Scraping 2634423
[2025-12-30 20:22:23] ✓ Saved 10 listings to CSV
[2025-12-30 20:22:23]   ✓ Batch: 10/10 saved
[2025-12-30 20:22:25] 
▶ Page 324
[2025-12-30 20:22:26] ✓ Found 30 listings
[2025-12-30 20:22:26] → Scraping 2634926
[2025-12-30 20:22:26] → Scraping 2635146
[2025-12-30 20:22:26] → Scraping 2629902
[2025-12-30 20:22:26] → Scraping 2630477
[2025-12-30 20:22:26] → Scraping 2630476
[2025-12-30 20:22:26] → Scraping 2630279
[2025-12-30 20:22:26] → Scraping 2634992
[2025-12-30 20:22:26] → Scraping 2634643
[2025-12-30 20:22:26] → Scraping 2634535
[2025-12-30 20:22:26] → Scraping 51129365
[2025-12-30 20:22:30] ✓ Saved 10 listings to CSV
[2025-12-30 20:22:30]   ✓ Batch: 10/10 saved
[2025-12-30 20:22:30] → Scraping 2630575
[2025-12-30 20:22:30] → Scraping 2634862
[2025-12-30 20:22:30] → Scraping 2630738
[2025-12-30 20:22:30] → Scraping 2634788
[2025-12-30 20:22:30] → Scraping 2634648
[2025-12-30 20:22:30] → Scraping 2634395
[2025-12-30 20:22:30] → Scraping 2634368
[2025-12-30 20:22:30] → Scraping 2636640
[2025-12-30 20:22:30] → Scraping 51129364
[2025-12-30 20:22:30] → Scraping 2636102
[2025-12-30 20:22:33] ✓ Saved 10 listings to CSV
[2025-12-30 20:22:33]   ✓ Batch: 10/10 saved
[2025-12-30 20:22:33] → Scraping 2636524
[2025-12-30 20:22:33] → Scraping 2634488
[2025-12-30 20:22:33] → Scraping 2634375
[2025-12-30 20:22:33] → Scraping 2634349
[2025-12-30 20:22:33] → Scraping 2637631
[2025-12-30 20:22:33] → Scraping 2637677
[2025-12-30 20:22:33] → Scraping 2637764
[2025-12-30 20:22:33] → Scraping 2636564
[2025-12-30 20:22:33] → Scraping 2636512
[2025-12-30 20:22:33] → Scraping 2638456
[2025-12-30 20:22:37] ✓ Saved 10 listings to CSV
[2025-12-30 20:22:37]   ✓ Batch: 10/10 saved
[2025-12-30 20:22:39] 
▶ Page 325
[2025-12-30 20:22:40] ✓ Found 30 listings
[2025-12-30 20:22:40] → Scraping 2636561
[2025-12-30 20:22:40] → Scraping 2636510
[2025-12-30 20:22:40] → Scraping 2636276
[2025-12-30 20:22:40] → Scraping 51090984
[2025-12-30 20:22:40] → Scraping 137264
[2025-12-30 20:22:40] → Scraping 2640074
[2025-12-30 20:22:40] → Scraping 3239441
[2025-12-30 20:22:40] → Scraping 51129361
[2025-12-30 20:22:40] → Scraping 51118919
[2025-12-30 20:22:40] → Scraping 51129360
[2025-12-30 20:22:44] ✓ Saved 10 listings to CSV
[2025-12-30 20:22:44]   ✓ Batch: 10/10 saved
[2025-12-30 20:22:44] → Scraping 51129359
[2025-12-30 20:22:44] → Scraping 51129358
[2025-12-30 20:22:44] → Scraping 51090877
[2025-12-30 20:22:44] → Scraping 51078350
[2025-12-30 20:22:44] → Scraping 51082249
[2025-12-30 20:22:44] → Scraping 51078260
[2025-12-30 20:22:44] → Scraping 51074426
[2025-12-30 20:22:44] → Scraping 51074465
[2025-12-30 20:22:44] → Scraping 51074604
[2025-12-30 20:22:44] → Scraping 51078301
[2025-12-30 20:22:47] ✓ Saved 10 listings to CSV
[2025-12-30 20:22:47]   ✓ Batch: 10/10 saved
[2025-12-30 20:22:47] → Scraping 51057639
[2025-12-30 20:22:47] → Scraping 51077874
[2025-12-30 20:22:47] → Scraping 51070722
[2025-12-30 20:22:47] → Scraping 51074691
[2025-12-30 20:22:47] → Scraping 51070687
[2025-12-30 20:22:47] → Scraping 51085489
[2025-12-30 20:22:47] → Scraping 51081911
[2025-12-30 20:22:47] → Scraping 51081878
[2025-12-30 20:22:47] → Scraping 51081375
[2025-12-30 20:22:47] → Scraping 51077548
[2025-12-30 20:22:51] ✓ Saved 10 listings to CSV
[2025-12-30 20:22:51]   ✓ Batch: 10/10 saved
[2025-12-30 20:22:53] 
▶ Page 326
[2025-12-30 20:22:54] ✓ Found 30 listings
[2025-12-30 20:22:54] → Scraping 51070149
[2025-12-30 20:22:54] → Scraping 51077423
[2025-12-30 20:22:54] → Scraping 51070152
[2025-12-30 20:22:54] → Scraping 51070142
[2025-12-30 20:22:54] → Scraping 51052535
[2025-12-30 20:22:54] → Scraping 51052403
[2025-12-30 20:22:54] → Scraping 51056895
[2025-12-30 20:22:54] → Scraping 51057376
[2025-12-30 20:22:54] → Scraping 51057224
[2025-12-30 20:22:54] → Scraping 51069836
[2025-12-30 20:22:58] ✓ Saved 10 listings to CSV
[2025-12-30 20:22:58]   ✓ Batch: 10/10 saved
[2025-12-30 20:22:58] → Scraping 51062427
[2025-12-30 20:22:58] → Scraping 51066493
[2025-12-30 20:22:58] → Scraping 51066337
[2025-12-30 20:22:58] → Scraping 51119967
[2025-12-30 20:22:58] → Scraping 2640073
[2025-12-30 20:22:58] → Scraping 51108214
[2025-12-30 20:22:58] → Scraping 51108216
[2025-12-30 20:22:58] → Scraping 2640070
[2025-12-30 20:22:58] → Scraping 51129357
[2025-12-30 20:22:58] → Scraping 51103560
[2025-12-30 20:23:01] ✓ Saved 10 listings to CSV
[2025-12-30 20:23:01]   ✓ Batch: 10/10 saved
[2025-12-30 20:23:01] → Scraping 51107012
[2025-12-30 20:23:01] → Scraping 51113837
[2025-12-30 20:23:01] → Scraping 51107014
[2025-12-30 20:23:01] → Scraping 51126406
[2025-12-30 20:23:01] → Scraping 3239158
[2025-12-30 20:23:01] → Scraping 3239677
[2025-12-30 20:23:01] → Scraping 3239678
[2025-12-30 20:23:01] → Scraping 3239679
[2025-12-30 20:23:01] → Scraping 51056048
[2025-12-30 20:23:01] → Scraping 51107100
[2025-12-30 20:23:05] ✓ Saved 10 listings to CSV
[2025-12-30 20:23:05]   ✓ Batch: 10/10 saved
[2025-12-30 20:23:07] 
▶ Page 327
[2025-12-30 20:23:09] ✓ Found 30 listings
[2025-12-30 20:23:09] → Scraping 51043313
[2025-12-30 20:23:09] → Scraping 51120488
[2025-12-30 20:23:09] → Scraping 51086635
[2025-12-30 20:23:09] → Scraping 51116594
[2025-12-30 20:23:09] → Scraping 51077902
[2025-12-30 20:23:09] → Scraping 51100095
[2025-12-30 20:23:09] → Scraping 51123089
[2025-12-30 20:23:09] → Scraping 51124535
[2025-12-30 20:23:09] → Scraping 51104729
[2025-12-30 20:23:09] → Scraping 51043481
[2025-12-30 20:23:12] ✓ Saved 10 listings to CSV
[2025-12-30 20:23:12]   ✓ Batch: 10/10 saved
[2025-12-30 20:23:12] → Scraping 51108293
[2025-12-30 20:23:12] → Scraping 51105045
[2025-12-30 20:23:12] → Scraping 51070972
[2025-12-30 20:23:12] → Scraping 51129356
[2025-12-30 20:23:12] → Scraping 51110384
[2025-12-30 20:23:12] → Scraping 51048007
[2025-12-30 20:23:12] → Scraping 51091578
[2025-12-30 20:23:12] → Scraping 51050480
[2025-12-30 20:23:12] → Scraping 2640069
[2025-12-30 20:23:12] → Scraping 2640068
[2025-12-30 20:23:15] ✓ Saved 10 listings to CSV
[2025-12-30 20:23:15]   ✓ Batch: 10/10 saved
[2025-12-30 20:23:15] → Scraping 51129355
[2025-12-30 20:23:15] → Scraping 51129354
[2025-12-30 20:23:15] → Scraping 2640065
[2025-12-30 20:23:15] → Scraping 51129353
[2025-12-30 20:23:15] → Scraping 2640063
[2025-12-30 20:23:15] → Scraping 51129352
[2025-12-30 20:23:15] → Scraping 51129346
[2025-12-30 20:23:15] → Scraping 2640061
[2025-12-30 20:23:15] → Scraping 2640060
[2025-12-30 20:23:15] → Scraping 2640059
[2025-12-30 20:23:19] ✓ Saved 10 listings to CSV
[2025-12-30 20:23:19]   ✓ Batch: 10/10 saved
[2025-12-30 20:23:21] 
▶ Page 328
[2025-12-30 20:23:22] ✓ Found 30 listings
[2025-12-30 20:23:22] → Scraping 2640058
[2025-12-30 20:23:22] → Scraping 2640056
[2025-12-30 20:23:22] → Scraping 2640055
[2025-12-30 20:23:22] → Scraping 51129345
[2025-12-30 20:23:22] → Scraping 51129344
[2025-12-30 20:23:22] → Scraping 51129343
[2025-12-30 20:23:22] → Scraping 51129342
[2025-12-30 20:23:22] → Scraping 51129341
[2025-12-30 20:23:22] → Scraping 51129339
[2025-12-30 20:23:22] → Scraping 2640054
[2025-12-30 20:23:26] ✓ Saved 10 listings to CSV
[2025-12-30 20:23:26]   ✓ Batch: 10/10 saved
[2025-12-30 20:23:26] → Scraping 487177
[2025-12-30 20:23:26] → Scraping 51129338
[2025-12-30 20:23:26] → Scraping 3239759
[2025-12-30 20:23:26] → Scraping 2640052
[2025-12-30 20:23:26] → Scraping 5972908
[2025-12-30 20:23:26] → Scraping 51036176
[2025-12-30 20:23:26] → Scraping 5980944
[2025-12-30 20:23:26] → Scraping 51049247
[2025-12-30 20:23:26] → Scraping 51039224
[2025-12-30 20:23:26] → Scraping 5980365
[2025-12-30 20:23:29] ✓ Saved 10 listings to CSV
[2025-12-30 20:23:29]   ✓ Batch: 10/10 saved
[2025-12-30 20:23:29] → Scraping 5980634
[2025-12-30 20:23:29] → Scraping 5980266
[2025-12-30 20:23:29] → Scraping 51041156
[2025-12-30 20:23:29] → Scraping 5980457
[2025-12-30 20:23:29] → Scraping 5980986
[2025-12-30 20:23:29] → Scraping 51048966
[2025-12-30 20:23:29] → Scraping 51050084
[2025-12-30 20:23:29] → Scraping 51049223
[2025-12-30 20:23:29] → Scraping 5981221
[2025-12-30 20:23:29] → Scraping 5972227
[2025-12-30 20:23:33] ✓ Saved 10 listings to CSV
[2025-12-30 20:23:33]   ✓ Batch: 10/10 saved
[2025-12-30 20:23:35] 
▶ Page 329
[2025-12-30 20:23:37] ✓ Found 30 listings
[2025-12-30 20:23:37] → Scraping 51023388
[2025-12-30 20:23:37] → Scraping 51030449
[2025-12-30 20:23:37] → Scraping 5970960
[2025-12-30 20:23:37] → Scraping 51011721
[2025-12-30 20:23:37] → Scraping 5975181
[2025-12-30 20:23:37] → Scraping 5981013
[2025-12-30 20:23:37] → Scraping 5995175
[2025-12-30 20:23:37] → Scraping 2640051
[2025-12-30 20:23:37] → Scraping 5980123
[2025-12-30 20:23:37] → Scraping 5980270
[2025-12-30 20:23:40] ✓ Saved 10 listings to CSV
[2025-12-30 20:23:40]   ✓ Batch: 10/10 saved
[2025-12-30 20:23:40] → Scraping 5980345
[2025-12-30 20:23:40] → Scraping 51123409
[2025-12-30 20:23:40] → Scraping 51026425
[2025-12-30 20:23:40] → Scraping 5975182
[2025-12-30 20:23:40] → Scraping 5980607
[2025-12-30 20:23:40] → Scraping 5977172
[2025-12-30 20:23:40] → Scraping 5984849
[2025-12-30 20:23:40] → Scraping 5979051
[2025-12-30 20:23:40] → Scraping 5980443
[2025-12-30 20:23:40] → Scraping 5973023
[2025-12-30 20:23:44] ✓ Saved 10 listings to CSV
[2025-12-30 20:23:44]   ✓ Batch: 10/10 saved
[2025-12-30 20:23:44] → Scraping 5980434
[2025-12-30 20:23:44] → Scraping 5980336
[2025-12-30 20:23:44] → Scraping 51018310
[2025-12-30 20:23:44] → Scraping 5975166
[2025-12-30 20:23:44] → Scraping 5968559
[2025-12-30 20:23:44] → Scraping 5979924
[2025-12-30 20:23:44] → Scraping 51025566
[2025-12-30 20:23:44] → Scraping 51030451
[2025-12-30 20:23:44] → Scraping 5981152
[2025-12-30 20:23:44] → Scraping 51025792
[2025-12-30 20:23:47] ✓ Saved 10 listings to CSV
[2025-12-30 20:23:47]   ✓ Batch: 10/10 saved
[2025-12-30 20:23:49] 
▶ Page 330
[2025-12-30 20:23:51] ✓ Found 30 listings
[2025-12-30 20:23:51] → Scraping 5980240
[2025-12-30 20:23:51] → Scraping 51050038
[2025-12-30 20:23:51] → Scraping 5980629
[2025-12-30 20:23:51] → Scraping 5982032
[2025-12-30 20:23:51] → Scraping 51129337
[2025-12-30 20:23:51] → Scraping 5991895
[2025-12-30 20:23:51] → Scraping 5980447
[2025-12-30 20:23:51] → Scraping 5980364
[2025-12-30 20:23:51] → Scraping 5972209
[2025-12-30 20:23:51] → Scraping 2640050
[2025-12-30 20:23:54] ✓ Saved 10 listings to CSV
[2025-12-30 20:23:54]   ✓ Batch: 10/10 saved
[2025-12-30 20:23:54] → Scraping 51031288
[2025-12-30 20:23:54] → Scraping 51023925
[2025-12-30 20:23:54] → Scraping 51042448
[2025-12-30 20:23:54] → Scraping 5968302
[2025-12-30 20:23:54] → Scraping 5973880
[2025-12-30 20:23:54] → Scraping 2640049
[2025-12-30 20:23:54] → Scraping 51022755
[2025-12-30 20:23:54] → Scraping 5988693
[2025-12-30 20:23:54] → Scraping 5982960
[2025-12-30 20:23:54] → Scraping 5997389
[2025-12-30 20:23:57] ✓ Saved 10 listings to CSV
[2025-12-30 20:23:57]   ✓ Batch: 10/10 saved
[2025-12-30 20:23:57] → Scraping 51050068
[2025-12-30 20:23:57] → Scraping 5980476
[2025-12-30 20:23:57] → Scraping 51129336
[2025-12-30 20:23:57] → Scraping 2640048
[2025-12-30 20:23:57] → Scraping 2640047
[2025-12-30 20:23:57] → Scraping 2640046
[2025-12-30 20:23:57] → Scraping 51119481
[2025-12-30 20:23:57] → Scraping 137263
[2025-12-30 20:23:57] → Scraping 51129335
[2025-12-30 20:23:57] → Scraping 51129334
[2025-12-30 20:24:01] ✓ Saved 10 listings to CSV
[2025-12-30 20:24:01]   ✓ Batch: 10/10 saved
[2025-12-30 20:24:03] 
▶ Page 331
[2025-12-30 20:24:04] ✓ Found 30 listings
[2025-12-30 20:24:04] → Scraping 51129333
[2025-12-30 20:24:04] → Scraping 51129332
[2025-12-30 20:24:04] → Scraping 5630967
[2025-12-30 20:24:04] → Scraping 2640045
[2025-12-30 20:24:04] → Scraping 2640044
[2025-12-30 20:24:04] → Scraping 2640043
[2025-12-30 20:24:04] → Scraping 51129331
[2025-12-30 20:24:04] → Scraping 51129328
[2025-12-30 20:24:04] → Scraping 2640042
[2025-12-30 20:24:04] → Scraping 2640041
[2025-12-30 20:24:08] ✓ Saved 10 listings to CSV
[2025-12-30 20:24:08]   ✓ Batch: 10/10 saved
[2025-12-30 20:24:08] → Scraping 51129326
[2025-12-30 20:24:08] → Scraping 51129325
[2025-12-30 20:24:08] → Scraping 51129324
[2025-12-30 20:24:08] → Scraping 2640040
[2025-12-30 20:24:08] → Scraping 51129323
[2025-12-30 20:24:08] → Scraping 51129322
[2025-12-30 20:24:08] → Scraping 51129320
[2025-12-30 20:24:08] → Scraping 51129319
[2025-12-30 20:24:08] → Scraping 51129318
[2025-12-30 20:24:08] → Scraping 51129316
[2025-12-30 20:24:11] ✓ Saved 10 listings to CSV
[2025-12-30 20:24:11]   ✓ Batch: 10/10 saved
[2025-12-30 20:24:11] → Scraping 2640038
[2025-12-30 20:24:11] → Scraping 2640037
[2025-12-30 20:24:11] → Scraping 51129315
[2025-12-30 20:24:11] → Scraping 2640036
[2025-12-30 20:24:11] → Scraping 51129314
[2025-12-30 20:24:11] → Scraping 51129313
[2025-12-30 20:24:11] → Scraping 51129312
[2025-12-30 20:24:11] → Scraping 51129309
[2025-12-30 20:24:11] → Scraping 51129308
[2025-12-30 20:24:11] → Scraping 2640034
[2025-12-30 20:24:14] ✓ Saved 10 listings to CSV
[2025-12-30 20:24:14]   ✓ Batch: 10/10 saved
[2025-12-30 20:24:16] 
▶ Page 332
[2025-12-30 20:24:18] ✓ Found 30 listings
[2025-12-30 20:24:18] → Scraping 2640033
[2025-12-30 20:24:18] → Scraping 51062290
[2025-12-30 20:24:18] → Scraping 5566864
[2025-12-30 20:24:18] → Scraping 5748657
[2025-12-30 20:24:18] → Scraping 5572644
[2025-12-30 20:24:18] → Scraping 5575477
[2025-12-30 20:24:18] → Scraping 5577816
[2025-12-30 20:24:18] → Scraping 5575196
[2025-12-30 20:24:18] → Scraping 5575224
[2025-12-30 20:24:18] → Scraping 5963529
[2025-12-30 20:24:21] ✓ Saved 10 listings to CSV
[2025-12-30 20:24:21]   ✓ Batch: 10/10 saved
[2025-12-30 20:24:21] → Scraping 5703813
[2025-12-30 20:24:21] → Scraping 5578586
[2025-12-30 20:24:21] → Scraping 51071736
[2025-12-30 20:24:21] → Scraping 5695136
[2025-12-30 20:24:21] → Scraping 5579626
[2025-12-30 20:24:21] → Scraping 5578831
[2025-12-30 20:24:21] → Scraping 51051290
[2025-12-30 20:24:21] → Scraping 2640032
[2025-12-30 20:24:21] → Scraping 2640030
[2025-12-30 20:24:21] → Scraping 51129307
[2025-12-30 20:24:25] ✓ Saved 10 listings to CSV
[2025-12-30 20:24:25]   ✓ Batch: 10/10 saved
[2025-12-30 20:24:25] → Scraping 51129306
[2025-12-30 20:24:25] → Scraping 2632195
[2025-12-30 20:24:25] → Scraping 51129305
[2025-12-30 20:24:25] → Scraping 2640029
[2025-12-30 20:24:25] → Scraping 51021704
[2025-12-30 20:24:25] → Scraping 51044889
[2025-12-30 20:24:25] → Scraping 51083654
[2025-12-30 20:24:25] → Scraping 51129303
[2025-12-30 20:24:25] → Scraping 51129301
[2025-12-30 20:24:25] → Scraping 51129300
[2025-12-30 20:24:28] ✓ Saved 10 listings to CSV
[2025-12-30 20:24:28]   ✓ Batch: 10/10 saved
[2025-12-30 20:24:30] 
▶ Page 333
[2025-12-30 20:24:32] ✓ Found 30 listings
[2025-12-30 20:24:32] → Scraping 2640028
[2025-12-30 20:24:32] → Scraping 2640027
[2025-12-30 20:24:32] → Scraping 51129298
[2025-12-30 20:24:32] → Scraping 2640026
[2025-12-30 20:24:32] → Scraping 2640025
[2025-12-30 20:24:32] → Scraping 2640024
[2025-12-30 20:24:32] → Scraping 51129296
[2025-12-30 20:24:32] → Scraping 2640023
[2025-12-30 20:24:32] → Scraping 2640022
[2025-12-30 20:24:32] → Scraping 51129293
[2025-12-30 20:24:35] ✓ Saved 10 listings to CSV
[2025-12-30 20:24:35]   ✓ Batch: 10/10 saved
[2025-12-30 20:24:35] → Scraping 51129292
[2025-12-30 20:24:35] → Scraping 51129290
[2025-12-30 20:24:35] → Scraping 51129289
[2025-12-30 20:24:35] → Scraping 2640021
[2025-12-30 20:24:35] → Scraping 2640020
[2025-12-30 20:24:35] → Scraping 51129288
[2025-12-30 20:24:35] → Scraping 2632559
[2025-12-30 20:24:35] → Scraping 2629611
[2025-12-30 20:24:35] → Scraping 51129286
[2025-12-30 20:24:35] → Scraping 2640018
[2025-12-30 20:24:38] ✓ Saved 10 listings to CSV
[2025-12-30 20:24:38]   ✓ Batch: 10/10 saved
[2025-12-30 20:24:38] → Scraping 51129285
[2025-12-30 20:24:38] → Scraping 2640017
[2025-12-30 20:24:38] → Scraping 51129284
[2025-12-30 20:24:38] → Scraping 51129283
[2025-12-30 20:24:38] → Scraping 51129282
[2025-12-30 20:24:38] → Scraping 2640016
[2025-12-30 20:24:38] → Scraping 51129281
[2025-12-30 20:24:38] → Scraping 51129280
[2025-12-30 20:24:38] → Scraping 2640015
[2025-12-30 20:24:38] → Scraping 51126417
[2025-12-30 20:24:42] ✓ Saved 10 listings to CSV
[2025-12-30 20:24:42]   ✓ Batch: 10/10 saved
[2025-12-30 20:24:44] 
▶ Page 334
[2025-12-30 20:24:45] ✓ Found 30 listings
[2025-12-30 20:24:45] → Scraping 2640014
[2025-12-30 20:24:45] → Scraping 51121874
[2025-12-30 20:24:45] → Scraping 3239758
[2025-12-30 20:24:45] → Scraping 51129279
[2025-12-30 20:24:45] → Scraping 2640013
[2025-12-30 20:24:45] → Scraping 51129278
[2025-12-30 20:24:45] → Scraping 2640012
[2025-12-30 20:24:45] → Scraping 51129277
[2025-12-30 20:24:45] → Scraping 2640011
[2025-12-30 20:24:45] → Scraping 51129276
[2025-12-30 20:24:49] ✓ Saved 10 listings to CSV
[2025-12-30 20:24:49]   ✓ Batch: 10/10 saved
[2025-12-30 20:24:49] → Scraping 2640010
[2025-12-30 20:24:49] → Scraping 2640009
[2025-12-30 20:24:49] → Scraping 2640008
[2025-12-30 20:24:49] → Scraping 2640007
[2025-12-30 20:24:49] → Scraping 2640006
[2025-12-30 20:24:49] → Scraping 51129275
[2025-12-30 20:24:49] → Scraping 51129274
[2025-12-30 20:24:49] → Scraping 5580568
[2025-12-30 20:24:49] → Scraping 2640005
[2025-12-30 20:24:49] → Scraping 51129273
[2025-12-30 20:24:52] ✓ Saved 10 listings to CSV
[2025-12-30 20:24:52]   ✓ Batch: 10/10 saved
[2025-12-30 20:24:52] → Scraping 51129272
[2025-12-30 20:24:52] → Scraping 51129271
[2025-12-30 20:24:52] → Scraping 2640003
[2025-12-30 20:24:52] → Scraping 51128494
[2025-12-30 20:24:52] → Scraping 2640002
[2025-12-30 20:24:52] → Scraping 2640001
[2025-12-30 20:24:52] → Scraping 51129268
[2025-12-30 20:24:52] → Scraping 2639999
[2025-12-30 20:24:52] → Scraping 51129225
[2025-12-30 20:24:52] → Scraping 51129226
[2025-12-30 20:24:56] ✓ Saved 10 listings to CSV
[2025-12-30 20:24:56]   ✓ Batch: 10/10 saved
[2025-12-30 20:24:58] 
▶ Page 335
[2025-12-30 20:24:59] ✓ Found 30 listings
[2025-12-30 20:24:59] → Scraping 2639998
[2025-12-30 20:24:59] → Scraping 51129265
[2025-12-30 20:24:59] → Scraping 51129263
[2025-12-30 20:24:59] → Scraping 51129261
[2025-12-30 20:24:59] → Scraping 51129260
[2025-12-30 20:24:59] → Scraping 51129259
[2025-12-30 20:24:59] → Scraping 51129258
[2025-12-30 20:24:59] → Scraping 51129256
[2025-12-30 20:24:59] → Scraping 2639997
[2025-12-30 20:24:59] → Scraping 51129255
[2025-12-30 20:25:03] ✓ Saved 10 listings to CSV
[2025-12-30 20:25:03]   ✓ Batch: 10/10 saved
[2025-12-30 20:25:03] → Scraping 2639996
[2025-12-30 20:25:03] → Scraping 51129254
[2025-12-30 20:25:03] → Scraping 51129252
[2025-12-30 20:25:03] → Scraping 2639995
[2025-12-30 20:25:03] → Scraping 51129250
[2025-12-30 20:25:03] → Scraping 51126174
[2025-12-30 20:25:03] → Scraping 51129249
[2025-12-30 20:25:03] → Scraping 51129248
[2025-12-30 20:25:03] → Scraping 51129247
[2025-12-30 20:25:03] → Scraping 2639994
[2025-12-30 20:25:06] ✓ Saved 10 listings to CSV
[2025-12-30 20:25:06]   ✓ Batch: 10/10 saved
[2025-12-30 20:25:06] → Scraping 51129242
[2025-12-30 20:25:06] → Scraping 51129241
[2025-12-30 20:25:06] → Scraping 51129240
[2025-12-30 20:25:06] → Scraping 51129239
[2025-12-30 20:25:06] → Scraping 2639993
[2025-12-30 20:25:06] → Scraping 2639992
[2025-12-30 20:25:06] → Scraping 51129237
[2025-12-30 20:25:06] → Scraping 2639991
[2025-12-30 20:25:06] → Scraping 51129236
[2025-12-30 20:25:06] → Scraping 2639990
[2025-12-30 20:25:10] ✓ Saved 10 listings to CSV
[2025-12-30 20:25:10]   ✓ Batch: 10/10 saved
[2025-12-30 20:25:12] 
▶ Page 336
[2025-12-30 20:25:13] ✓ Found 30 listings
[2025-12-30 20:25:13] → Scraping 2639989
[2025-12-30 20:25:13] → Scraping 2638230
[2025-12-30 20:25:13] → Scraping 2638151
[2025-12-30 20:25:13] → Scraping 2638104
[2025-12-30 20:25:13] → Scraping 2628545
[2025-12-30 20:25:13] → Scraping 2638277
[2025-12-30 20:25:13] → Scraping 2638347
[2025-12-30 20:25:13] → Scraping 2638406
[2025-12-30 20:25:13] → Scraping 51129234
[2025-12-30 20:25:13] → Scraping 2639988
[2025-12-30 20:25:17] ✓ Saved 10 listings to CSV
[2025-12-30 20:25:17]   ✓ Batch: 10/10 saved
[2025-12-30 20:25:17] → Scraping 51129233
[2025-12-30 20:25:17] → Scraping 2639986
[2025-12-30 20:25:17] → Scraping 51129232
[2025-12-30 20:25:17] → Scraping 51129231
[2025-12-30 20:25:17] → Scraping 51129229
[2025-12-30 20:25:17] → Scraping 51129228
[2025-12-30 20:25:17] → Scraping 51129227
[2025-12-30 20:25:17] → Scraping 2639985
[2025-12-30 20:25:17] → Scraping 2639984
[2025-12-30 20:25:17] → Scraping 51120469
[2025-12-30 20:25:20] ✓ Saved 10 listings to CSV
[2025-12-30 20:25:20]   ✓ Batch: 10/10 saved
[2025-12-30 20:25:20] → Scraping 51129224
[2025-12-30 20:25:20] → Scraping 2639982
[2025-12-30 20:25:20] → Scraping 2639981
[2025-12-30 20:25:20] → Scraping 2639980
[2025-12-30 20:25:20] → Scraping 2639979
[2025-12-30 20:25:20] → Scraping 2639978
[2025-12-30 20:25:20] → Scraping 51129223
[2025-12-30 20:25:20] → Scraping 51126472
[2025-12-30 20:25:20] → Scraping 51093321
[2025-12-30 20:25:20] → Scraping 51129222
[2025-12-30 20:25:24] ✓ Saved 10 listings to CSV
[2025-12-30 20:25:24]   ✓ Batch: 10/10 saved
[2025-12-30 20:25:26] 
▶ Page 337
[2025-12-30 20:25:27] ✓ Found 30 listings
[2025-12-30 20:25:27] → Scraping 51119562
[2025-12-30 20:25:27] → Scraping 51119561
[2025-12-30 20:25:27] → Scraping 51100483
[2025-12-30 20:25:27] → Scraping 51078672
[2025-12-30 20:25:27] → Scraping 51078674
[2025-12-30 20:25:27] → Scraping 51078671
[2025-12-30 20:25:27] → Scraping 51099648
[2025-12-30 20:25:27] → Scraping 51078673
[2025-12-30 20:25:27] → Scraping 51099649
[2025-12-30 20:25:27] → Scraping 51078675
[2025-12-30 20:25:30] ✓ Saved 10 listings to CSV
[2025-12-30 20:25:30]   ✓ Batch: 10/10 saved
[2025-12-30 20:25:30] → Scraping 51103576
[2025-12-30 20:25:30] → Scraping 2639977
[2025-12-30 20:25:30] → Scraping 51129219
[2025-12-30 20:25:30] → Scraping 2638387
[2025-12-30 20:25:30] → Scraping 51129218
[2025-12-30 20:25:30] → Scraping 51129217
[2025-12-30 20:25:30] → Scraping 51129216
[2025-12-30 20:25:30] → Scraping 51129215
[2025-12-30 20:25:30] → Scraping 51129214
[2025-12-30 20:25:30] → Scraping 51129213
[2025-12-30 20:25:34] ✓ Saved 10 listings to CSV
[2025-12-30 20:25:34]   ✓ Batch: 10/10 saved
[2025-12-30 20:25:34] → Scraping 51129212
[2025-12-30 20:25:34] → Scraping 51129211
[2025-12-30 20:25:34] → Scraping 51129210
[2025-12-30 20:25:34] → Scraping 487176
[2025-12-30 20:25:34] → Scraping 51074877
[2025-12-30 20:25:34] → Scraping 51123213
[2025-12-30 20:25:34] → Scraping 51122967
[2025-12-30 20:25:34] → Scraping 51129208
[2025-12-30 20:25:34] → Scraping 51129207
[2025-12-30 20:25:34] → Scraping 5903010
[2025-12-30 20:25:37] ✓ Saved 10 listings to CSV
[2025-12-30 20:25:37]   ✓ Batch: 10/10 saved
[2025-12-30 20:25:39] 
▶ Page 338
[2025-12-30 20:25:41] ✓ Found 30 listings
[2025-12-30 20:25:41] → Scraping 51126200
[2025-12-30 20:25:41] → Scraping 51126209
[2025-12-30 20:25:41] → Scraping 51115355
[2025-12-30 20:25:41] → Scraping 51124932
[2025-12-30 20:25:41] → Scraping 51120459
[2025-12-30 20:25:41] → Scraping 51084949
[2025-12-30 20:25:41] → Scraping 51090519
[2025-12-30 20:25:41] → Scraping 51090518
[2025-12-30 20:25:41] → Scraping 51094207
[2025-12-30 20:25:41] → Scraping 51086195
[2025-12-30 20:25:44] ✓ Saved 10 listings to CSV
[2025-12-30 20:25:44]   ✓ Batch: 10/10 saved
[2025-12-30 20:25:44] → Scraping 51103591
[2025-12-30 20:25:44] → Scraping 51025728
[2025-12-30 20:25:44] → Scraping 51057229
[2025-12-30 20:25:44] → Scraping 51119837
[2025-12-30 20:25:44] → Scraping 51117519
[2025-12-30 20:25:44] → Scraping 51035516
[2025-12-30 20:25:44] → Scraping 5944267
[2025-12-30 20:25:44] → Scraping 5919793
[2025-12-30 20:25:44] → Scraping 5993399
[2025-12-30 20:25:44] → Scraping 5996996
[2025-12-30 20:25:48] ✓ Saved 10 listings to CSV
[2025-12-30 20:25:48]   ✓ Batch: 10/10 saved
[2025-12-30 20:25:48] → Scraping 5966355
[2025-12-30 20:25:48] → Scraping 5919986
[2025-12-30 20:25:48] → Scraping 5847752
[2025-12-30 20:25:48] → Scraping 5892077
[2025-12-30 20:25:48] → Scraping 5905519
[2025-12-30 20:25:48] → Scraping 5993421
[2025-12-30 20:25:48] → Scraping 5904035
[2025-12-30 20:25:48] → Scraping 51026707
[2025-12-30 20:25:48] → Scraping 51020948
[2025-12-30 20:25:48] → Scraping 5993396
[2025-12-30 20:25:52] ✓ Saved 10 listings to CSV
[2025-12-30 20:25:52]   ✓ Batch: 10/10 saved
[2025-12-30 20:25:54] 
▶ Page 339
[2025-12-30 20:25:56] ✓ Found 30 listings
[2025-12-30 20:25:56] → Scraping 5993395
[2025-12-30 20:25:56] → Scraping 5998066
[2025-12-30 20:25:56] → Scraping 51057483
[2025-12-30 20:25:56] → Scraping 5989805
[2025-12-30 20:25:56] → Scraping 5990603
[2025-12-30 20:25:56] → Scraping 5989955
[2025-12-30 20:25:56] → Scraping 5989149
[2025-12-30 20:25:56] → Scraping 5978637
[2025-12-30 20:25:56] → Scraping 5980120
[2025-12-30 20:25:56] → Scraping 51055254
[2025-12-30 20:25:59] ✓ Saved 10 listings to CSV
[2025-12-30 20:25:59]   ✓ Batch: 10/10 saved
[2025-12-30 20:25:59] → Scraping 2639976
[2025-12-30 20:25:59] → Scraping 51129206
[2025-12-30 20:25:59] → Scraping 51129205
[2025-12-30 20:25:59] → Scraping 2639975
[2025-12-30 20:25:59] → Scraping 51129204
[2025-12-30 20:25:59] → Scraping 2639974
[2025-12-30 20:25:59] → Scraping 2639972
[2025-12-30 20:25:59] → Scraping 2639971
[2025-12-30 20:25:59] → Scraping 51129203
[2025-12-30 20:25:59] → Scraping 2639970
[2025-12-30 20:26:03] ✓ Saved 10 listings to CSV
[2025-12-30 20:26:03]   ✓ Batch: 10/10 saved
[2025-12-30 20:26:03] → Scraping 3239757
[2025-12-30 20:26:03] → Scraping 51129202
[2025-12-30 20:26:03] → Scraping 2639969
[2025-12-30 20:26:03] → Scraping 2639968
[2025-12-30 20:26:03] → Scraping 2639967
[2025-12-30 20:26:03] → Scraping 51129201
[2025-12-30 20:26:03] → Scraping 51085450
[2025-12-30 20:26:03] → Scraping 51122073
[2025-12-30 20:26:03] → Scraping 51121984
[2025-12-30 20:26:03] → Scraping 51121846
[2025-12-30 20:26:07] ✓ Saved 10 listings to CSV
[2025-12-30 20:26:07]   ✓ Batch: 10/10 saved
[2025-12-30 20:26:09] 
▶ Page 340
[2025-12-30 20:26:10] ✓ Found 30 listings
[2025-12-30 20:26:10] → Scraping 51116439
[2025-12-30 20:26:10] → Scraping 3239756
[2025-12-30 20:26:10] → Scraping 51125958
[2025-12-30 20:26:10] → Scraping 51126068
[2025-12-30 20:26:10] → Scraping 51126070
[2025-12-30 20:26:10] → Scraping 51129200
[2025-12-30 20:26:10] → Scraping 51129199
[2025-12-30 20:26:10] → Scraping 5575007
[2025-12-30 20:26:10] → Scraping 5424689
[2025-12-30 20:26:10] → Scraping 5355611
[2025-12-30 20:26:13] ✓ Saved 10 listings to CSV
[2025-12-30 20:26:13]   ✓ Batch: 10/10 saved
[2025-12-30 20:26:13] → Scraping 5355306
[2025-12-30 20:26:13] → Scraping 51058438
[2025-12-30 20:26:13] → Scraping 2639965
[2025-12-30 20:26:13] → Scraping 5616440
[2025-12-30 20:26:13] → Scraping 51090389
[2025-12-30 20:26:13] → Scraping 5294693
[2025-12-30 20:26:13] → Scraping 5973678
[2025-12-30 20:26:13] → Scraping 51049200
[2025-12-30 20:26:13] → Scraping 5355216
[2025-12-30 20:26:13] → Scraping 51058505
[2025-12-30 20:26:17] ✓ Saved 10 listings to CSV
[2025-12-30 20:26:17]   ✓ Batch: 10/10 saved
[2025-12-30 20:26:17] → Scraping 51129197
[2025-12-30 20:26:17] → Scraping 5456404
[2025-12-30 20:26:17] → Scraping 5540258
[2025-12-30 20:26:17] → Scraping 5540255
[2025-12-30 20:26:17] → Scraping 5575006
[2025-12-30 20:26:17] → Scraping 51004792
[2025-12-30 20:26:17] → Scraping 51005012
[2025-12-30 20:26:17] → Scraping 51005305
[2025-12-30 20:26:17] → Scraping 5305081
[2025-12-30 20:26:17] → Scraping 51129196
[2025-12-30 20:26:20] ✓ Saved 10 listings to CSV
[2025-12-30 20:26:20]   ✓ Batch: 10/10 saved
[2025-12-30 20:26:22] 
▶ Page 341
[2025-12-30 20:26:23] ✓ Found 30 listings
[2025-12-30 20:26:23] → Scraping 51129195
[2025-12-30 20:26:23] → Scraping 51129193
[2025-12-30 20:26:23] → Scraping 51129192
[2025-12-30 20:26:23] → Scraping 51129191
[2025-12-30 20:26:23] → Scraping 51129189
[2025-12-30 20:26:23] → Scraping 2639961
[2025-12-30 20:26:23] → Scraping 2639960
[2025-12-30 20:26:23] → Scraping 51030375
[2025-12-30 20:26:23] → Scraping 2636925
[2025-12-30 20:26:23] → Scraping 2639959
[2025-12-30 20:26:27] ✓ Saved 10 listings to CSV
[2025-12-30 20:26:27]   ✓ Batch: 10/10 saved
[2025-12-30 20:26:27] → Scraping 51084255
[2025-12-30 20:26:27] → Scraping 2639958
[2025-12-30 20:26:27] → Scraping 51129188
[2025-12-30 20:26:27] → Scraping 487175
[2025-12-30 20:26:27] → Scraping 2639956
[2025-12-30 20:26:27] → Scraping 2639955
[2025-12-30 20:26:27] → Scraping 2639954
[2025-12-30 20:26:27] → Scraping 51129187
[2025-12-30 20:26:27] → Scraping 2639953
[2025-12-30 20:26:27] → Scraping 51129186
[2025-12-30 20:26:31] ✓ Saved 10 listings to CSV
[2025-12-30 20:26:31]   ✓ Batch: 10/10 saved
[2025-12-30 20:26:31] → Scraping 51129185
[2025-12-30 20:26:31] → Scraping 51129184
[2025-12-30 20:26:31] → Scraping 51129183
[2025-12-30 20:26:31] → Scraping 51122804
[2025-12-30 20:26:31] → Scraping 5854938
[2025-12-30 20:26:31] → Scraping 5845448
[2025-12-30 20:26:31] → Scraping 5852041
[2025-12-30 20:26:31] → Scraping 5770445
[2025-12-30 20:26:31] → Scraping 5854939
[2025-12-30 20:26:31] → Scraping 5876646
[2025-12-30 20:26:34] ✓ Saved 10 listings to CSV
[2025-12-30 20:26:35]   ✓ Batch: 10/10 saved
[2025-12-30 20:26:37] 
▶ Page 342
[2025-12-30 20:26:38] ✓ Found 30 listings
[2025-12-30 20:26:38] → Scraping 5837642
[2025-12-30 20:26:38] → Scraping 5824615
[2025-12-30 20:26:38] → Scraping 5773207
[2025-12-30 20:26:38] → Scraping 5927896
[2025-12-30 20:26:38] → Scraping 51129182
[2025-12-30 20:26:38] → Scraping 51129181
[2025-12-30 20:26:38] → Scraping 51129180
[2025-12-30 20:26:38] → Scraping 51129179
[2025-12-30 20:26:38] → Scraping 51129178
[2025-12-30 20:26:38] → Scraping 51129177
[2025-12-30 20:26:41] ✓ Saved 10 listings to CSV
[2025-12-30 20:26:41]   ✓ Batch: 10/10 saved
[2025-12-30 20:26:41] → Scraping 51119722
[2025-12-30 20:26:41] → Scraping 51119723
[2025-12-30 20:26:41] → Scraping 51119750
[2025-12-30 20:26:41] → Scraping 51119839
[2025-12-30 20:26:41] → Scraping 51119845
[2025-12-30 20:26:41] → Scraping 51119942
[2025-12-30 20:26:41] → Scraping 51119947
[2025-12-30 20:26:41] → Scraping 51120013
[2025-12-30 20:26:41] → Scraping 51120064
[2025-12-30 20:26:41] → Scraping 51120065
[2025-12-30 20:26:45] ✓ Saved 10 listings to CSV
[2025-12-30 20:26:45]   ✓ Batch: 10/10 saved
[2025-12-30 20:26:45] → Scraping 51120329
[2025-12-30 20:26:45] → Scraping 51120353
[2025-12-30 20:26:45] → Scraping 2639951
[2025-12-30 20:26:45] → Scraping 51075344
[2025-12-30 20:26:45] → Scraping 51129176
[2025-12-30 20:26:45] → Scraping 3239755
[2025-12-30 20:26:45] → Scraping 51083534
[2025-12-30 20:26:45] → Scraping 51129175
[2025-12-30 20:26:45] → Scraping 3239754
[2025-12-30 20:26:45] → Scraping 2639950
[2025-12-30 20:26:49] ✓ Saved 10 listings to CSV
[2025-12-30 20:26:49]   ✓ Batch: 10/10 saved
[2025-12-30 20:26:51] 
▶ Page 343
[2025-12-30 20:26:52] ✓ Found 30 listings
[2025-12-30 20:26:52] → Scraping 3239753
[2025-12-30 20:26:52] → Scraping 51110864
[2025-12-30 20:26:52] → Scraping 51077427
[2025-12-30 20:26:52] → Scraping 51129173
[2025-12-30 20:26:52] → Scraping 51129172
[2025-12-30 20:26:52] → Scraping 51083854
[2025-12-30 20:26:52] → Scraping 2639949
[2025-12-30 20:26:52] → Scraping 51123182
[2025-12-30 20:26:52] → Scraping 51123181
[2025-12-30 20:26:52] → Scraping 51125680
[2025-12-30 20:26:55] ✓ Saved 10 listings to CSV
[2025-12-30 20:26:55]   ✓ Batch: 10/10 saved
[2025-12-30 20:26:55] → Scraping 51123180
[2025-12-30 20:26:55] → Scraping 51123178
[2025-12-30 20:26:55] → Scraping 51123179
[2025-12-30 20:26:55] → Scraping 51123177
[2025-12-30 20:26:55] → Scraping 51123135
[2025-12-30 20:26:55] → Scraping 51123119
[2025-12-30 20:26:55] → Scraping 51123116
[2025-12-30 20:26:55] → Scraping 51123113
[2025-12-30 20:26:55] → Scraping 51123115
[2025-12-30 20:26:55] → Scraping 51123110
[2025-12-30 20:26:59] ✓ Saved 10 listings to CSV
[2025-12-30 20:26:59]   ✓ Batch: 10/10 saved
[2025-12-30 20:26:59] → Scraping 51123109
[2025-12-30 20:26:59] → Scraping 51123111
[2025-12-30 20:26:59] → Scraping 51123107
[2025-12-30 20:26:59] → Scraping 51123108
[2025-12-30 20:26:59] → Scraping 51125953
[2025-12-30 20:26:59] → Scraping 51125954
[2025-12-30 20:26:59] → Scraping 51126076
[2025-12-30 20:26:59] → Scraping 51126077
[2025-12-30 20:26:59] → Scraping 51126078
[2025-12-30 20:26:59] → Scraping 51126158
[2025-12-30 20:27:03] ✓ Saved 10 listings to CSV
[2025-12-30 20:27:03]   ✓ Batch: 10/10 saved
[2025-12-30 20:27:05] 
▶ Page 344
[2025-12-30 20:27:06] ✓ Found 30 listings
[2025-12-30 20:27:06] → Scraping 51126160
[2025-12-30 20:27:06] → Scraping 51126161
[2025-12-30 20:27:06] → Scraping 51126162
[2025-12-30 20:27:06] → Scraping 51126164
[2025-12-30 20:27:06] → Scraping 51126166
[2025-12-30 20:27:06] → Scraping 51126169
[2025-12-30 20:27:06] → Scraping 51126171
[2025-12-30 20:27:06] → Scraping 51126178
[2025-12-30 20:27:06] → Scraping 51126213
[2025-12-30 20:27:06] → Scraping 51126193
[2025-12-30 20:27:10] ✓ Saved 10 listings to CSV
[2025-12-30 20:27:10]   ✓ Batch: 10/10 saved
[2025-12-30 20:27:10] → Scraping 2639948
[2025-12-30 20:27:10] → Scraping 51129169
[2025-12-30 20:27:10] → Scraping 51129168
[2025-12-30 20:27:10] → Scraping 51129167
[2025-12-30 20:27:10] → Scraping 2639947
[2025-12-30 20:27:10] → Scraping 2639946
[2025-12-30 20:27:10] → Scraping 51129165
[2025-12-30 20:27:10] → Scraping 51129164
[2025-12-30 20:27:10] → Scraping 2639945
[2025-12-30 20:27:10] → Scraping 51091591
[2025-12-30 20:27:14] ✓ Saved 10 listings to CSV
[2025-12-30 20:27:14]   ✓ Batch: 10/10 saved
[2025-12-30 20:27:14] → Scraping 51129163
[2025-12-30 20:27:14] → Scraping 2639943
[2025-12-30 20:27:14] → Scraping 51129161
[2025-12-30 20:27:14] → Scraping 51129159
[2025-12-30 20:27:14] → Scraping 51129158
[2025-12-30 20:27:14] → Scraping 2639942
[2025-12-30 20:27:14] → Scraping 51129157
[2025-12-30 20:27:14] → Scraping 51129155
[2025-12-30 20:27:14] → Scraping 51129154
[2025-12-30 20:27:14] → Scraping 51129153
[2025-12-30 20:27:17] ✓ Saved 10 listings to CSV
[2025-12-30 20:27:17]   ✓ Batch: 10/10 saved
[2025-12-30 20:27:19] 
▶ Page 345
[2025-12-30 20:27:21] ✓ Found 30 listings
[2025-12-30 20:27:21] → Scraping 51129152
[2025-12-30 20:27:21] → Scraping 51129151
[2025-12-30 20:27:21] → Scraping 51129150
[2025-12-30 20:27:21] → Scraping 2639940
[2025-12-30 20:27:21] → Scraping 51129146
[2025-12-30 20:27:21] → Scraping 2639939
[2025-12-30 20:27:21] → Scraping 2639938
[2025-12-30 20:27:21] → Scraping 51129144
[2025-12-30 20:27:21] → Scraping 51129143
[2025-12-30 20:27:21] → Scraping 51129142
[2025-12-30 20:27:24] ✓ Saved 10 listings to CSV
[2025-12-30 20:27:24]   ✓ Batch: 10/10 saved
[2025-12-30 20:27:24] → Scraping 2639937
[2025-12-30 20:27:24] → Scraping 51129140
[2025-12-30 20:27:24] → Scraping 51129139
[2025-12-30 20:27:24] → Scraping 51129138
[2025-12-30 20:27:24] → Scraping 51129137
[2025-12-30 20:27:24] → Scraping 51129136
[2025-12-30 20:27:24] → Scraping 51129135
[2025-12-30 20:27:24] → Scraping 2639935
[2025-12-30 20:27:24] → Scraping 2639934
[2025-12-30 20:27:24] → Scraping 2639933
[2025-12-30 20:27:28] ✓ Saved 10 listings to CSV
[2025-12-30 20:27:28]   ✓ Batch: 10/10 saved
[2025-12-30 20:27:28] → Scraping 2639932
[2025-12-30 20:27:28] → Scraping 51021724
[2025-12-30 20:27:28] → Scraping 51017603
[2025-12-30 20:27:28] → Scraping 51017606
[2025-12-30 20:27:28] → Scraping 51006798
[2025-12-30 20:27:28] → Scraping 51012619
[2025-12-30 20:27:28] → Scraping 51006759
[2025-12-30 20:27:28] → Scraping 51025346
[2025-12-30 20:27:28] → Scraping 51008581
[2025-12-30 20:27:28] → Scraping 51021722
[2025-12-30 20:27:32] ✓ Saved 10 listings to CSV
[2025-12-30 20:27:32]   ✓ Batch: 10/10 saved
[2025-12-30 20:27:34] 
▶ Page 346
[2025-12-30 20:27:35] ✓ Found 30 listings
[2025-12-30 20:27:35] → Scraping 51006556
[2025-12-30 20:27:35] → Scraping 51025347
[2025-12-30 20:27:35] → Scraping 51025256
[2025-12-30 20:27:35] → Scraping 51006762
[2025-12-30 20:27:35] → Scraping 51007208
[2025-12-30 20:27:35] → Scraping 51045136
[2025-12-30 20:27:35] → Scraping 51007206
[2025-12-30 20:27:35] → Scraping 51006794
[2025-12-30 20:27:35] → Scraping 51029252
[2025-12-30 20:27:35] → Scraping 51007207
[2025-12-30 20:27:38] ✓ Saved 10 listings to CSV
[2025-12-30 20:27:38]   ✓ Batch: 10/10 saved
[2025-12-30 20:27:38] → Scraping 51025338
[2025-12-30 20:27:38] → Scraping 51010730
[2025-12-30 20:27:38] → Scraping 51129130
[2025-12-30 20:27:38] → Scraping 2639931
[2025-12-30 20:27:38] → Scraping 51129129
[2025-12-30 20:27:38] → Scraping 51129128
[2025-12-30 20:27:38] → Scraping 51129127
[2025-12-30 20:27:38] → Scraping 481127
[2025-12-30 20:27:38] → Scraping 2639930
[2025-12-30 20:27:38] → Scraping 2639929
[2025-12-30 20:27:42] ✓ Saved 10 listings to CSV
[2025-12-30 20:27:42]   ✓ Batch: 10/10 saved
[2025-12-30 20:27:42] → Scraping 51129126
[2025-12-30 20:27:42] → Scraping 51126088
[2025-12-30 20:27:42] → Scraping 51126086
[2025-12-30 20:27:42] → Scraping 51126085
[2025-12-30 20:27:42] → Scraping 51126084
[2025-12-30 20:27:42] → Scraping 51129123
[2025-12-30 20:27:42] → Scraping 2639928
[2025-12-30 20:27:42] → Scraping 51129122
[2025-12-30 20:27:42] → Scraping 51129121
[2025-12-30 20:27:42] → Scraping 2639927
[2025-12-30 20:27:45] ✓ Saved 10 listings to CSV
[2025-12-30 20:27:45]   ✓ Batch: 10/10 saved
[2025-12-30 20:27:47] 
▶ Page 347
[2025-12-30 20:27:49] ✓ Found 30 listings
[2025-12-30 20:27:49] → Scraping 2639926
[2025-12-30 20:27:49] → Scraping 51126092
[2025-12-30 20:27:49] → Scraping 2639925
[2025-12-30 20:27:49] → Scraping 51126089
[2025-12-30 20:27:49] → Scraping 51126083
[2025-12-30 20:27:49] → Scraping 2639924
[2025-12-30 20:27:49] → Scraping 51129120
[2025-12-30 20:27:49] → Scraping 51072742
[2025-12-30 20:27:49] → Scraping 486620
[2025-12-30 20:27:49] → Scraping 486563
[2025-12-30 20:27:52] ✓ Saved 10 listings to CSV
[2025-12-30 20:27:52]   ✓ Batch: 10/10 saved
[2025-12-30 20:27:52] → Scraping 485997
[2025-12-30 20:27:52] → Scraping 485889
[2025-12-30 20:27:52] → Scraping 485888
[2025-12-30 20:27:52] → Scraping 485689
[2025-12-30 20:27:52] → Scraping 486021
[2025-12-30 20:27:52] → Scraping 450212
[2025-12-30 20:27:52] → Scraping 485115
[2025-12-30 20:27:52] → Scraping 483804
[2025-12-30 20:27:52] → Scraping 481101
[2025-12-30 20:27:52] → Scraping 481124
[2025-12-30 20:27:55] ✓ Saved 10 listings to CSV
[2025-12-30 20:27:55]   ✓ Batch: 10/10 saved
[2025-12-30 20:27:55] → Scraping 481102
[2025-12-30 20:27:55] → Scraping 2639922
[2025-12-30 20:27:55] → Scraping 481128
[2025-12-30 20:27:55] → Scraping 484332
[2025-12-30 20:27:55] → Scraping 51129119
[2025-12-30 20:27:55] → Scraping 461735
[2025-12-30 20:27:55] → Scraping 484301
[2025-12-30 20:27:55] → Scraping 453718
[2025-12-30 20:27:55] → Scraping 481171
[2025-12-30 20:27:55] → Scraping 484513
[2025-12-30 20:27:59] ✓ Saved 10 listings to CSV
[2025-12-30 20:27:59]   ✓ Batch: 10/10 saved
[2025-12-30 20:28:01] 
▶ Page 348
[2025-12-30 20:28:02] ✓ Found 30 listings
[2025-12-30 20:28:02] → Scraping 483829
[2025-12-30 20:28:02] → Scraping 483818
[2025-12-30 20:28:02] → Scraping 484923
[2025-12-30 20:28:02] → Scraping 481122
[2025-12-30 20:28:02] → Scraping 451670
[2025-12-30 20:28:02] → Scraping 481129
[2025-12-30 20:28:02] → Scraping 484303
[2025-12-30 20:28:02] → Scraping 481006
[2025-12-30 20:28:02] → Scraping 481119
[2025-12-30 20:28:02] → Scraping 484633
[2025-12-30 20:28:06] ✓ Saved 10 listings to CSV
[2025-12-30 20:28:06]   ✓ Batch: 10/10 saved
[2025-12-30 20:28:06] → Scraping 481120
[2025-12-30 20:28:06] → Scraping 481173
[2025-12-30 20:28:06] → Scraping 484634
[2025-12-30 20:28:06] → Scraping 481156
[2025-12-30 20:28:06] → Scraping 484300
[2025-12-30 20:28:06] → Scraping 483805
[2025-12-30 20:28:06] → Scraping 484237
[2025-12-30 20:28:06] → Scraping 484302
[2025-12-30 20:28:06] → Scraping 484239
[2025-12-30 20:28:06] → Scraping 484390
[2025-12-30 20:28:09] ✓ Saved 10 listings to CSV
[2025-12-30 20:28:09]   ✓ Batch: 10/10 saved
[2025-12-30 20:28:09] → Scraping 51129118
[2025-12-30 20:28:09] → Scraping 481155
[2025-12-30 20:28:09] → Scraping 484236
[2025-12-30 20:28:09] → Scraping 484762
[2025-12-30 20:28:09] → Scraping 484310
[2025-12-30 20:28:09] → Scraping 51129117
[2025-12-30 20:28:09] → Scraping 51129116
[2025-12-30 20:28:09] → Scraping 51124702
[2025-12-30 20:28:09] → Scraping 51124711
[2025-12-30 20:28:09] → Scraping 51125554
[2025-12-30 20:28:13] ✓ Saved 10 listings to CSV
[2025-12-30 20:28:13]   ✓ Batch: 10/10 saved
[2025-12-30 20:28:15] 
▶ Page 349
[2025-12-30 20:28:16] ✓ Found 30 listings
[2025-12-30 20:28:16] → Scraping 51129115
[2025-12-30 20:28:16] → Scraping 51129114
[2025-12-30 20:28:16] → Scraping 2639921
[2025-12-30 20:28:16] → Scraping 5651378
[2025-12-30 20:28:16] → Scraping 51011507
[2025-12-30 20:28:16] → Scraping 51005038
[2025-12-30 20:28:16] → Scraping 51041433
[2025-12-30 20:28:16] → Scraping 5391482
[2025-12-30 20:28:16] → Scraping 51049065
[2025-12-30 20:28:16] → Scraping 51129111
[2025-12-30 20:28:19] ✓ Saved 10 listings to CSV
[2025-12-30 20:28:19]   ✓ Batch: 10/10 saved
[2025-12-30 20:28:19] → Scraping 51058403
[2025-12-30 20:28:19] → Scraping 5957330
[2025-12-30 20:28:19] → Scraping 5402669
[2025-12-30 20:28:19] → Scraping 51058314
[2025-12-30 20:28:19] → Scraping 51041434
[2025-12-30 20:28:19] → Scraping 51027472
[2025-12-30 20:28:19] → Scraping 5973437
[2025-12-30 20:28:19] → Scraping 5955718
[2025-12-30 20:28:19] → Scraping 51085428
[2025-12-30 20:28:19] → Scraping 2639920
[2025-12-30 20:28:23] ✓ Saved 10 listings to CSV
[2025-12-30 20:28:23]   ✓ Batch: 10/10 saved
[2025-12-30 20:28:23] → Scraping 5366074
[2025-12-30 20:28:23] → Scraping 51058281
[2025-12-30 20:28:23] → Scraping 5982948
[2025-12-30 20:28:23] → Scraping 51004790
[2025-12-30 20:28:23] → Scraping 5997991
[2025-12-30 20:28:23] → Scraping 51073949
[2025-12-30 20:28:23] → Scraping 51005045
[2025-12-30 20:28:23] → Scraping 2639919
[2025-12-30 20:28:23] → Scraping 3239751
[2025-12-30 20:28:23] → Scraping 2636699
[2025-12-30 20:28:26] ✓ Saved 10 listings to CSV
[2025-12-30 20:28:26]   ✓ Batch: 10/10 saved
[2025-12-30 20:28:28] 
▶ Page 350
[2025-12-30 20:28:30] ✓ Found 30 listings
[2025-12-30 20:28:30] → Scraping 2639918
[2025-12-30 20:28:30] → Scraping 51129109
[2025-12-30 20:28:30] → Scraping 484299
[2025-12-30 20:28:30] → Scraping 485000
[2025-12-30 20:28:30] → Scraping 485502
[2025-12-30 20:28:30] → Scraping 485651
[2025-12-30 20:28:30] → Scraping 485650
[2025-12-30 20:28:30] → Scraping 485620
[2025-12-30 20:28:30] → Scraping 485439
[2025-12-30 20:28:30] → Scraping 485853
[2025-12-30 20:28:33] ✓ Saved 10 listings to CSV
[2025-12-30 20:28:33]   ✓ Batch: 10/10 saved
[2025-12-30 20:28:33] → Scraping 485666
[2025-12-30 20:28:33] → Scraping 485852
[2025-12-30 20:28:33] → Scraping 485979
[2025-12-30 20:28:33] → Scraping 485967
[2025-12-30 20:28:33] → Scraping 485978
[2025-12-30 20:28:33] → Scraping 485981
[2025-12-30 20:28:33] → Scraping 485980
[2025-12-30 20:28:33] → Scraping 51123055
[2025-12-30 20:28:33] → Scraping 51123057
[2025-12-30 20:28:33] → Scraping 2637872
[2025-12-30 20:28:36] ✓ Saved 10 listings to CSV
[2025-12-30 20:28:36]   ✓ Batch: 10/10 saved
[2025-12-30 20:28:36] → Scraping 51101389
[2025-12-30 20:28:36] → Scraping 51126106
[2025-12-30 20:28:36] → Scraping 51129108
[2025-12-30 20:28:36] → Scraping 51129107
[2025-12-30 20:28:36] → Scraping 51114406
[2025-12-30 20:28:36] → Scraping 51129106
[2025-12-30 20:28:36] → Scraping 51129105
[2025-12-30 20:28:36] → Scraping 51119836
[2025-12-30 20:28:36] → Scraping 51116139
[2025-12-30 20:28:36] → Scraping 51050722
[2025-12-30 20:28:40] ✓ Saved 10 listings to CSV
[2025-12-30 20:28:40]   ✓ Batch: 10/10 saved
[2025-12-30 20:28:42] 
▶ Page 351
[2025-12-30 20:28:44] ✓ Found 30 listings
[2025-12-30 20:28:44] → Scraping 51059731
[2025-12-30 20:28:44] → Scraping 51052035
[2025-12-30 20:28:44] → Scraping 51123137
[2025-12-30 20:28:44] → Scraping 51119971
[2025-12-30 20:28:44] → Scraping 51100826
[2025-12-30 20:28:44] → Scraping 51108503
[2025-12-30 20:28:44] → Scraping 2636702
[2025-12-30 20:28:44] → Scraping 2627165
[2025-12-30 20:28:44] → Scraping 51055930
[2025-12-30 20:28:44] → Scraping 51055875
[2025-12-30 20:28:47] ✓ Saved 10 listings to CSV
[2025-12-30 20:28:47]   ✓ Batch: 10/10 saved
[2025-12-30 20:28:47] → Scraping 51036460
[2025-12-30 20:28:47] → Scraping 51060427
[2025-12-30 20:28:47] → Scraping 51036470
[2025-12-30 20:28:47] → Scraping 51026432
[2025-12-30 20:28:47] → Scraping 51028988
[2025-12-30 20:28:47] → Scraping 5995915
[2025-12-30 20:28:47] → Scraping 51007073
[2025-12-30 20:28:47] → Scraping 5977017
[2025-12-30 20:28:47] → Scraping 5978687
[2025-12-30 20:28:47] → Scraping 5979753
[2025-12-30 20:28:51] ✓ Saved 10 listings to CSV
[2025-12-30 20:28:51]   ✓ Batch: 10/10 saved
[2025-12-30 20:28:51] → Scraping 5955297
[2025-12-30 20:28:51] → Scraping 5966381
[2025-12-30 20:28:51] → Scraping 5966735
[2025-12-30 20:28:51] → Scraping 5971620
[2025-12-30 20:28:51] → Scraping 5976724
[2025-12-30 20:28:51] → Scraping 51079341
[2025-12-30 20:28:51] → Scraping 51100087
[2025-12-30 20:28:51] → Scraping 51102993
[2025-12-30 20:28:51] → Scraping 51102992
[2025-12-30 20:28:51] → Scraping 51118577
[2025-12-30 20:28:54] ✓ Saved 10 listings to CSV
[2025-12-30 20:28:54]   ✓ Batch: 10/10 saved
[2025-12-30 20:28:56] 
▶ Page 352
[2025-12-30 20:28:58] ✓ Found 30 listings
[2025-12-30 20:28:58] → Scraping 51129104
[2025-12-30 20:28:58] → Scraping 51129103
[2025-12-30 20:28:58] → Scraping 51129102
[2025-12-30 20:28:58] → Scraping 51129101
[2025-12-30 20:28:58] → Scraping 51129100
[2025-12-30 20:28:58] → Scraping 51129099
[2025-12-30 20:28:58] → Scraping 51129098
[2025-12-30 20:28:58] → Scraping 51129097
[2025-12-30 20:28:58] → Scraping 51129096
[2025-12-30 20:28:58] → Scraping 51129095
[2025-12-30 20:29:02] ✓ Saved 10 listings to CSV
[2025-12-30 20:29:02]   ✓ Batch: 10/10 saved
[2025-12-30 20:29:02] → Scraping 51120301
[2025-12-30 20:29:02] → Scraping 51113579
[2025-12-30 20:29:02] → Scraping 51104025
[2025-12-30 20:29:02] → Scraping 3236947
[2025-12-30 20:29:02] → Scraping 51129094
[2025-12-30 20:29:02] → Scraping 2639914
[2025-12-30 20:29:02] → Scraping 2639913
[2025-12-30 20:29:02] → Scraping 51129093
[2025-12-30 20:29:02] → Scraping 51129090
[2025-12-30 20:29:02] → Scraping 51129089
[2025-12-30 20:29:05] ✓ Saved 10 listings to CSV
[2025-12-30 20:29:05]   ✓ Batch: 10/10 saved
[2025-12-30 20:29:05] → Scraping 51129086
[2025-12-30 20:29:05] → Scraping 51129085
[2025-12-30 20:29:05] → Scraping 2639911
[2025-12-30 20:29:05] → Scraping 2639910
[2025-12-30 20:29:05] → Scraping 2639909
[2025-12-30 20:29:05] → Scraping 2636704
[2025-12-30 20:29:05] → Scraping 2636709
[2025-12-30 20:29:05] → Scraping 2639908
[2025-12-30 20:29:05] → Scraping 51121639
[2025-12-30 20:29:05] → Scraping 2639907
[2025-12-30 20:29:08] ✓ Saved 10 listings to CSV
[2025-12-30 20:29:08]   ✓ Batch: 10/10 saved
[2025-12-30 20:29:10] 
▶ Page 353
[2025-12-30 20:29:12] ✓ Found 30 listings
[2025-12-30 20:29:12] → Scraping 2639906
[2025-12-30 20:29:12] → Scraping 2639905
[2025-12-30 20:29:12] → Scraping 51058190
[2025-12-30 20:29:12] → Scraping 5982577
[2025-12-30 20:29:12] → Scraping 5965627
[2025-12-30 20:29:12] → Scraping 5355232
[2025-12-30 20:29:12] → Scraping 5355218
[2025-12-30 20:29:12] → Scraping 5353816
[2025-12-30 20:29:12] → Scraping 5353806
[2025-12-30 20:29:12] → Scraping 5318263
[2025-12-30 20:29:15] ✓ Saved 10 listings to CSV
[2025-12-30 20:29:15]   ✓ Batch: 10/10 saved
[2025-12-30 20:29:15] → Scraping 51027473
[2025-12-30 20:29:15] → Scraping 5617051
[2025-12-30 20:29:15] → Scraping 5378823
[2025-12-30 20:29:15] → Scraping 5585870
[2025-12-30 20:29:15] → Scraping 5964987
[2025-12-30 20:29:15] → Scraping 5506589
[2025-12-30 20:29:15] → Scraping 51018801
[2025-12-30 20:29:15] → Scraping 51027466
[2025-12-30 20:29:15] → Scraping 51062203
[2025-12-30 20:29:15] → Scraping 5490878
[2025-12-30 20:29:19] ✓ Saved 10 listings to CSV
[2025-12-30 20:29:19]   ✓ Batch: 10/10 saved
[2025-12-30 20:29:19] → Scraping 5378822
[2025-12-30 20:29:19] → Scraping 51034842
[2025-12-30 20:29:19] → Scraping 5424702
[2025-12-30 20:29:19] → Scraping 51129082
[2025-12-30 20:29:19] → Scraping 51129081
[2025-12-30 20:29:19] → Scraping 51129080
[2025-12-30 20:29:19] → Scraping 2639904
[2025-12-30 20:29:19] → Scraping 51129079
[2025-12-30 20:29:19] → Scraping 51128580
[2025-12-30 20:29:19] → Scraping 51116231
[2025-12-30 20:29:22] ✓ Saved 10 listings to CSV
[2025-12-30 20:29:22]   ✓ Batch: 10/10 saved
[2025-12-30 20:29:24] 
▶ Page 354
[2025-12-30 20:29:25] ✓ Found 30 listings
[2025-12-30 20:29:25] → Scraping 51122707
[2025-12-30 20:29:25] → Scraping 51122709
[2025-12-30 20:29:25] → Scraping 51122401
[2025-12-30 20:29:25] → Scraping 51122181
[2025-12-30 20:29:25] → Scraping 51129078
[2025-12-30 20:29:25] → Scraping 51004730
[2025-12-30 20:29:25] → Scraping 51004727
[2025-12-30 20:29:25] → Scraping 51059575
[2025-12-30 20:29:25] → Scraping 51004718
[2025-12-30 20:29:25] → Scraping 51004424
[2025-12-30 20:29:29] ✓ Saved 10 listings to CSV
[2025-12-30 20:29:29]   ✓ Batch: 10/10 saved
[2025-12-30 20:29:29] → Scraping 51026779
[2025-12-30 20:29:29] → Scraping 51004737
[2025-12-30 20:29:29] → Scraping 51004728
[2025-12-30 20:29:29] → Scraping 51004996
[2025-12-30 20:29:29] → Scraping 51004425
[2025-12-30 20:29:29] → Scraping 51004735
[2025-12-30 20:29:29] → Scraping 51004422
[2025-12-30 20:29:29] → Scraping 51004724
[2025-12-30 20:29:29] → Scraping 51004736
[2025-12-30 20:29:29] → Scraping 51004729
[2025-12-30 20:29:32] ✓ Saved 10 listings to CSV
[2025-12-30 20:29:32]   ✓ Batch: 10/10 saved
[2025-12-30 20:29:32] → Scraping 51005172
[2025-12-30 20:29:32] → Scraping 51004418
[2025-12-30 20:29:32] → Scraping 51004722
[2025-12-30 20:29:32] → Scraping 51004249
[2025-12-30 20:29:32] → Scraping 51005000
[2025-12-30 20:29:32] → Scraping 51059574
[2025-12-30 20:29:32] → Scraping 51004048
[2025-12-30 20:29:32] → Scraping 51004247
[2025-12-30 20:29:32] → Scraping 51004428
[2025-12-30 20:29:32] → Scraping 51034046
[2025-12-30 20:29:36] ✓ Saved 10 listings to CSV
[2025-12-30 20:29:36]   ✓ Batch: 10/10 saved
[2025-12-30 20:29:38] 
▶ Page 355
[2025-12-30 20:29:39] ✓ Found 30 listings
[2025-12-30 20:29:39] → Scraping 51004723
[2025-12-30 20:29:39] → Scraping 51004426
[2025-12-30 20:29:39] → Scraping 51004064
[2025-12-30 20:29:39] → Scraping 51004241
[2025-12-30 20:29:39] → Scraping 51004248
[2025-12-30 20:29:39] → Scraping 51004041
[2025-12-30 20:29:39] → Scraping 51004045
[2025-12-30 20:29:39] → Scraping 51004244
[2025-12-30 20:29:39] → Scraping 51004246
[2025-12-30 20:29:39] → Scraping 51026273
[2025-12-30 20:29:43] ✓ Saved 10 listings to CSV
[2025-12-30 20:29:43]   ✓ Batch: 10/10 saved
[2025-12-30 20:29:43] → Scraping 51004242
[2025-12-30 20:29:43] → Scraping 51055341
[2025-12-30 20:29:43] → Scraping 51055337
[2025-12-30 20:29:43] → Scraping 51004062
[2025-12-30 20:29:43] → Scraping 51004420
[2025-12-30 20:29:43] → Scraping 51004419
[2025-12-30 20:29:43] → Scraping 51004721
[2025-12-30 20:29:43] → Scraping 51004063
[2025-12-30 20:29:43] → Scraping 51004065
[2025-12-30 20:29:43] → Scraping 51004046
[2025-12-30 20:29:47] ✓ Saved 10 listings to CSV
[2025-12-30 20:29:47]   ✓ Batch: 10/10 saved
[2025-12-30 20:29:47] → Scraping 51004423
[2025-12-30 20:29:47] → Scraping 51004049
[2025-12-30 20:29:47] → Scraping 51004060
[2025-12-30 20:29:47] → Scraping 51004240
[2025-12-30 20:29:47] → Scraping 51004066
[2025-12-30 20:29:47] → Scraping 51004239
[2025-12-30 20:29:47] → Scraping 51004042
[2025-12-30 20:29:47] → Scraping 51004044
[2025-12-30 20:29:47] → Scraping 51004043
[2025-12-30 20:29:47] → Scraping 51004047
[2025-12-30 20:29:50] ✓ Saved 10 listings to CSV
[2025-12-30 20:29:50]   ✓ Batch: 10/10 saved
[2025-12-30 20:29:52] 
▶ Page 356
[2025-12-30 20:29:54] ✓ Found 30 listings
[2025-12-30 20:29:54] → Scraping 51004037
[2025-12-30 20:29:54] → Scraping 51004068
[2025-12-30 20:29:54] → Scraping 51004040
[2025-12-30 20:29:54] → Scraping 51129077
[2025-12-30 20:29:54] → Scraping 51129076
[2025-12-30 20:29:54] → Scraping 51115898
[2025-12-30 20:29:54] → Scraping 2639903
[2025-12-30 20:29:54] → Scraping 2639902
[2025-12-30 20:29:54] → Scraping 2636701
[2025-12-30 20:29:54] → Scraping 2636703
[2025-12-30 20:29:57] ✓ Saved 10 listings to CSV
[2025-12-30 20:29:57]   ✓ Batch: 10/10 saved
[2025-12-30 20:29:57] → Scraping 51091469
[2025-12-30 20:29:57] → Scraping 51129075
[2025-12-30 20:29:57] → Scraping 2639901
[2025-12-30 20:29:57] → Scraping 51129074
[2025-12-30 20:29:57] → Scraping 51129073
[2025-12-30 20:29:57] → Scraping 2639900
[2025-12-30 20:29:57] → Scraping 51129072
[2025-12-30 20:29:57] → Scraping 51129071
[2025-12-30 20:29:57] → Scraping 51129070
[2025-12-30 20:29:57] → Scraping 51129069
[2025-12-30 20:30:01] ✓ Saved 10 listings to CSV
[2025-12-30 20:30:01]   ✓ Batch: 10/10 saved
[2025-12-30 20:30:01] → Scraping 51129068
[2025-12-30 20:30:01] → Scraping 51129066
[2025-12-30 20:30:01] → Scraping 51129065
[2025-12-30 20:30:01] → Scraping 51129064
[2025-12-30 20:30:01] → Scraping 51052157
[2025-12-30 20:30:01] → Scraping 51050296
[2025-12-30 20:30:01] → Scraping 51044777
[2025-12-30 20:30:01] → Scraping 51069705
[2025-12-30 20:30:01] → Scraping 51044045
[2025-12-30 20:30:01] → Scraping 51051734
[2025-12-30 20:30:05] ✓ Saved 10 listings to CSV
[2025-12-30 20:30:05]   ✓ Batch: 10/10 saved
[2025-12-30 20:30:07] 
▶ Page 357
[2025-12-30 20:30:08] ✓ Found 30 listings
[2025-12-30 20:30:08] → Scraping 51036133
[2025-12-30 20:30:08] → Scraping 51030202
[2025-12-30 20:30:08] → Scraping 51050275
[2025-12-30 20:30:08] → Scraping 51035371
[2025-12-30 20:30:08] → Scraping 51042648
[2025-12-30 20:30:08] → Scraping 51030140
[2025-12-30 20:30:08] → Scraping 51081056
[2025-12-30 20:30:08] → Scraping 51034026
[2025-12-30 20:30:08] → Scraping 51036620
[2025-12-30 20:30:08] → Scraping 51050924
[2025-12-30 20:30:11] ✓ Saved 10 listings to CSV
[2025-12-30 20:30:11]   ✓ Batch: 10/10 saved
[2025-12-30 20:30:11] → Scraping 51051451
[2025-12-30 20:30:11] → Scraping 51038119
[2025-12-30 20:30:11] → Scraping 51057657
[2025-12-30 20:30:11] → Scraping 51058836
[2025-12-30 20:30:11] → Scraping 51038408
[2025-12-30 20:30:11] → Scraping 51050790
[2025-12-30 20:30:11] → Scraping 51049988
[2025-12-30 20:30:11] → Scraping 51049822
[2025-12-30 20:30:11] → Scraping 51030465
[2025-12-30 20:30:11] → Scraping 51032256
[2025-12-30 20:30:15] ✓ Saved 10 listings to CSV
[2025-12-30 20:30:15]   ✓ Batch: 10/10 saved
[2025-12-30 20:30:15] → Scraping 2639899
[2025-12-30 20:30:15] → Scraping 2639898
[2025-12-30 20:30:15] → Scraping 5816886
[2025-12-30 20:30:15] → Scraping 5792231
[2025-12-30 20:30:15] → Scraping 51118338
[2025-12-30 20:30:15] → Scraping 5845444
[2025-12-30 20:30:15] → Scraping 5798536
[2025-12-30 20:30:15] → Scraping 51125818
[2025-12-30 20:30:15] → Scraping 2639895
[2025-12-30 20:30:15] → Scraping 51129062
[2025-12-30 20:30:18] ✓ Saved 10 listings to CSV
[2025-12-30 20:30:18]   ✓ Batch: 10/10 saved
[2025-12-30 20:30:20] 
▶ Page 358
[2025-12-30 20:30:22] ✓ Found 30 listings
[2025-12-30 20:30:22] → Scraping 51129061
[2025-12-30 20:30:22] → Scraping 51129060
[2025-12-30 20:30:22] → Scraping 51129059
[2025-12-30 20:30:22] → Scraping 51129058
[2025-12-30 20:30:22] → Scraping 2639894
[2025-12-30 20:30:22] → Scraping 2639893
[2025-12-30 20:30:22] → Scraping 51129057
[2025-12-30 20:30:22] → Scraping 51129056
[2025-12-30 20:30:22] → Scraping 2639892
[2025-12-30 20:30:22] → Scraping 2639891
[2025-12-30 20:30:25] ✓ Saved 10 listings to CSV
[2025-12-30 20:30:25]   ✓ Batch: 10/10 saved
[2025-12-30 20:30:25] → Scraping 51129054
[2025-12-30 20:30:25] → Scraping 51129053
[2025-12-30 20:30:25] → Scraping 51129052
[2025-12-30 20:30:25] → Scraping 51129051
[2025-12-30 20:30:25] → Scraping 51129050
[2025-12-30 20:30:25] → Scraping 51129049
[2025-12-30 20:30:25] → Scraping 2639889
[2025-12-30 20:30:25] → Scraping 51129048
[2025-12-30 20:30:25] → Scraping 2639888
[2025-12-30 20:30:25] → Scraping 2639887
[2025-12-30 20:30:29] ✓ Saved 10 listings to CSV
[2025-12-30 20:30:29]   ✓ Batch: 10/10 saved
[2025-12-30 20:30:29] → Scraping 51129047
[2025-12-30 20:30:29] → Scraping 2639885
[2025-12-30 20:30:29] → Scraping 51129046
[2025-12-30 20:30:29] → Scraping 2639884
[2025-12-30 20:30:29] → Scraping 2639883
[2025-12-30 20:30:29] → Scraping 2639882
[2025-12-30 20:30:29] → Scraping 2639881
[2025-12-30 20:30:29] → Scraping 51129044
[2025-12-30 20:30:29] → Scraping 51129043
[2025-12-30 20:30:29] → Scraping 51129042
[2025-12-30 20:30:32] ✓ Saved 10 listings to CSV
[2025-12-30 20:30:32]   ✓ Batch: 10/10 saved
[2025-12-30 20:30:34] 
▶ Page 359
[2025-12-30 20:30:35] ✓ Found 30 listings
[2025-12-30 20:30:35] → Scraping 51129039
[2025-12-30 20:30:35] → Scraping 2639879
[2025-12-30 20:30:35] → Scraping 51129038
[2025-12-30 20:30:35] → Scraping 51129037
[2025-12-30 20:30:35] → Scraping 51129035
[2025-12-30 20:30:35] → Scraping 51129034
[2025-12-30 20:30:35] → Scraping 51129033
[2025-12-30 20:30:35] → Scraping 2639878
[2025-12-30 20:30:35] → Scraping 51129032
[2025-12-30 20:30:35] → Scraping 2639877
[2025-12-30 20:30:39] ✓ Saved 10 listings to CSV
[2025-12-30 20:30:39]   ✓ Batch: 10/10 saved
[2025-12-30 20:30:39] → Scraping 51129030
[2025-12-30 20:30:39] → Scraping 3239749
[2025-12-30 20:30:39] → Scraping 51129029
[2025-12-30 20:30:39] → Scraping 2639876
[2025-12-30 20:30:39] → Scraping 51100101
[2025-12-30 20:30:39] → Scraping 2639874
[2025-12-30 20:30:39] → Scraping 2639873
[2025-12-30 20:30:39] → Scraping 2639872
[2025-12-30 20:30:39] → Scraping 51129028
[2025-12-30 20:30:39] → Scraping 51129027
[2025-12-30 20:30:42] ✓ Saved 10 listings to CSV
[2025-12-30 20:30:42]   ✓ Batch: 10/10 saved
[2025-12-30 20:30:42] → Scraping 2639871
[2025-12-30 20:30:42] → Scraping 51125970
[2025-12-30 20:30:42] → Scraping 3239670
[2025-12-30 20:30:42] → Scraping 2639870
[2025-12-30 20:30:42] → Scraping 51129026
[2025-12-30 20:30:42] → Scraping 51129025
[2025-12-30 20:30:42] → Scraping 51129024
[2025-12-30 20:30:42] → Scraping 51129023
[2025-12-30 20:30:42] → Scraping 2639869
[2025-12-30 20:30:42] → Scraping 51118025
[2025-12-30 20:30:46] ✓ Saved 10 listings to CSV
[2025-12-30 20:30:46]   ✓ Batch: 10/10 saved
[2025-12-30 20:30:48] 
▶ Page 360
[2025-12-30 20:30:49] ✓ Found 30 listings
[2025-12-30 20:30:49] → Scraping 51118075
[2025-12-30 20:30:49] → Scraping 51118206
[2025-12-30 20:30:49] → Scraping 2306782
[2025-12-30 20:30:49] → Scraping 2314859
[2025-12-30 20:30:49] → Scraping 2518800
[2025-12-30 20:30:49] → Scraping 2539141
[2025-12-30 20:30:49] → Scraping 51129022
[2025-12-30 20:30:49] → Scraping 2539592
[2025-12-30 20:30:49] → Scraping 2514566
[2025-12-30 20:30:49] → Scraping 2511579
[2025-12-30 20:30:52] ✓ Saved 10 listings to CSV
[2025-12-30 20:30:52]   ✓ Batch: 10/10 saved
[2025-12-30 20:30:52] → Scraping 51129021
[2025-12-30 20:30:52] → Scraping 2538938
[2025-12-30 20:30:52] → Scraping 2639868
[2025-12-30 20:30:52] → Scraping 2538804
[2025-12-30 20:30:52] → Scraping 2513736
[2025-12-30 20:30:52] → Scraping 51123211
[2025-12-30 20:30:52] → Scraping 51123209
[2025-12-30 20:30:52] → Scraping 2345962
[2025-12-30 20:30:52] → Scraping 2536004
[2025-12-30 20:30:52] → Scraping 51129018
[2025-12-30 20:30:56] ✓ Saved 10 listings to CSV
[2025-12-30 20:30:56]   ✓ Batch: 10/10 saved
[2025-12-30 20:30:56] → Scraping 51061708
[2025-12-30 20:30:56] → Scraping 51085128
[2025-12-30 20:30:56] → Scraping 5424692
[2025-12-30 20:30:56] → Scraping 5424690
[2025-12-30 20:30:56] → Scraping 51054003
[2025-12-30 20:30:56] → Scraping 51053851
[2025-12-30 20:30:56] → Scraping 51053850
[2025-12-30 20:30:56] → Scraping 5997792
[2025-12-30 20:30:56] → Scraping 51053847
[2025-12-30 20:30:56] → Scraping 51053849
[2025-12-30 20:30:59] ✓ Saved 10 listings to CSV
[2025-12-30 20:30:59]   ✓ Batch: 10/10 saved
[2025-12-30 20:31:01] 
▶ Page 361
[2025-12-30 20:31:02] ✓ Found 30 listings
[2025-12-30 20:31:02] → Scraping 5964985
[2025-12-30 20:31:02] → Scraping 51053848
[2025-12-30 20:31:02] → Scraping 51073675
[2025-12-30 20:31:02] → Scraping 5433385
[2025-12-30 20:31:02] → Scraping 5363571
[2025-12-30 20:31:02] → Scraping 5538807
[2025-12-30 20:31:02] → Scraping 5524744
[2025-12-30 20:31:02] → Scraping 2639867
[2025-12-30 20:31:02] → Scraping 51129015
[2025-12-30 20:31:02] → Scraping 51053844
[2025-12-30 20:31:06] ✓ Saved 10 listings to CSV
[2025-12-30 20:31:06]   ✓ Batch: 10/10 saved
[2025-12-30 20:31:06] → Scraping 5964986
[2025-12-30 20:31:06] → Scraping 5982922
[2025-12-30 20:31:06] → Scraping 51129012
[2025-12-30 20:31:06] → Scraping 51129011
[2025-12-30 20:31:06] → Scraping 51129010
[2025-12-30 20:31:06] → Scraping 51129009
[2025-12-30 20:31:06] → Scraping 51129008
[2025-12-30 20:31:06] → Scraping 2639866
[2025-12-30 20:31:06] → Scraping 51129007
[2025-12-30 20:31:06] → Scraping 51129006
[2025-12-30 20:31:09] ✓ Saved 10 listings to CSV
[2025-12-30 20:31:09]   ✓ Batch: 10/10 saved
[2025-12-30 20:31:09] → Scraping 51129005
[2025-12-30 20:31:09] → Scraping 51129004
[2025-12-30 20:31:09] → Scraping 51125538
[2025-12-30 20:31:09] → Scraping 51076276
[2025-12-30 20:31:09] → Scraping 51055121
[2025-12-30 20:31:09] → Scraping 51116088
[2025-12-30 20:31:09] → Scraping 51129003
[2025-12-30 20:31:09] → Scraping 51129002
[2025-12-30 20:31:09] → Scraping 51052275
[2025-12-30 20:31:09] → Scraping 51116087
[2025-12-30 20:31:13] ✓ Saved 10 listings to CSV
[2025-12-30 20:31:13]   ✓ Batch: 10/10 saved
[2025-12-30 20:31:15] 
▶ Page 362
[2025-12-30 20:31:16] ✓ Found 30 listings
[2025-12-30 20:31:16] → Scraping 51083476
[2025-12-30 20:31:16] → Scraping 51129001
[2025-12-30 20:31:16] → Scraping 2639865
[2025-12-30 20:31:16] → Scraping 51128999
[2025-12-30 20:31:16] → Scraping 51128998
[2025-12-30 20:31:16] → Scraping 2639863
[2025-12-30 20:31:16] → Scraping 2639862
[2025-12-30 20:31:16] → Scraping 51128997
[2025-12-30 20:31:16] → Scraping 2639861
[2025-12-30 20:31:16] → Scraping 2639859
[2025-12-30 20:31:20] ✓ Saved 10 listings to CSV
[2025-12-30 20:31:20]   ✓ Batch: 10/10 saved
[2025-12-30 20:31:20] → Scraping 2639858
[2025-12-30 20:31:20] → Scraping 51128996
[2025-12-30 20:31:20] → Scraping 2639857
[2025-12-30 20:31:20] → Scraping 51128994
[2025-12-30 20:31:20] → Scraping 2639854
[2025-12-30 20:31:20] → Scraping 51128993
[2025-12-30 20:31:20] → Scraping 2639853
[2025-12-30 20:31:20] → Scraping 2639852
[2025-12-30 20:31:20] → Scraping 51128991
[2025-12-30 20:31:20] → Scraping 2639851
[2025-12-30 20:31:23] ✓ Saved 10 listings to CSV
[2025-12-30 20:31:23]   ✓ Batch: 10/10 saved
[2025-12-30 20:31:23] → Scraping 51128990
[2025-12-30 20:31:23] → Scraping 2639850
[2025-12-30 20:31:23] → Scraping 51128985
[2025-12-30 20:31:23] → Scraping 2639848
[2025-12-30 20:31:23] → Scraping 51128984
[2025-12-30 20:31:23] → Scraping 51128983
[2025-12-30 20:31:23] → Scraping 51128982
[2025-12-30 20:31:23] → Scraping 51128981
[2025-12-30 20:31:23] → Scraping 51128980
[2025-12-30 20:31:23] → Scraping 51128979
[2025-12-30 20:31:26] ✓ Saved 10 listings to CSV
[2025-12-30 20:31:26]   ✓ Batch: 10/10 saved
[2025-12-30 20:31:28] 
▶ Page 363
[2025-12-30 20:31:30] ✓ Found 30 listings
[2025-12-30 20:31:30] → Scraping 2639846
[2025-12-30 20:31:30] → Scraping 2639845
[2025-12-30 20:31:30] → Scraping 51128977
[2025-12-30 20:31:30] → Scraping 51074412
[2025-12-30 20:31:30] → Scraping 51128975
[2025-12-30 20:31:30] → Scraping 51128974
[2025-12-30 20:31:30] → Scraping 51128973
[2025-12-30 20:31:30] → Scraping 51128972
[2025-12-30 20:31:30] → Scraping 51126021
[2025-12-30 20:31:30] → Scraping 51110874
[2025-12-30 20:31:33] ✓ Saved 10 listings to CSV
[2025-12-30 20:31:33]   ✓ Batch: 10/10 saved
[2025-12-30 20:31:33] → Scraping 51110716
[2025-12-30 20:31:33] → Scraping 51128970
[2025-12-30 20:31:33] → Scraping 51128969
[2025-12-30 20:31:33] → Scraping 51128968
[2025-12-30 20:31:33] → Scraping 51128966
[2025-12-30 20:31:33] → Scraping 51128964
[2025-12-30 20:31:33] → Scraping 51128963
[2025-12-30 20:31:33] → Scraping 51128960
[2025-12-30 20:31:33] → Scraping 51128959
[2025-12-30 20:31:33] → Scraping 51128958
[2025-12-30 20:31:37] ✓ Saved 10 listings to CSV
[2025-12-30 20:31:37]   ✓ Batch: 10/10 saved
[2025-12-30 20:31:37] → Scraping 51078232
[2025-12-30 20:31:37] → Scraping 51107119
[2025-12-30 20:31:37] → Scraping 51107246
[2025-12-30 20:31:37] → Scraping 51113867
[2025-12-30 20:31:37] → Scraping 51078665
[2025-12-30 20:31:37] → Scraping 51120077
[2025-12-30 20:31:37] → Scraping 51067547
[2025-12-30 20:31:37] → Scraping 51064114
[2025-12-30 20:31:37] → Scraping 51071373
[2025-12-30 20:31:37] → Scraping 51081995
[2025-12-30 20:31:40] ✓ Saved 10 listings to CSV
[2025-12-30 20:31:40]   ✓ Batch: 10/10 saved
[2025-12-30 20:31:42] 
▶ Page 364
[2025-12-30 20:31:43] ✓ Found 30 listings
[2025-12-30 20:31:43] → Scraping 51067650
[2025-12-30 20:31:43] → Scraping 51071092
[2025-12-30 20:31:43] → Scraping 51063281
[2025-12-30 20:31:43] → Scraping 51063015
[2025-12-30 20:31:43] → Scraping 51078626
[2025-12-30 20:31:43] → Scraping 51074879
[2025-12-30 20:31:43] → Scraping 51075206
[2025-12-30 20:31:43] → Scraping 51071560
[2025-12-30 20:31:43] → Scraping 51075351
[2025-12-30 20:31:43] → Scraping 51071558
[2025-12-30 20:31:48] ✓ Saved 10 listings to CSV
[2025-12-30 20:31:48]   ✓ Batch: 10/10 saved
[2025-12-30 20:31:48] → Scraping 51071528
[2025-12-30 20:31:48] → Scraping 51079050
[2025-12-30 20:31:48] → Scraping 51079169
[2025-12-30 20:31:48] → Scraping 51079076
[2025-12-30 20:31:48] → Scraping 51094430
[2025-12-30 20:31:48] → Scraping 51074504
[2025-12-30 20:31:48] → Scraping 51080071
[2025-12-30 20:31:48] → Scraping 51077130
[2025-12-30 20:31:48] → Scraping 51072974
[2025-12-30 20:31:48] → Scraping 51076688
[2025-12-30 20:31:51] ✓ Saved 10 listings to CSV
[2025-12-30 20:31:51]   ✓ Batch: 10/10 saved
[2025-12-30 20:31:51] → Scraping 51080863
[2025-12-30 20:31:51] → Scraping 51062222
[2025-12-30 20:31:51] → Scraping 51066343
[2025-12-30 20:31:51] → Scraping 51074023
[2025-12-30 20:31:51] → Scraping 51073587
[2025-12-30 20:31:51] → Scraping 51074505
[2025-12-30 20:31:51] → Scraping 51074506
[2025-12-30 20:31:51] → Scraping 51054405
[2025-12-30 20:31:51] → Scraping 51033899
[2025-12-30 20:31:51] → Scraping 51040261
[2025-12-30 20:31:55] ✓ Saved 10 listings to CSV
[2025-12-30 20:31:55]   ✓ Batch: 10/10 saved
[2025-12-30 20:31:57] 
▶ Page 365
[2025-12-30 20:31:58] ✓ Found 30 listings
[2025-12-30 20:31:58] → Scraping 51040260
[2025-12-30 20:31:58] → Scraping 51033382
[2025-12-30 20:31:58] → Scraping 51033488
[2025-12-30 20:31:58] → Scraping 51038348
[2025-12-30 20:31:58] → Scraping 51038346
[2025-12-30 20:31:58] → Scraping 51038345
[2025-12-30 20:31:58] → Scraping 51038344
[2025-12-30 20:31:58] → Scraping 51053394
[2025-12-30 20:31:58] → Scraping 51054267
[2025-12-30 20:31:58] → Scraping 51076274
[2025-12-30 20:32:01] ✓ Saved 10 listings to CSV
[2025-12-30 20:32:01]   ✓ Batch: 10/10 saved
[2025-12-30 20:32:01] → Scraping 51066106
[2025-12-30 20:32:01] → Scraping 51062187
[2025-12-30 20:32:01] → Scraping 2638162
[2025-12-30 20:32:01] → Scraping 2638201
[2025-12-30 20:32:01] → Scraping 51107524
[2025-12-30 20:32:01] → Scraping 51106837
[2025-12-30 20:32:01] → Scraping 51117714
[2025-12-30 20:32:01] → Scraping 51086545
[2025-12-30 20:32:01] → Scraping 51128957
[2025-12-30 20:32:01] → Scraping 51128956
[2025-12-30 20:32:05] ✓ Saved 10 listings to CSV
[2025-12-30 20:32:05]   ✓ Batch: 10/10 saved
[2025-12-30 20:32:05] → Scraping 51128955
[2025-12-30 20:32:05] → Scraping 51128954
[2025-12-30 20:32:05] → Scraping 51128953
[2025-12-30 20:32:05] → Scraping 51128951
[2025-12-30 20:32:05] → Scraping 51128950
[2025-12-30 20:32:05] → Scraping 51128949
[2025-12-30 20:32:05] → Scraping 51128948
[2025-12-30 20:32:05] → Scraping 2639842
[2025-12-30 20:32:05] → Scraping 51128947
[2025-12-30 20:32:05] → Scraping 51128946
[2025-12-30 20:32:08] ✓ Saved 10 listings to CSV
[2025-12-30 20:32:09]   ✓ Batch: 10/10 saved
[2025-12-30 20:32:11] 
▶ Page 366
[2025-12-30 20:32:12] ✓ Found 30 listings
[2025-12-30 20:32:12] → Scraping 51128945
[2025-12-30 20:32:12] → Scraping 51128944
[2025-12-30 20:32:12] → Scraping 51128943
[2025-12-30 20:32:12] → Scraping 51128942
[2025-12-30 20:32:12] → Scraping 51128941
[2025-12-30 20:32:12] → Scraping 51128940
[2025-12-30 20:32:12] → Scraping 51128939
[2025-12-30 20:32:12] → Scraping 51089584
[2025-12-30 20:32:12] → Scraping 51093390
[2025-12-30 20:32:12] → Scraping 51090539
[2025-12-30 20:32:15] ✓ Saved 10 listings to CSV
[2025-12-30 20:32:15]   ✓ Batch: 10/10 saved
[2025-12-30 20:32:15] → Scraping 51096911
[2025-12-30 20:32:15] → Scraping 51100878
[2025-12-30 20:32:15] → Scraping 51128938
[2025-12-30 20:32:15] → Scraping 3239746
[2025-12-30 20:32:15] → Scraping 2639840
[2025-12-30 20:32:15] → Scraping 3239745
[2025-12-30 20:32:15] → Scraping 5900840
[2025-12-30 20:32:15] → Scraping 3239744
[2025-12-30 20:32:15] → Scraping 5918316
[2025-12-30 20:32:15] → Scraping 51128937
[2025-12-30 20:32:19] ✓ Saved 10 listings to CSV
[2025-12-30 20:32:19]   ✓ Batch: 10/10 saved
[2025-12-30 20:32:19] → Scraping 2639839
[2025-12-30 20:32:19] → Scraping 51128936
[2025-12-30 20:32:19] → Scraping 51128935
[2025-12-30 20:32:19] → Scraping 2639838
[2025-12-30 20:32:19] → Scraping 51128934
[2025-12-30 20:32:19] → Scraping 51128603
[2025-12-30 20:32:19] → Scraping 2639834
[2025-12-30 20:32:19] → Scraping 51128932
[2025-12-30 20:32:19] → Scraping 2639833
[2025-12-30 20:32:19] → Scraping 2639832
[2025-12-30 20:32:22] ✓ Saved 10 listings to CSV
[2025-12-30 20:32:22]   ✓ Batch: 10/10 saved
[2025-12-30 20:32:24] 
▶ Page 367
[2025-12-30 20:32:26] ✓ Found 30 listings
[2025-12-30 20:32:26] → Scraping 51128931
[2025-12-30 20:32:26] → Scraping 2639831
[2025-12-30 20:32:26] → Scraping 5517810
[2025-12-30 20:32:26] → Scraping 5961132
[2025-12-30 20:32:26] → Scraping 487155
[2025-12-30 20:32:26] → Scraping 2639830
[2025-12-30 20:32:26] → Scraping 2639829
[2025-12-30 20:32:26] → Scraping 51128930
[2025-12-30 20:32:26] → Scraping 2639827
[2025-12-30 20:32:26] → Scraping 2639826
[2025-12-30 20:32:29] ✓ Saved 10 listings to CSV
[2025-12-30 20:32:29]   ✓ Batch: 10/10 saved
[2025-12-30 20:32:29] → Scraping 51028558
[2025-12-30 20:32:29] → Scraping 5975377
[2025-12-30 20:32:29] → Scraping 5980199
[2025-12-30 20:32:29] → Scraping 5977953
[2025-12-30 20:32:29] → Scraping 5974949
[2025-12-30 20:32:29] → Scraping 5976817
[2025-12-30 20:32:29] → Scraping 5923083
[2025-12-30 20:32:29] → Scraping 5961665
[2025-12-30 20:32:29] → Scraping 5821153
[2025-12-30 20:32:29] → Scraping 5973553
[2025-12-30 20:32:32] ✓ Saved 10 listings to CSV
[2025-12-30 20:32:32]   ✓ Batch: 10/10 saved
[2025-12-30 20:32:32] → Scraping 5836020
[2025-12-30 20:32:32] → Scraping 5836222
[2025-12-30 20:32:32] → Scraping 5991112
[2025-12-30 20:32:32] → Scraping 5980269
[2025-12-30 20:32:32] → Scraping 5830376
[2025-12-30 20:32:32] → Scraping 5979987
[2025-12-30 20:32:32] → Scraping 5973204
[2025-12-30 20:32:32] → Scraping 5977155
[2025-12-30 20:32:32] → Scraping 5978736
[2025-12-30 20:32:32] → Scraping 51035169
[2025-12-30 20:32:35] ✓ Saved 10 listings to CSV
[2025-12-30 20:32:35]   ✓ Batch: 10/10 saved
[2025-12-30 20:32:37] 
▶ Page 368
[2025-12-30 20:32:39] ✓ Found 30 listings
[2025-12-30 20:32:39] → Scraping 5837332
[2025-12-30 20:32:39] → Scraping 5911722
[2025-12-30 20:32:39] → Scraping 5982677
[2025-12-30 20:32:39] → Scraping 5974105
[2025-12-30 20:32:39] → Scraping 5906735
[2025-12-30 20:32:39] → Scraping 5906070
[2025-12-30 20:32:39] → Scraping 5974496
[2025-12-30 20:32:39] → Scraping 5837326
[2025-12-30 20:32:39] → Scraping 5830853
[2025-12-30 20:32:39] → Scraping 5991848
[2025-12-30 20:32:42] ✓ Saved 10 listings to CSV
[2025-12-30 20:32:42]   ✓ Batch: 10/10 saved
[2025-12-30 20:32:42] → Scraping 5980426
[2025-12-30 20:32:42] → Scraping 5991584
[2025-12-30 20:32:42] → Scraping 5911709
[2025-12-30 20:32:42] → Scraping 5943099
[2025-12-30 20:32:42] → Scraping 5980186
[2025-12-30 20:32:42] → Scraping 5991115
[2025-12-30 20:32:42] → Scraping 5831205
[2025-12-30 20:32:42] → Scraping 5976828
[2025-12-30 20:32:42] → Scraping 5974950
[2025-12-30 20:32:42] → Scraping 5941979
[2025-12-30 20:32:45] ✓ Saved 10 listings to CSV
[2025-12-30 20:32:45]   ✓ Batch: 10/10 saved
[2025-12-30 20:32:45] → Scraping 5980472
[2025-12-30 20:32:45] → Scraping 5974495
[2025-12-30 20:32:45] → Scraping 5991181
[2025-12-30 20:32:45] → Scraping 51034859
[2025-12-30 20:32:45] → Scraping 5987338
[2025-12-30 20:32:45] → Scraping 5913074
[2025-12-30 20:32:45] → Scraping 5974484
[2025-12-30 20:32:45] → Scraping 5974421
[2025-12-30 20:32:45] → Scraping 5991593
[2025-12-30 20:32:45] → Scraping 5818066
[2025-12-30 20:32:49] ✓ Saved 10 listings to CSV
[2025-12-30 20:32:49]   ✓ Batch: 10/10 saved
[2025-12-30 20:32:51] 
▶ Page 369
[2025-12-30 20:32:52] ✓ Found 30 listings
[2025-12-30 20:32:52] → Scraping 5974392
[2025-12-30 20:32:52] → Scraping 5911723
[2025-12-30 20:32:52] → Scraping 5974424
[2025-12-30 20:32:52] → Scraping 5830724
[2025-12-30 20:32:52] → Scraping 5980442
[2025-12-30 20:32:52] → Scraping 5818472
[2025-12-30 20:32:52] → Scraping 5911713
[2025-12-30 20:32:52] → Scraping 5975698
[2025-12-30 20:32:52] → Scraping 5943108
[2025-12-30 20:32:52] → Scraping 5975682
[2025-12-30 20:32:55] ✓ Saved 10 listings to CSV
[2025-12-30 20:32:55]   ✓ Batch: 10/10 saved
[2025-12-30 20:32:55] → Scraping 5841522
[2025-12-30 20:32:55] → Scraping 5975318
[2025-12-30 20:32:55] → Scraping 5836005
[2025-12-30 20:32:55] → Scraping 5975700
[2025-12-30 20:32:55] → Scraping 5975965
[2025-12-30 20:32:55] → Scraping 5817976
[2025-12-30 20:32:55] → Scraping 5829930
[2025-12-30 20:32:55] → Scraping 5974107
[2025-12-30 20:32:55] → Scraping 5991185
[2025-12-30 20:32:55] → Scraping 5982745
[2025-12-30 20:32:58] ✓ Saved 10 listings to CSV
[2025-12-30 20:32:59]   ✓ Batch: 10/10 saved
[2025-12-30 20:32:59] → Scraping 5943105
[2025-12-30 20:32:59] → Scraping 5991557
[2025-12-30 20:32:59] → Scraping 5977881
[2025-12-30 20:32:59] → Scraping 5818068
[2025-12-30 20:32:59] → Scraping 5961682
[2025-12-30 20:32:59] → Scraping 5974932
[2025-12-30 20:32:59] → Scraping 5830392
[2025-12-30 20:32:59] → Scraping 5986672
[2025-12-30 20:32:59] → Scraping 5831232
[2025-12-30 20:32:59] → Scraping 5974934
[2025-12-30 20:33:02] ✓ Saved 10 listings to CSV
[2025-12-30 20:33:02]   ✓ Batch: 10/10 saved
[2025-12-30 20:33:04] 
▶ Page 370
[2025-12-30 20:33:05] ✓ Found 30 listings
[2025-12-30 20:33:05] → Scraping 5978175
[2025-12-30 20:33:05] → Scraping 2639825
[2025-12-30 20:33:05] → Scraping 51128929
[2025-12-30 20:33:05] → Scraping 51128928
[2025-12-30 20:33:05] → Scraping 51128927
[2025-12-30 20:33:05] → Scraping 51128926
[2025-12-30 20:33:05] → Scraping 51128925
[2025-12-30 20:33:05] → Scraping 51128924
[2025-12-30 20:33:05] → Scraping 51128923
[2025-12-30 20:33:05] → Scraping 2639823
[2025-12-30 20:33:09] ✓ Saved 10 listings to CSV
[2025-12-30 20:33:09]   ✓ Batch: 10/10 saved
[2025-12-30 20:33:09] → Scraping 51128919
[2025-12-30 20:33:09] → Scraping 51128918
[2025-12-30 20:33:09] → Scraping 51128917
[2025-12-30 20:33:09] → Scraping 51128916
[2025-12-30 20:33:09] → Scraping 51125930
[2025-12-30 20:33:09] → Scraping 51125947
[2025-12-30 20:33:09] → Scraping 51125949
[2025-12-30 20:33:09] → Scraping 51125932
[2025-12-30 20:33:09] → Scraping 51125948
[2025-12-30 20:33:09] → Scraping 51125950
[2025-12-30 20:33:12] ✓ Saved 10 listings to CSV
[2025-12-30 20:33:12]   ✓ Batch: 10/10 saved
[2025-12-30 20:33:12] → Scraping 51125952
[2025-12-30 20:33:12] → Scraping 51125923
[2025-12-30 20:33:12] → Scraping 2639822
[2025-12-30 20:33:12] → Scraping 2639821
[2025-12-30 20:33:12] → Scraping 51128915
[2025-12-30 20:33:12] → Scraping 2639820
[2025-12-30 20:33:12] → Scraping 51128914
[2025-12-30 20:33:12] → Scraping 51091710
[2025-12-30 20:33:12] → Scraping 51128913
[2025-12-30 20:33:12] → Scraping 2639819
[2025-12-30 20:33:16] ✓ Saved 10 listings to CSV
[2025-12-30 20:33:16]   ✓ Batch: 10/10 saved
[2025-12-30 20:33:18] 
▶ Page 371
[2025-12-30 20:33:19] ✓ Found 30 listings
[2025-12-30 20:33:19] → Scraping 5527552
[2025-12-30 20:33:19] → Scraping 51118337
[2025-12-30 20:33:19] → Scraping 51071472
[2025-12-30 20:33:19] → Scraping 51108462
[2025-12-30 20:33:19] → Scraping 51074580
[2025-12-30 20:33:19] → Scraping 51063237
[2025-12-30 20:33:19] → Scraping 51083566
[2025-12-30 20:33:19] → Scraping 51125320
[2025-12-30 20:33:19] → Scraping 51128912
[2025-12-30 20:33:19] → Scraping 51128911
[2025-12-30 20:33:22] ✓ Saved 10 listings to CSV
[2025-12-30 20:33:22]   ✓ Batch: 10/10 saved
[2025-12-30 20:33:22] → Scraping 51128910
[2025-12-30 20:33:22] → Scraping 51128909
[2025-12-30 20:33:22] → Scraping 51128908
[2025-12-30 20:33:22] → Scraping 51128906
[2025-12-30 20:33:22] → Scraping 51128904
[2025-12-30 20:33:22] → Scraping 51128903
[2025-12-30 20:33:22] → Scraping 51128902
[2025-12-30 20:33:22] → Scraping 51128900
[2025-12-30 20:33:22] → Scraping 51128899
[2025-12-30 20:33:22] → Scraping 51128898
[2025-12-30 20:33:26] ✓ Saved 10 listings to CSV
[2025-12-30 20:33:26]   ✓ Batch: 10/10 saved
[2025-12-30 20:33:26] → Scraping 51128897
[2025-12-30 20:33:26] → Scraping 51128896
[2025-12-30 20:33:26] → Scraping 51128895
[2025-12-30 20:33:26] → Scraping 51128894
[2025-12-30 20:33:26] → Scraping 51128893
[2025-12-30 20:33:26] → Scraping 51128892
[2025-12-30 20:33:26] → Scraping 51128891
[2025-12-30 20:33:26] → Scraping 51128889
[2025-12-30 20:33:26] → Scraping 51128888
[2025-12-30 20:33:26] → Scraping 51128887
[2025-12-30 20:33:29] ✓ Saved 10 listings to CSV
[2025-12-30 20:33:29]   ✓ Batch: 10/10 saved
[2025-12-30 20:33:31] 
▶ Page 372
[2025-12-30 20:33:33] ✓ Found 30 listings
[2025-12-30 20:33:33] → Scraping 51128886
[2025-12-30 20:33:33] → Scraping 51128884
[2025-12-30 20:33:33] → Scraping 51128885
[2025-12-30 20:33:33] → Scraping 51128883
[2025-12-30 20:33:33] → Scraping 51128881
[2025-12-30 20:33:33] → Scraping 51128880
[2025-12-30 20:33:33] → Scraping 51128879
[2025-12-30 20:33:33] → Scraping 51128877
[2025-12-30 20:33:33] → Scraping 2639816
[2025-12-30 20:33:33] → Scraping 2635392
[2025-12-30 20:33:36] ✓ Saved 10 listings to CSV
[2025-12-30 20:33:36]   ✓ Batch: 10/10 saved
[2025-12-30 20:33:36] → Scraping 2639815
[2025-12-30 20:33:36] → Scraping 51128875
[2025-12-30 20:33:36] → Scraping 2639814
[2025-12-30 20:33:36] → Scraping 2639812
[2025-12-30 20:33:36] → Scraping 51043036
[2025-12-30 20:33:36] → Scraping 51059094
[2025-12-30 20:33:36] → Scraping 51090430
[2025-12-30 20:33:36] → Scraping 51098924
[2025-12-30 20:33:36] → Scraping 2639811
[2025-12-30 20:33:36] → Scraping 51125247
[2025-12-30 20:33:40] ✓ Saved 10 listings to CSV
[2025-12-30 20:33:40]   ✓ Batch: 10/10 saved
[2025-12-30 20:33:40] → Scraping 51125248
[2025-12-30 20:33:40] → Scraping 51125252
[2025-12-30 20:33:40] → Scraping 51125288
[2025-12-30 20:33:40] → Scraping 51125293
[2025-12-30 20:33:40] → Scraping 51125296
[2025-12-30 20:33:40] → Scraping 51125297
[2025-12-30 20:33:40] → Scraping 51125308
[2025-12-30 20:33:40] → Scraping 51125309
[2025-12-30 20:33:40] → Scraping 51125310
[2025-12-30 20:33:40] → Scraping 51125382
[2025-12-30 20:33:43] ✓ Saved 10 listings to CSV
[2025-12-30 20:33:43]   ✓ Batch: 10/10 saved
[2025-12-30 20:33:45] 
▶ Page 373
[2025-12-30 20:33:46] ✓ Found 30 listings
[2025-12-30 20:33:46] → Scraping 51125533
[2025-12-30 20:33:46] → Scraping 51125535
[2025-12-30 20:33:46] → Scraping 51125537
[2025-12-30 20:33:46] → Scraping 51125844
[2025-12-30 20:33:46] → Scraping 51125926
[2025-12-30 20:33:46] → Scraping 51125927
[2025-12-30 20:33:46] → Scraping 51128874
[2025-12-30 20:33:46] → Scraping 51128873
[2025-12-30 20:33:46] → Scraping 51128872
[2025-12-30 20:33:46] → Scraping 51128871
[2025-12-30 20:33:50] ✓ Saved 10 listings to CSV
[2025-12-30 20:33:50]   ✓ Batch: 10/10 saved
[2025-12-30 20:33:50] → Scraping 51128870
[2025-12-30 20:33:50] → Scraping 51128869
[2025-12-30 20:33:50] → Scraping 51128868
[2025-12-30 20:33:50] → Scraping 51128867
[2025-12-30 20:33:50] → Scraping 51128866
[2025-12-30 20:33:50] → Scraping 51128865
[2025-12-30 20:33:50] → Scraping 51128864
[2025-12-30 20:33:50] → Scraping 51128863
[2025-12-30 20:33:50] → Scraping 51128862
[2025-12-30 20:33:50] → Scraping 51128861
[2025-12-30 20:33:53] ✓ Saved 10 listings to CSV
[2025-12-30 20:33:53]   ✓ Batch: 10/10 saved
[2025-12-30 20:33:53] → Scraping 2639810
[2025-12-30 20:33:53] → Scraping 2639809
[2025-12-30 20:33:53] → Scraping 51128860
[2025-12-30 20:33:53] → Scraping 51128859
[2025-12-30 20:33:53] → Scraping 51128858
[2025-12-30 20:33:53] → Scraping 51128857
[2025-12-30 20:33:53] → Scraping 51128856
[2025-12-30 20:33:53] → Scraping 51128855
[2025-12-30 20:33:53] → Scraping 51128854
[2025-12-30 20:33:53] → Scraping 51128853
[2025-12-30 20:33:57] ✓ Saved 10 listings to CSV
[2025-12-30 20:33:57]   ✓ Batch: 10/10 saved
[2025-12-30 20:33:59] 
▶ Page 374
[2025-12-30 20:34:00] ✓ Found 30 listings
[2025-12-30 20:34:00] → Scraping 51128851
[2025-12-30 20:34:00] → Scraping 51128850
[2025-12-30 20:34:00] → Scraping 51128849
[2025-12-30 20:34:00] → Scraping 5540257
[2025-12-30 20:34:00] → Scraping 5585866
[2025-12-30 20:34:00] → Scraping 5556323
[2025-12-30 20:34:00] → Scraping 51128846
[2025-12-30 20:34:00] → Scraping 51047760
[2025-12-30 20:34:00] → Scraping 5234088
[2025-12-30 20:34:00] → Scraping 5490881
[2025-12-30 20:34:04] ✓ Saved 10 listings to CSV
[2025-12-30 20:34:04]   ✓ Batch: 10/10 saved
[2025-12-30 20:34:04] → Scraping 5636741
[2025-12-30 20:34:04] → Scraping 5353798
[2025-12-30 20:34:04] → Scraping 5434112
[2025-12-30 20:34:04] → Scraping 5355223
[2025-12-30 20:34:04] → Scraping 5634624
[2025-12-30 20:34:04] → Scraping 51034654
[2025-12-30 20:34:04] → Scraping 5228345
[2025-12-30 20:34:04] → Scraping 5392727
[2025-12-30 20:34:04] → Scraping 5538809
[2025-12-30 20:34:04] → Scraping 51040424
[2025-12-30 20:34:07] ✓ Saved 10 listings to CSV
[2025-12-30 20:34:07]   ✓ Batch: 10/10 saved
[2025-12-30 20:34:07] → Scraping 5464819
[2025-12-30 20:34:07] → Scraping 5353855
[2025-12-30 20:34:07] → Scraping 2639806
[2025-12-30 20:34:07] → Scraping 5355213
[2025-12-30 20:34:07] → Scraping 2639805
[2025-12-30 20:34:07] → Scraping 51058222
[2025-12-30 20:34:07] → Scraping 51128843
[2025-12-30 20:34:07] → Scraping 2639804
[2025-12-30 20:34:07] → Scraping 51105759
[2025-12-30 20:34:07] → Scraping 51101547
[2025-12-30 20:34:11] ✓ Saved 10 listings to CSV
[2025-12-30 20:34:11]   ✓ Batch: 10/10 saved
[2025-12-30 20:34:13] 
▶ Page 375
[2025-12-30 20:34:14] ✓ Found 30 listings
[2025-12-30 20:34:14] → Scraping 51097071
[2025-12-30 20:34:14] → Scraping 51128842
[2025-12-30 20:34:14] → Scraping 51128841
[2025-12-30 20:34:14] → Scraping 51128840
[2025-12-30 20:34:14] → Scraping 2639803
[2025-12-30 20:34:14] → Scraping 51128839
[2025-12-30 20:34:14] → Scraping 2639802
[2025-12-30 20:34:14] → Scraping 51128838
[2025-12-30 20:34:14] → Scraping 51128837
[2025-12-30 20:34:14] → Scraping 51128836
[2025-12-30 20:34:17] ✓ Saved 10 listings to CSV
[2025-12-30 20:34:17]   ✓ Batch: 10/10 saved
[2025-12-30 20:34:17] → Scraping 51128835
[2025-12-30 20:34:17] → Scraping 51088828
[2025-12-30 20:34:17] → Scraping 51128834
[2025-12-30 20:34:17] → Scraping 51123153
[2025-12-30 20:34:17] → Scraping 51128833
[2025-12-30 20:34:17] → Scraping 51128832
[2025-12-30 20:34:17] → Scraping 2639800
[2025-12-30 20:34:17] → Scraping 2639799
[2025-12-30 20:34:17] → Scraping 2639798
[2025-12-30 20:34:17] → Scraping 51128829
[2025-12-30 20:34:21] ✓ Saved 10 listings to CSV
[2025-12-30 20:34:21]   ✓ Batch: 10/10 saved
[2025-12-30 20:34:21] → Scraping 51128828
[2025-12-30 20:34:21] → Scraping 51128827
[2025-12-30 20:34:21] → Scraping 51125845
[2025-12-30 20:34:21] → Scraping 51124275
[2025-12-30 20:34:21] → Scraping 51122212
[2025-12-30 20:34:21] → Scraping 51114738
[2025-12-30 20:34:21] → Scraping 51094150
[2025-12-30 20:34:21] → Scraping 51114588
[2025-12-30 20:34:21] → Scraping 2639797
[2025-12-30 20:34:21] → Scraping 51128826
[2025-12-30 20:34:24] ✓ Saved 10 listings to CSV
[2025-12-30 20:34:24]   ✓ Batch: 10/10 saved
[2025-12-30 20:34:26] 
▶ Page 376
[2025-12-30 20:34:27] ✓ Found 30 listings
[2025-12-30 20:34:27] → Scraping 51128824
[2025-12-30 20:34:27] → Scraping 2638174
[2025-12-30 20:34:27] → Scraping 51128822
[2025-12-30 20:34:27] → Scraping 51128821
[2025-12-30 20:34:27] → Scraping 2639796
[2025-12-30 20:34:27] → Scraping 51105214
[2025-12-30 20:34:27] → Scraping 51105215
[2025-12-30 20:34:27] → Scraping 51122209
[2025-12-30 20:34:27] → Scraping 51122208
[2025-12-30 20:34:27] → Scraping 51128820
[2025-12-30 20:34:31] ✓ Saved 10 listings to CSV
[2025-12-30 20:34:31]   ✓ Batch: 10/10 saved
[2025-12-30 20:34:31] → Scraping 51128819
[2025-12-30 20:34:31] → Scraping 2639795
[2025-12-30 20:34:31] → Scraping 2639794
[2025-12-30 20:34:31] → Scraping 2639793
[2025-12-30 20:34:31] → Scraping 51128818
[2025-12-30 20:34:31] → Scraping 2639792
[2025-12-30 20:34:31] → Scraping 51128817
[2025-12-30 20:34:31] → Scraping 51128816
[2025-12-30 20:34:31] → Scraping 51125731
[2025-12-30 20:34:31] → Scraping 51125840
[2025-12-30 20:34:34] ✓ Saved 10 listings to CSV
[2025-12-30 20:34:34]   ✓ Batch: 10/10 saved
[2025-12-30 20:34:34] → Scraping 51125920
[2025-12-30 20:34:34] → Scraping 2639791
[2025-12-30 20:34:34] → Scraping 51128815
[2025-12-30 20:34:34] → Scraping 51128814
[2025-12-30 20:34:34] → Scraping 51128813
[2025-12-30 20:34:34] → Scraping 51128812
[2025-12-30 20:34:34] → Scraping 51128811
[2025-12-30 20:34:34] → Scraping 51128809
[2025-12-30 20:34:34] → Scraping 51128808
[2025-12-30 20:34:34] → Scraping 51125644
[2025-12-30 20:34:38] ✓ Saved 10 listings to CSV
[2025-12-30 20:34:38]   ✓ Batch: 10/10 saved
[2025-12-30 20:34:40] 
▶ Page 377
[2025-12-30 20:34:42] ✓ Found 30 listings
[2025-12-30 20:34:42] → Scraping 2639790
[2025-12-30 20:34:42] → Scraping 51122220
[2025-12-30 20:34:42] → Scraping 51128807
[2025-12-30 20:34:42] → Scraping 51128806
[2025-12-30 20:34:42] → Scraping 51128805
[2025-12-30 20:34:42] → Scraping 51128804
[2025-12-30 20:34:42] → Scraping 51128803
[2025-12-30 20:34:42] → Scraping 51128802
[2025-12-30 20:34:42] → Scraping 2639787
[2025-12-30 20:34:42] → Scraping 2639786
[2025-12-30 20:34:45] ✓ Saved 10 listings to CSV
[2025-12-30 20:34:45]   ✓ Batch: 10/10 saved
[2025-12-30 20:34:45] → Scraping 51067088
[2025-12-30 20:34:45] → Scraping 51060676
[2025-12-30 20:34:45] → Scraping 51060679
[2025-12-30 20:34:45] → Scraping 51060673
[2025-12-30 20:34:45] → Scraping 51056676
[2025-12-30 20:34:45] → Scraping 51056525
[2025-12-30 20:34:45] → Scraping 51105414
[2025-12-30 20:34:45] → Scraping 5616976
[2025-12-30 20:34:45] → Scraping 5586878
[2025-12-30 20:34:45] → Scraping 5699662
[2025-12-30 20:34:49] ✓ Saved 10 listings to CSV
[2025-12-30 20:34:49]   ✓ Batch: 10/10 saved
[2025-12-30 20:34:49] → Scraping 5959496
[2025-12-30 20:34:49] → Scraping 5587681
[2025-12-30 20:34:49] → Scraping 5781040
[2025-12-30 20:34:49] → Scraping 51027501
[2025-12-30 20:34:49] → Scraping 5563474
[2025-12-30 20:34:49] → Scraping 5993636
[2025-12-30 20:34:49] → Scraping 5567135
[2025-12-30 20:34:49] → Scraping 5782341
[2025-12-30 20:34:49] → Scraping 5783539
[2025-12-30 20:34:49] → Scraping 5598672
[2025-12-30 20:34:52] ✓ Saved 10 listings to CSV
[2025-12-30 20:34:52]   ✓ Batch: 10/10 saved
[2025-12-30 20:34:54] 
▶ Page 378
[2025-12-30 20:34:56] ✓ Found 30 listings
[2025-12-30 20:34:56] → Scraping 5993635
[2025-12-30 20:34:56] → Scraping 51061007
[2025-12-30 20:34:56] → Scraping 51128801
[2025-12-30 20:34:56] → Scraping 2639784
[2025-12-30 20:34:56] → Scraping 51128800
[2025-12-30 20:34:56] → Scraping 51128799
[2025-12-30 20:34:56] → Scraping 51128798
[2025-12-30 20:34:56] → Scraping 51128796
[2025-12-30 20:34:56] → Scraping 51128795
[2025-12-30 20:34:56] → Scraping 51128794
[2025-12-30 20:34:59] ✓ Saved 10 listings to CSV
[2025-12-30 20:34:59]   ✓ Batch: 10/10 saved
[2025-12-30 20:34:59] → Scraping 51128793
[2025-12-30 20:34:59] → Scraping 51128792
[2025-12-30 20:34:59] → Scraping 51128791
[2025-12-30 20:34:59] → Scraping 51128790
[2025-12-30 20:34:59] → Scraping 51128789
[2025-12-30 20:34:59] → Scraping 2639781
[2025-12-30 20:34:59] → Scraping 51128788
[2025-12-30 20:34:59] → Scraping 2639779
[2025-12-30 20:34:59] → Scraping 51125946
[2025-12-30 20:34:59] → Scraping 2639321
[2025-12-30 20:35:03] ✓ Saved 10 listings to CSV
[2025-12-30 20:35:03]   ✓ Batch: 10/10 saved
[2025-12-30 20:35:03] → Scraping 51128787
[2025-12-30 20:35:03] → Scraping 51128786
[2025-12-30 20:35:03] → Scraping 51128785
[2025-12-30 20:35:03] → Scraping 51090973
[2025-12-30 20:35:03] → Scraping 51128784
[2025-12-30 20:35:03] → Scraping 51128783
[2025-12-30 20:35:03] → Scraping 51128782
[2025-12-30 20:35:03] → Scraping 51128781
[2025-12-30 20:35:03] → Scraping 51128780
[2025-12-30 20:35:03] → Scraping 51128779
[2025-12-30 20:35:07] ✓ Saved 10 listings to CSV
[2025-12-30 20:35:07]   ✓ Batch: 10/10 saved
[2025-12-30 20:35:09] 
▶ Page 379
[2025-12-30 20:35:11] ✓ Found 30 listings
[2025-12-30 20:35:11] → Scraping 51088148
[2025-12-30 20:35:11] → Scraping 51059275
[2025-12-30 20:35:11] → Scraping 51070747
[2025-12-30 20:35:11] → Scraping 51071473
[2025-12-30 20:35:11] → Scraping 51071578
[2025-12-30 20:35:11] → Scraping 51116314
[2025-12-30 20:35:11] → Scraping 51116229
[2025-12-30 20:35:11] → Scraping 51116228
[2025-12-30 20:35:11] → Scraping 2639776
[2025-12-30 20:35:11] → Scraping 51128777
[2025-12-30 20:35:14] ✓ Saved 10 listings to CSV
[2025-12-30 20:35:14]   ✓ Batch: 10/10 saved
[2025-12-30 20:35:14] → Scraping 2639775
[2025-12-30 20:35:14] → Scraping 51086074
[2025-12-30 20:35:14] → Scraping 51128776
[2025-12-30 20:35:14] → Scraping 51077955
[2025-12-30 20:35:14] → Scraping 2637698
[2025-12-30 20:35:14] → Scraping 2639774
[2025-12-30 20:35:14] → Scraping 51128775
[2025-12-30 20:35:14] → Scraping 51125827
[2025-12-30 20:35:14] → Scraping 487121
[2025-12-30 20:35:14] → Scraping 51064796
[2025-12-30 20:35:19] ✓ Saved 10 listings to CSV
[2025-12-30 20:35:19]   ✓ Batch: 10/10 saved
[2025-12-30 20:35:19] → Scraping 51109989
[2025-12-30 20:35:19] → Scraping 51106846
[2025-12-30 20:35:19] → Scraping 51093699
[2025-12-30 20:35:19] → Scraping 51093701
[2025-12-30 20:35:19] → Scraping 51093702
[2025-12-30 20:35:19] → Scraping 51093704
[2025-12-30 20:35:19] → Scraping 51093726
[2025-12-30 20:35:19] → Scraping 51093700
[2025-12-30 20:35:19] → Scraping 51093725
[2025-12-30 20:35:19] → Scraping 51103520
[2025-12-30 20:35:23] ✓ Saved 10 listings to CSV
[2025-12-30 20:35:23]   ✓ Batch: 10/10 saved
[2025-12-30 20:35:25] 
▶ Page 380
[2025-12-30 20:35:26] ✓ Found 30 listings
[2025-12-30 20:35:26] → Scraping 51079817
[2025-12-30 20:35:26] → Scraping 51059477
[2025-12-30 20:35:26] → Scraping 3237207
[2025-12-30 20:35:26] → Scraping 3238184
[2025-12-30 20:35:26] → Scraping 51086550
[2025-12-30 20:35:26] → Scraping 51086647
[2025-12-30 20:35:26] → Scraping 51096825
[2025-12-30 20:35:26] → Scraping 51086645
[2025-12-30 20:35:26] → Scraping 51042242
[2025-12-30 20:35:26] → Scraping 51034565
[2025-12-30 20:35:29] ✓ Saved 10 listings to CSV
[2025-12-30 20:35:29]   ✓ Batch: 10/10 saved
[2025-12-30 20:35:29] → Scraping 51034598
[2025-12-30 20:35:29] → Scraping 5938551
[2025-12-30 20:35:29] → Scraping 5938560
[2025-12-30 20:35:29] → Scraping 5938562
[2025-12-30 20:35:29] → Scraping 5938558
[2025-12-30 20:35:29] → Scraping 51059139
[2025-12-30 20:35:29] → Scraping 5806924
[2025-12-30 20:35:29] → Scraping 51004654
[2025-12-30 20:35:29] → Scraping 51057206
[2025-12-30 20:35:29] → Scraping 51034689
[2025-12-30 20:35:33] ✓ Saved 10 listings to CSV
[2025-12-30 20:35:33]   ✓ Batch: 10/10 saved
[2025-12-30 20:35:33] → Scraping 51034695
[2025-12-30 20:35:33] → Scraping 51041629
[2025-12-30 20:35:33] → Scraping 51041627
[2025-12-30 20:35:33] → Scraping 5849149
[2025-12-30 20:35:33] → Scraping 51042548
[2025-12-30 20:35:33] → Scraping 51042365
[2025-12-30 20:35:33] → Scraping 5852408
[2025-12-30 20:35:33] → Scraping 5852426
[2025-12-30 20:35:33] → Scraping 5849150
[2025-12-30 20:35:33] → Scraping 5976659
[2025-12-30 20:35:36] ✓ Saved 10 listings to CSV
[2025-12-30 20:35:36]   ✓ Batch: 10/10 saved
[2025-12-30 20:35:38] 
▶ Page 381
[2025-12-30 20:35:40] ✓ Found 30 listings
[2025-12-30 20:35:40] → Scraping 51006992
[2025-12-30 20:35:40] → Scraping 51004672
[2025-12-30 20:35:40] → Scraping 51034631
[2025-12-30 20:35:40] → Scraping 51034643
[2025-12-30 20:35:40] → Scraping 51004821
[2025-12-30 20:35:40] → Scraping 51004744
[2025-12-30 20:35:40] → Scraping 51004772
[2025-12-30 20:35:40] → Scraping 51004738
[2025-12-30 20:35:40] → Scraping 51004720
[2025-12-30 20:35:40] → Scraping 3239743
[2025-12-30 20:35:43] ✓ Saved 10 listings to CSV
[2025-12-30 20:35:43]   ✓ Batch: 10/10 saved
[2025-12-30 20:35:43] → Scraping 51060042
[2025-12-30 20:35:43] → Scraping 5915542
[2025-12-30 20:35:43] → Scraping 5907900
[2025-12-30 20:35:43] → Scraping 51044738
[2025-12-30 20:35:43] → Scraping 5902917
[2025-12-30 20:35:43] → Scraping 51128774
[2025-12-30 20:35:43] → Scraping 2639772
[2025-12-30 20:35:43] → Scraping 51128773
[2025-12-30 20:35:43] → Scraping 51128772
[2025-12-30 20:35:43] → Scraping 51128771
[2025-12-30 20:35:47] ✓ Saved 10 listings to CSV
[2025-12-30 20:35:47]   ✓ Batch: 10/10 saved
[2025-12-30 20:35:47] → Scraping 2639771
[2025-12-30 20:35:47] → Scraping 2638160
[2025-12-30 20:35:47] → Scraping 2639770
[2025-12-30 20:35:47] → Scraping 2628551
[2025-12-30 20:35:47] → Scraping 2628565
[2025-12-30 20:35:47] → Scraping 51128769
[2025-12-30 20:35:47] → Scraping 2639769
[2025-12-30 20:35:47] → Scraping 51128768
[2025-12-30 20:35:47] → Scraping 5883355
[2025-12-30 20:35:47] → Scraping 5882763
[2025-12-30 20:35:51] ✓ Saved 10 listings to CSV
[2025-12-30 20:35:51]   ✓ Batch: 10/10 saved
[2025-12-30 20:35:53] 
▶ Page 382
[2025-12-30 20:35:54] ✓ Found 30 listings
[2025-12-30 20:35:54] → Scraping 2639767
[2025-12-30 20:35:54] → Scraping 2639766
[2025-12-30 20:35:54] → Scraping 2639765
[2025-12-30 20:35:54] → Scraping 2639764
[2025-12-30 20:35:54] → Scraping 2639762
[2025-12-30 20:35:54] → Scraping 5367224
[2025-12-30 20:35:54] → Scraping 5455941
[2025-12-30 20:35:54] → Scraping 5524740
[2025-12-30 20:35:54] → Scraping 5175784
[2025-12-30 20:35:54] → Scraping 51047496
[2025-12-30 20:35:58] ✓ Saved 10 listings to CSV
[2025-12-30 20:35:58]   ✓ Batch: 10/10 saved
[2025-12-30 20:35:58] → Scraping 5353526
[2025-12-30 20:35:58] → Scraping 51034655
[2025-12-30 20:35:58] → Scraping 51054000
[2025-12-30 20:35:58] → Scraping 5242986
[2025-12-30 20:35:58] → Scraping 5634621
[2025-12-30 20:35:58] → Scraping 51053729
[2025-12-30 20:35:58] → Scraping 5964812
[2025-12-30 20:35:58] → Scraping 5327940
[2025-12-30 20:35:58] → Scraping 5466869
[2025-12-30 20:35:58] → Scraping 5524737
[2025-12-30 20:36:02] ✓ Saved 10 listings to CSV
[2025-12-30 20:36:02]   ✓ Batch: 10/10 saved
[2025-12-30 20:36:02] → Scraping 5413818
[2025-12-30 20:36:02] → Scraping 5454891
[2025-12-30 20:36:02] → Scraping 5253177
[2025-12-30 20:36:02] → Scraping 5262976
[2025-12-30 20:36:02] → Scraping 5317648
[2025-12-30 20:36:02] → Scraping 2625375
[2025-12-30 20:36:02] → Scraping 2638158
[2025-12-30 20:36:02] → Scraping 51128766
[2025-12-30 20:36:02] → Scraping 51128765
[2025-12-30 20:36:02] → Scraping 2639759
[2025-12-30 20:36:05] ✓ Saved 10 listings to CSV
[2025-12-30 20:36:05]   ✓ Batch: 10/10 saved
[2025-12-30 20:36:07] 
▶ Page 383
[2025-12-30 20:36:08] ✓ Found 30 listings
[2025-12-30 20:36:08] → Scraping 2639758
[2025-12-30 20:36:08] → Scraping 2639757
[2025-12-30 20:36:08] → Scraping 2639756
[2025-12-30 20:36:08] → Scraping 51128762
[2025-12-30 20:36:08] → Scraping 2639755
[2025-12-30 20:36:08] → Scraping 51128761
[2025-12-30 20:36:08] → Scraping 51082765
[2025-12-30 20:36:08] → Scraping 2639754
[2025-12-30 20:36:08] → Scraping 51093440
[2025-12-30 20:36:08] → Scraping 51128760
[2025-12-30 20:36:12] ✓ Saved 10 listings to CSV
[2025-12-30 20:36:12]   ✓ Batch: 10/10 saved
[2025-12-30 20:36:12] → Scraping 2639752
[2025-12-30 20:36:12] → Scraping 2623524
[2025-12-30 20:36:12] → Scraping 2628959
[2025-12-30 20:36:12] → Scraping 2623528
[2025-12-30 20:36:12] → Scraping 2630733
[2025-12-30 20:36:12] → Scraping 2638132
[2025-12-30 20:36:12] → Scraping 2623681
[2025-12-30 20:36:12] → Scraping 2638150
[2025-12-30 20:36:12] → Scraping 2639750
[2025-12-30 20:36:12] → Scraping 2639749
[2025-12-30 20:36:16] ✓ Saved 10 listings to CSV
[2025-12-30 20:36:16]   ✓ Batch: 10/10 saved
[2025-12-30 20:36:16] → Scraping 51128759
[2025-12-30 20:36:16] → Scraping 51128758
[2025-12-30 20:36:16] → Scraping 51128757
[2025-12-30 20:36:16] → Scraping 51128755
[2025-12-30 20:36:16] → Scraping 51128754
[2025-12-30 20:36:16] → Scraping 51128753
[2025-12-30 20:36:16] → Scraping 51128752
[2025-12-30 20:36:16] → Scraping 2639746
[2025-12-30 20:36:16] → Scraping 51128748
[2025-12-30 20:36:16] → Scraping 51128747
[2025-12-30 20:36:19] ✓ Saved 10 listings to CSV
[2025-12-30 20:36:19]   ✓ Batch: 10/10 saved
[2025-12-30 20:36:21] 
▶ Page 384
[2025-12-30 20:36:23] ✓ Found 30 listings
[2025-12-30 20:36:23] → Scraping 51128744
[2025-12-30 20:36:23] → Scraping 51113381
[2025-12-30 20:36:23] → Scraping 51074660
[2025-12-30 20:36:23] → Scraping 51128743
[2025-12-30 20:36:23] → Scraping 51098645
[2025-12-30 20:36:23] → Scraping 5982985
[2025-12-30 20:36:23] → Scraping 5834189
[2025-12-30 20:36:23] → Scraping 51065950
[2025-12-30 20:36:23] → Scraping 5839678
[2025-12-30 20:36:23] → Scraping 5976787
[2025-12-30 20:36:26] ✓ Saved 10 listings to CSV
[2025-12-30 20:36:26]   ✓ Batch: 10/10 saved
[2025-12-30 20:36:26] → Scraping 5859453
[2025-12-30 20:36:26] → Scraping 51122919
[2025-12-30 20:36:26] → Scraping 51122949
[2025-12-30 20:36:26] → Scraping 51122948
[2025-12-30 20:36:26] → Scraping 51122940
[2025-12-30 20:36:26] → Scraping 51122934
[2025-12-30 20:36:26] → Scraping 51122925
[2025-12-30 20:36:26] → Scraping 51122956
[2025-12-30 20:36:26] → Scraping 51122953
[2025-12-30 20:36:26] → Scraping 51122951
[2025-12-30 20:36:29] ✓ Saved 10 listings to CSV
[2025-12-30 20:36:29]   ✓ Batch: 10/10 saved
[2025-12-30 20:36:29] → Scraping 2632304
[2025-12-30 20:36:29] → Scraping 51128741
[2025-12-30 20:36:29] → Scraping 51128739
[2025-12-30 20:36:29] → Scraping 51128738
[2025-12-30 20:36:29] → Scraping 2639743
[2025-12-30 20:36:29] → Scraping 51105614
[2025-12-30 20:36:29] → Scraping 51124883
[2025-12-30 20:36:29] → Scraping 5904258
[2025-12-30 20:36:29] → Scraping 51125568
[2025-12-30 20:36:29] → Scraping 51125786
[2025-12-30 20:36:33] ✓ Saved 10 listings to CSV
[2025-12-30 20:36:33]   ✓ Batch: 10/10 saved
[2025-12-30 20:36:35] 
▶ Page 385
[2025-12-30 20:36:36] ✓ Found 30 listings
[2025-12-30 20:36:36] → Scraping 51125601
[2025-12-30 20:36:36] → Scraping 2636693
[2025-12-30 20:36:36] → Scraping 51013769
[2025-12-30 20:36:36] → Scraping 51081382
[2025-12-30 20:36:36] → Scraping 51046850
[2025-12-30 20:36:36] → Scraping 51093323
[2025-12-30 20:36:36] → Scraping 51073371
[2025-12-30 20:36:36] → Scraping 51087923
[2025-12-30 20:36:36] → Scraping 51087924
[2025-12-30 20:36:36] → Scraping 51091546
[2025-12-30 20:36:40] ✓ Saved 10 listings to CSV
[2025-12-30 20:36:40]   ✓ Batch: 10/10 saved
[2025-12-30 20:36:40] → Scraping 51091545
[2025-12-30 20:36:40] → Scraping 51071677
[2025-12-30 20:36:40] → Scraping 51060829
[2025-12-30 20:36:40] → Scraping 51072138
[2025-12-30 20:36:40] → Scraping 51104705
[2025-12-30 20:36:40] → Scraping 51104709
[2025-12-30 20:36:40] → Scraping 51040611
[2025-12-30 20:36:40] → Scraping 51101947
[2025-12-30 20:36:40] → Scraping 51101945
[2025-12-30 20:36:40] → Scraping 51101944
[2025-12-30 20:36:44] ✓ Saved 10 listings to CSV
[2025-12-30 20:36:44]   ✓ Batch: 10/10 saved
[2025-12-30 20:36:44] → Scraping 51073372
[2025-12-30 20:36:44] → Scraping 51064664
[2025-12-30 20:36:44] → Scraping 51072136
[2025-12-30 20:36:44] → Scraping 51042793
[2025-12-30 20:36:44] → Scraping 51060893
[2025-12-30 20:36:44] → Scraping 51064663
[2025-12-30 20:36:44] → Scraping 51083078
[2025-12-30 20:36:44] → Scraping 51050543
[2025-12-30 20:36:44] → Scraping 51033669
[2025-12-30 20:36:44] → Scraping 51119141
[2025-12-30 20:36:47] ✓ Saved 10 listings to CSV
[2025-12-30 20:36:47]   ✓ Batch: 10/10 saved
[2025-12-30 20:36:49] 
▶ Page 386
[2025-12-30 20:36:51] ✓ Found 30 listings
[2025-12-30 20:36:51] → Scraping 51119142
[2025-12-30 20:36:51] → Scraping 51119143
[2025-12-30 20:36:51] → Scraping 51086919
[2025-12-30 20:36:51] → Scraping 51084475
[2025-12-30 20:36:51] → Scraping 51086725
[2025-12-30 20:36:51] → Scraping 51066488
[2025-12-30 20:36:51] → Scraping 51103592
[2025-12-30 20:36:51] → Scraping 51100879
[2025-12-30 20:36:51] → Scraping 51100939
[2025-12-30 20:36:51] → Scraping 51100785
[2025-12-30 20:36:54] ✓ Saved 10 listings to CSV
[2025-12-30 20:36:54]   ✓ Batch: 10/10 saved
[2025-12-30 20:36:54] → Scraping 5581062
[2025-12-30 20:36:54] → Scraping 51051107
[2025-12-30 20:36:54] → Scraping 51128733
[2025-12-30 20:36:54] → Scraping 51128731
[2025-12-30 20:36:54] → Scraping 51128730
[2025-12-30 20:36:54] → Scraping 51128729
[2025-12-30 20:36:54] → Scraping 51128728
[2025-12-30 20:36:54] → Scraping 51128727
[2025-12-30 20:36:54] → Scraping 51128726
[2025-12-30 20:36:54] → Scraping 51128725
[2025-12-30 20:36:58] ✓ Saved 10 listings to CSV
[2025-12-30 20:36:58]   ✓ Batch: 10/10 saved
[2025-12-30 20:36:58] → Scraping 51128724
[2025-12-30 20:36:58] → Scraping 51111246
[2025-12-30 20:36:58] → Scraping 51122392
[2025-12-30 20:36:58] → Scraping 51124918
[2025-12-30 20:36:58] → Scraping 487108
[2025-12-30 20:36:58] → Scraping 487109
[2025-12-30 20:36:58] → Scraping 487110
[2025-12-30 20:36:58] → Scraping 51066531
[2025-12-30 20:36:58] → Scraping 51128723
[2025-12-30 20:36:58] → Scraping 3239741
[2025-12-30 20:37:01] ✓ Saved 10 listings to CSV
[2025-12-30 20:37:01]   ✓ Batch: 10/10 saved
[2025-12-30 20:37:03] 
▶ Page 387
[2025-12-30 20:37:05] ✓ Found 30 listings
[2025-12-30 20:37:05] → Scraping 51128721
[2025-12-30 20:37:05] → Scraping 51128720
[2025-12-30 20:37:05] → Scraping 51128719
[2025-12-30 20:37:05] → Scraping 2637879
[2025-12-30 20:37:05] → Scraping 51128717
[2025-12-30 20:37:05] → Scraping 2639739
[2025-12-30 20:37:05] → Scraping 2639738
[2025-12-30 20:37:05] → Scraping 2639737
[2025-12-30 20:37:05] → Scraping 51128716
[2025-12-30 20:37:05] → Scraping 2639736
[2025-12-30 20:37:08] ✓ Saved 10 listings to CSV
[2025-12-30 20:37:08]   ✓ Batch: 10/10 saved
[2025-12-30 20:37:08] → Scraping 51128715
[2025-12-30 20:37:08] → Scraping 2637170
[2025-12-30 20:37:08] → Scraping 2638020
[2025-12-30 20:37:08] → Scraping 51107375
[2025-12-30 20:37:08] → Scraping 51097302
[2025-12-30 20:37:08] → Scraping 51128714
[2025-12-30 20:37:08] → Scraping 2639734
[2025-12-30 20:37:08] → Scraping 2639733
[2025-12-30 20:37:08] → Scraping 51128713
[2025-12-30 20:37:08] → Scraping 51124858
[2025-12-30 20:37:12] ✓ Saved 10 listings to CSV
[2025-12-30 20:37:12]   ✓ Batch: 10/10 saved
[2025-12-30 20:37:12] → Scraping 2639732
[2025-12-30 20:37:12] → Scraping 2637319
[2025-12-30 20:37:12] → Scraping 2637836
[2025-12-30 20:37:12] → Scraping 2637837
[2025-12-30 20:37:12] → Scraping 2637882
[2025-12-30 20:37:12] → Scraping 2636439
[2025-12-30 20:37:12] → Scraping 2638019
[2025-12-30 20:37:12] → Scraping 51085760
[2025-12-30 20:37:12] → Scraping 51084172
[2025-12-30 20:37:12] → Scraping 51128708
[2025-12-30 20:37:16] ✓ Saved 10 listings to CSV
[2025-12-30 20:37:16]   ✓ Batch: 10/10 saved
[2025-12-30 20:37:18] 
▶ Page 388
[2025-12-30 20:37:19] ✓ Found 30 listings
[2025-12-30 20:37:19] → Scraping 51128707
[2025-12-30 20:37:19] → Scraping 51128706
[2025-12-30 20:37:19] → Scraping 2639728
[2025-12-30 20:37:19] → Scraping 51128705
[2025-12-30 20:37:19] → Scraping 51128704
[2025-12-30 20:37:19] → Scraping 2639727
[2025-12-30 20:37:19] → Scraping 51128703
[2025-12-30 20:37:19] → Scraping 51128700
[2025-12-30 20:37:19] → Scraping 51128699
[2025-12-30 20:37:19] → Scraping 51066174
[2025-12-30 20:37:23] ✓ Saved 10 listings to CSV
[2025-12-30 20:37:23]   ✓ Batch: 10/10 saved
[2025-12-30 20:37:23] → Scraping 51066175
[2025-12-30 20:37:23] → Scraping 51066173
[2025-12-30 20:37:23] → Scraping 51066168
[2025-12-30 20:37:23] → Scraping 51066321
[2025-12-30 20:37:23] → Scraping 51066318
[2025-12-30 20:37:23] → Scraping 51066166
[2025-12-30 20:37:23] → Scraping 51066165
[2025-12-30 20:37:23] → Scraping 51066164
[2025-12-30 20:37:23] → Scraping 51065994
[2025-12-30 20:37:23] → Scraping 51065828
[2025-12-30 20:37:26] ✓ Saved 10 listings to CSV
[2025-12-30 20:37:26]   ✓ Batch: 10/10 saved
[2025-12-30 20:37:26] → Scraping 51065823
[2025-12-30 20:37:26] → Scraping 51065821
[2025-12-30 20:37:26] → Scraping 51065822
[2025-12-30 20:37:26] → Scraping 51065820
[2025-12-30 20:37:26] → Scraping 51065819
[2025-12-30 20:37:26] → Scraping 51065817
[2025-12-30 20:37:26] → Scraping 51066323
[2025-12-30 20:37:26] → Scraping 51065816
[2025-12-30 20:37:26] → Scraping 51065815
[2025-12-30 20:37:26] → Scraping 51065813
[2025-12-30 20:37:30] ✓ Saved 10 listings to CSV
[2025-12-30 20:37:30]   ✓ Batch: 10/10 saved
[2025-12-30 20:37:32] 
▶ Page 389
[2025-12-30 20:37:34] ✓ Found 30 listings
[2025-12-30 20:37:34] → Scraping 51065793
[2025-12-30 20:37:34] → Scraping 51066320
[2025-12-30 20:37:34] → Scraping 51065810
[2025-12-30 20:37:34] → Scraping 51065790
[2025-12-30 20:37:34] → Scraping 51073605
[2025-12-30 20:37:34] → Scraping 51073601
[2025-12-30 20:37:34] → Scraping 51073600
[2025-12-30 20:37:34] → Scraping 51073603
[2025-12-30 20:37:34] → Scraping 51073594
[2025-12-30 20:37:34] → Scraping 51073591
[2025-12-30 20:37:37] ✓ Saved 10 listings to CSV
[2025-12-30 20:37:37]   ✓ Batch: 10/10 saved
[2025-12-30 20:37:37] → Scraping 51073596
[2025-12-30 20:37:37] → Scraping 51073593
[2025-12-30 20:37:37] → Scraping 51073588
[2025-12-30 20:37:37] → Scraping 51069383
[2025-12-30 20:37:37] → Scraping 51069387
[2025-12-30 20:37:37] → Scraping 51069388
[2025-12-30 20:37:37] → Scraping 51069389
[2025-12-30 20:37:37] → Scraping 51069391
[2025-12-30 20:37:37] → Scraping 51069392
[2025-12-30 20:37:37] → Scraping 51069447
[2025-12-30 20:37:41] ✓ Saved 10 listings to CSV
[2025-12-30 20:37:41]   ✓ Batch: 10/10 saved
[2025-12-30 20:37:41] → Scraping 51069449
[2025-12-30 20:37:41] → Scraping 51069452
[2025-12-30 20:37:41] → Scraping 51069453
[2025-12-30 20:37:41] → Scraping 51069455
[2025-12-30 20:37:41] → Scraping 51069445
[2025-12-30 20:37:41] → Scraping 51073297
[2025-12-30 20:37:41] → Scraping 51073295
[2025-12-30 20:37:41] → Scraping 51073590
[2025-12-30 20:37:41] → Scraping 51073294
[2025-12-30 20:37:41] → Scraping 51073293
[2025-12-30 20:37:45] ✓ Saved 10 listings to CSV
[2025-12-30 20:37:45]   ✓ Batch: 10/10 saved
[2025-12-30 20:37:47] 
▶ Page 390
[2025-12-30 20:37:48] ✓ Found 30 listings
[2025-12-30 20:37:48] → Scraping 51067119
[2025-12-30 20:37:48] → Scraping 51067116
[2025-12-30 20:37:48] → Scraping 51067113
[2025-12-30 20:37:48] → Scraping 51067114
[2025-12-30 20:37:48] → Scraping 51082094
[2025-12-30 20:37:48] → Scraping 51082095
[2025-12-30 20:37:48] → Scraping 51069441
[2025-12-30 20:37:48] → Scraping 51082073
[2025-12-30 20:37:48] → Scraping 2639725
[2025-12-30 20:37:48] → Scraping 51128698
[2025-12-30 20:37:52] ✓ Saved 10 listings to CSV
[2025-12-30 20:37:52]   ✓ Batch: 10/10 saved
[2025-12-30 20:37:52] → Scraping 2639723
[2025-12-30 20:37:52] → Scraping 2639722
[2025-12-30 20:37:52] → Scraping 51128697
[2025-12-30 20:37:52] → Scraping 51128696
[2025-12-30 20:37:52] → Scraping 51128695
[2025-12-30 20:37:52] → Scraping 51082071
[2025-12-30 20:37:52] → Scraping 51082093
[2025-12-30 20:37:52] → Scraping 51082072
[2025-12-30 20:37:52] → Scraping 51082069
[2025-12-30 20:37:52] → Scraping 51082068
[2025-12-30 20:37:55] ✓ Saved 10 listings to CSV
[2025-12-30 20:37:55]   ✓ Batch: 10/10 saved
[2025-12-30 20:37:55] → Scraping 51082064
[2025-12-30 20:37:55] → Scraping 51082063
[2025-12-30 20:37:55] → Scraping 51081641
[2025-12-30 20:37:55] → Scraping 51081640
[2025-12-30 20:37:55] → Scraping 51081639
[2025-12-30 20:37:55] → Scraping 51081637
[2025-12-30 20:37:55] → Scraping 51081636
[2025-12-30 20:37:55] → Scraping 51067115
[2025-12-30 20:37:55] → Scraping 51081634
[2025-12-30 20:37:55] → Scraping 51081508
[2025-12-30 20:37:59] ✓ Saved 10 listings to CSV
[2025-12-30 20:37:59]   ✓ Batch: 10/10 saved
[2025-12-30 20:38:01] 
▶ Page 391
[2025-12-30 20:38:02] ✓ Found 30 listings
[2025-12-30 20:38:02] → Scraping 51081633
[2025-12-30 20:38:02] → Scraping 51051257
[2025-12-30 20:38:02] → Scraping 51081507
[2025-12-30 20:38:02] → Scraping 51086502
[2025-12-30 20:38:02] → Scraping 51086503
[2025-12-30 20:38:02] → Scraping 51086504
[2025-12-30 20:38:02] → Scraping 51086505
[2025-12-30 20:38:02] → Scraping 51086506
[2025-12-30 20:38:02] → Scraping 51051035
[2025-12-30 20:38:02] → Scraping 51086507
[2025-12-30 20:38:06] ✓ Saved 10 listings to CSV
[2025-12-30 20:38:06]   ✓ Batch: 10/10 saved
[2025-12-30 20:38:06] → Scraping 51086510
[2025-12-30 20:38:06] → Scraping 51081638
[2025-12-30 20:38:06] → Scraping 51086511
[2025-12-30 20:38:06] → Scraping 51051509
[2025-12-30 20:38:06] → Scraping 51051515
[2025-12-30 20:38:06] → Scraping 51051505
[2025-12-30 20:38:06] → Scraping 51051504
[2025-12-30 20:38:06] → Scraping 51051503
[2025-12-30 20:38:06] → Scraping 51051448
[2025-12-30 20:38:06] → Scraping 51051405
[2025-12-30 20:38:09] ✓ Saved 10 listings to CSV
[2025-12-30 20:38:09]   ✓ Batch: 10/10 saved
[2025-12-30 20:38:09] → Scraping 51051404
[2025-12-30 20:38:09] → Scraping 51051259
[2025-12-30 20:38:09] → Scraping 51051207
[2025-12-30 20:38:09] → Scraping 51051258
[2025-12-30 20:38:09] → Scraping 51051138
[2025-12-30 20:38:09] → Scraping 51051059
[2025-12-30 20:38:09] → Scraping 51051041
[2025-12-30 20:38:09] → Scraping 51051036
[2025-12-30 20:38:09] → Scraping 51057900
[2025-12-30 20:38:09] → Scraping 51057516
[2025-12-30 20:38:13] ✓ Saved 10 listings to CSV
[2025-12-30 20:38:13]   ✓ Batch: 10/10 saved
[2025-12-30 20:38:15] 
▶ Page 392
[2025-12-30 20:38:16] ✓ Found 30 listings
[2025-12-30 20:38:16] → Scraping 51057513
[2025-12-30 20:38:16] → Scraping 51057514
[2025-12-30 20:38:16] → Scraping 51062926
[2025-12-30 20:38:16] → Scraping 51128694
[2025-12-30 20:38:16] → Scraping 51059081
[2025-12-30 20:38:16] → Scraping 51059079
[2025-12-30 20:38:16] → Scraping 51059078
[2025-12-30 20:38:16] → Scraping 51053185
[2025-12-30 20:38:16] → Scraping 51053520
[2025-12-30 20:38:16] → Scraping 51059060
[2025-12-30 20:38:20] ✓ Saved 10 listings to CSV
[2025-12-30 20:38:20]   ✓ Batch: 10/10 saved
[2025-12-30 20:38:20] → Scraping 51059320
[2025-12-30 20:38:20] → Scraping 51053217
[2025-12-30 20:38:20] → Scraping 51053220
[2025-12-30 20:38:20] → Scraping 51057381
[2025-12-30 20:38:20] → Scraping 51053222
[2025-12-30 20:38:20] → Scraping 51053224
[2025-12-30 20:38:20] → Scraping 51053244
[2025-12-30 20:38:20] → Scraping 51053243
[2025-12-30 20:38:20] → Scraping 51053246
[2025-12-30 20:38:20] → Scraping 51053348
[2025-12-30 20:38:23] ✓ Saved 10 listings to CSV
[2025-12-30 20:38:23]   ✓ Batch: 10/10 saved
[2025-12-30 20:38:23] → Scraping 51053349
[2025-12-30 20:38:23] → Scraping 51053350
[2025-12-30 20:38:23] → Scraping 51053513
[2025-12-30 20:38:23] → Scraping 51053514
[2025-12-30 20:38:23] → Scraping 51053516
[2025-12-30 20:38:23] → Scraping 51053518
[2025-12-30 20:38:23] → Scraping 2639721
[2025-12-30 20:38:23] → Scraping 51053696
[2025-12-30 20:38:23] → Scraping 51053695
[2025-12-30 20:38:23] → Scraping 51053697
[2025-12-30 20:38:27] ✓ Saved 10 listings to CSV
[2025-12-30 20:38:27]   ✓ Batch: 10/10 saved
[2025-12-30 20:38:29] 
▶ Page 393
[2025-12-30 20:38:30] ✓ Found 30 listings
[2025-12-30 20:38:30] → Scraping 51111072
[2025-12-30 20:38:30] → Scraping 51111078
[2025-12-30 20:38:30] → Scraping 51111079
[2025-12-30 20:38:30] → Scraping 51058871
[2025-12-30 20:38:30] → Scraping 51058867
[2025-12-30 20:38:30] → Scraping 51058869
[2025-12-30 20:38:30] → Scraping 51058879
[2025-12-30 20:38:30] → Scraping 51058182
[2025-12-30 20:38:30] → Scraping 51058882
[2025-12-30 20:38:30] → Scraping 51058883
[2025-12-30 20:38:34] ✓ Saved 10 listings to CSV
[2025-12-30 20:38:34]   ✓ Batch: 10/10 saved
[2025-12-30 20:38:34] → Scraping 51053698
[2025-12-30 20:38:34] → Scraping 51058886
[2025-12-30 20:38:34] → Scraping 51058894
[2025-12-30 20:38:34] → Scraping 51062870
[2025-12-30 20:38:34] → Scraping 51062869
[2025-12-30 20:38:34] → Scraping 51062867
[2025-12-30 20:38:34] → Scraping 51062863
[2025-12-30 20:38:34] → Scraping 51062861
[2025-12-30 20:38:34] → Scraping 51062862
[2025-12-30 20:38:34] → Scraping 51062641
[2025-12-30 20:38:38] ✓ Saved 10 listings to CSV
[2025-12-30 20:38:38]   ✓ Batch: 10/10 saved
[2025-12-30 20:38:38] → Scraping 51062634
[2025-12-30 20:38:38] → Scraping 51062562
[2025-12-30 20:38:38] → Scraping 51062561
[2025-12-30 20:38:38] → Scraping 51062560
[2025-12-30 20:38:38] → Scraping 51058872
[2025-12-30 20:38:38] → Scraping 51062541
[2025-12-30 20:38:38] → Scraping 51062559
[2025-12-30 20:38:38] → Scraping 51062540
[2025-12-30 20:38:38] → Scraping 51062539
[2025-12-30 20:38:38] → Scraping 51061806
[2025-12-30 20:38:41] ✓ Saved 10 listings to CSV
[2025-12-30 20:38:41]   ✓ Batch: 10/10 saved
[2025-12-30 20:38:43] 
▶ Page 394
[2025-12-30 20:38:45] ✓ Found 30 listings
[2025-12-30 20:38:45] → Scraping 51062475
[2025-12-30 20:38:45] → Scraping 51128693
[2025-12-30 20:38:45] → Scraping 51062411
[2025-12-30 20:38:45] → Scraping 51062410
[2025-12-30 20:38:45] → Scraping 2639720
[2025-12-30 20:38:45] → Scraping 2639718
[2025-12-30 20:38:45] → Scraping 51128692
[2025-12-30 20:38:45] → Scraping 2639717
[2025-12-30 20:38:45] → Scraping 51128691
[2025-12-30 20:38:45] → Scraping 2639716
[2025-12-30 20:38:48] ✓ Saved 10 listings to CSV
[2025-12-30 20:38:48]   ✓ Batch: 10/10 saved
[2025-12-30 20:38:48] → Scraping 51128690
[2025-12-30 20:38:48] → Scraping 51128689
[2025-12-30 20:38:48] → Scraping 2639715
[2025-12-30 20:38:48] → Scraping 2639714
[2025-12-30 20:38:48] → Scraping 2639713
[2025-12-30 20:38:48] → Scraping 51128687
[2025-12-30 20:38:48] → Scraping 2639712
[2025-12-30 20:38:48] → Scraping 51128686
[2025-12-30 20:38:48] → Scraping 3239738
[2025-12-30 20:38:48] → Scraping 2639711
[2025-12-30 20:38:52] ✓ Saved 10 listings to CSV
[2025-12-30 20:38:52]   ✓ Batch: 10/10 saved
[2025-12-30 20:38:52] → Scraping 2639709
[2025-12-30 20:38:52] → Scraping 2639708
[2025-12-30 20:38:52] → Scraping 2639707
[2025-12-30 20:38:52] → Scraping 51128685
[2025-12-30 20:38:52] → Scraping 51128684
[2025-12-30 20:38:52] → Scraping 51128683
[2025-12-30 20:38:52] → Scraping 5573381
[2025-12-30 20:38:52] → Scraping 5540260
[2025-12-30 20:38:52] → Scraping 51065845
[2025-12-30 20:38:52] → Scraping 5614270
[2025-12-30 20:38:55] ✓ Saved 10 listings to CSV
[2025-12-30 20:38:55]   ✓ Batch: 10/10 saved
[2025-12-30 20:38:57] 
▶ Page 395
[2025-12-30 20:38:59] ✓ Found 30 listings
[2025-12-30 20:38:59] → Scraping 5555531
[2025-12-30 20:38:59] → Scraping 5555532
[2025-12-30 20:38:59] → Scraping 5671866
[2025-12-30 20:38:59] → Scraping 51040127
[2025-12-30 20:38:59] → Scraping 5248717
[2025-12-30 20:38:59] → Scraping 51128682
[2025-12-30 20:38:59] → Scraping 5538804
[2025-12-30 20:38:59] → Scraping 5538801
[2025-12-30 20:38:59] → Scraping 5539625
[2025-12-30 20:38:59] → Scraping 51040079
[2025-12-30 20:39:02] ✓ Saved 10 listings to CSV
[2025-12-30 20:39:02]   ✓ Batch: 10/10 saved
[2025-12-30 20:39:02] → Scraping 5317750
[2025-12-30 20:39:02] → Scraping 5614277
[2025-12-30 20:39:02] → Scraping 51128681
[2025-12-30 20:39:02] → Scraping 2639706
[2025-12-30 20:39:02] → Scraping 5353522
[2025-12-30 20:39:02] → Scraping 2639705
[2025-12-30 20:39:02] → Scraping 5376912
[2025-12-30 20:39:02] → Scraping 5363572
[2025-12-30 20:39:02] → Scraping 51039816
[2025-12-30 20:39:02] → Scraping 5491285
[2025-12-30 20:39:06] ✓ Saved 10 listings to CSV
[2025-12-30 20:39:06]   ✓ Batch: 10/10 saved
[2025-12-30 20:39:06] → Scraping 51128680
[2025-12-30 20:39:06] → Scraping 51128679
[2025-12-30 20:39:06] → Scraping 5403014
[2025-12-30 20:39:06] → Scraping 51128678
[2025-12-30 20:39:06] → Scraping 51128677
[2025-12-30 20:39:06] → Scraping 2639704
[2025-12-30 20:39:06] → Scraping 2639703
[2025-12-30 20:39:06] → Scraping 51026996
[2025-12-30 20:39:06] → Scraping 51021608
[2025-12-30 20:39:06] → Scraping 51025477
[2025-12-30 20:39:09] ✓ Saved 10 listings to CSV
[2025-12-30 20:39:09]   ✓ Batch: 10/10 saved
[2025-12-30 20:39:11] 
▶ Page 396
[2025-12-30 20:39:13] ✓ Found 30 listings
[2025-12-30 20:39:13] → Scraping 51033121
[2025-12-30 20:39:13] → Scraping 51025077
[2025-12-30 20:39:13] → Scraping 51021690
[2025-12-30 20:39:13] → Scraping 51041943
[2025-12-30 20:39:13] → Scraping 51128675
[2025-12-30 20:39:13] → Scraping 51128674
[2025-12-30 20:39:13] → Scraping 51125577
[2025-12-30 20:39:13] → Scraping 51121815
[2025-12-30 20:39:13] → Scraping 51121897
[2025-12-30 20:39:13] → Scraping 51122071
[2025-12-30 20:39:16] ✓ Saved 10 listings to CSV
[2025-12-30 20:39:16]   ✓ Batch: 10/10 saved
[2025-12-30 20:39:16] → Scraping 51077010
[2025-12-30 20:39:16] → Scraping 51077009
[2025-12-30 20:39:16] → Scraping 51128671
[2025-12-30 20:39:16] → Scraping 51128670
[2025-12-30 20:39:16] → Scraping 51121960
[2025-12-30 20:39:16] → Scraping 51121541
[2025-12-30 20:39:16] → Scraping 51104701
[2025-12-30 20:39:16] → Scraping 5742519
[2025-12-30 20:39:16] → Scraping 5735025
[2025-12-30 20:39:16] → Scraping 5744428
[2025-12-30 20:39:20] ✓ Saved 10 listings to CSV
[2025-12-30 20:39:20]   ✓ Batch: 10/10 saved
[2025-12-30 20:39:20] → Scraping 5737306
[2025-12-30 20:39:20] → Scraping 5788612
[2025-12-30 20:39:20] → Scraping 5735858
[2025-12-30 20:39:20] → Scraping 5744429
[2025-12-30 20:39:20] → Scraping 5860684
[2025-12-30 20:39:20] → Scraping 51093211
[2025-12-30 20:39:20] → Scraping 5768869
[2025-12-30 20:39:20] → Scraping 5744223
[2025-12-30 20:39:20] → Scraping 5865384
[2025-12-30 20:39:20] → Scraping 5865027
[2025-12-30 20:39:23] ✓ Saved 10 listings to CSV
[2025-12-30 20:39:23]   ✓ Batch: 10/10 saved
[2025-12-30 20:39:25] 
▶ Page 397
[2025-12-30 20:39:26] ✓ Found 30 listings
[2025-12-30 20:39:26] → Scraping 5971229
[2025-12-30 20:39:26] → Scraping 5964239
[2025-12-30 20:39:26] → Scraping 5972926
[2025-12-30 20:39:26] → Scraping 5735867
[2025-12-30 20:39:26] → Scraping 51006007
[2025-12-30 20:39:26] → Scraping 51006009
[2025-12-30 20:39:26] → Scraping 5735350
[2025-12-30 20:39:26] → Scraping 5857479
[2025-12-30 20:39:26] → Scraping 5857477
[2025-12-30 20:39:26] → Scraping 5863773
[2025-12-30 20:39:30] ✓ Saved 10 listings to CSV
[2025-12-30 20:39:30]   ✓ Batch: 10/10 saved
[2025-12-30 20:39:30] → Scraping 5856116
[2025-12-30 20:39:30] → Scraping 5866919
[2025-12-30 20:39:30] → Scraping 5866918
[2025-12-30 20:39:30] → Scraping 5724300
[2025-12-30 20:39:30] → Scraping 5858268
[2025-12-30 20:39:30] → Scraping 51128669
[2025-12-30 20:39:30] → Scraping 5865380
[2025-12-30 20:39:30] → Scraping 5867960
[2025-12-30 20:39:30] → Scraping 5746160
[2025-12-30 20:39:30] → Scraping 5856112
[2025-12-30 20:39:33] ✓ Saved 10 listings to CSV
[2025-12-30 20:39:33]   ✓ Batch: 10/10 saved
[2025-12-30 20:39:33] → Scraping 5857481
[2025-12-30 20:39:33] → Scraping 5864602
[2025-12-30 20:39:33] → Scraping 5849370
[2025-12-30 20:39:33] → Scraping 5880439
[2025-12-30 20:39:33] → Scraping 5785021
[2025-12-30 20:39:33] → Scraping 5856113
[2025-12-30 20:39:33] → Scraping 5846686
[2025-12-30 20:39:33] → Scraping 5866496
[2025-12-30 20:39:33] → Scraping 5960323
[2025-12-30 20:39:33] → Scraping 5847028
[2025-12-30 20:39:37] ✓ Saved 10 listings to CSV
[2025-12-30 20:39:37]   ✓ Batch: 10/10 saved
[2025-12-30 20:39:39] 
▶ Page 398
[2025-12-30 20:39:40] ✓ Found 30 listings
[2025-12-30 20:39:40] → Scraping 5876189
[2025-12-30 20:39:40] → Scraping 5734557
[2025-12-30 20:39:40] → Scraping 51128668
[2025-12-30 20:39:40] → Scraping 5746159
[2025-12-30 20:39:40] → Scraping 5724299
[2025-12-30 20:39:40] → Scraping 5741876
[2025-12-30 20:39:40] → Scraping 5764096
[2025-12-30 20:39:40] → Scraping 5995563
[2025-12-30 20:39:40] → Scraping 5765711
[2025-12-30 20:39:40] → Scraping 5861522
[2025-12-30 20:39:43] ✓ Saved 10 listings to CSV
[2025-12-30 20:39:43]   ✓ Batch: 10/10 saved
[2025-12-30 20:39:43] → Scraping 5765708
[2025-12-30 20:39:43] → Scraping 5865820
[2025-12-30 20:39:43] → Scraping 5865822
[2025-12-30 20:39:43] → Scraping 5771901
[2025-12-30 20:39:43] → Scraping 5960322
[2025-12-30 20:39:43] → Scraping 5960324
[2025-12-30 20:39:43] → Scraping 5960326
[2025-12-30 20:39:43] → Scraping 5876186
[2025-12-30 20:39:43] → Scraping 5980262
[2025-12-30 20:39:43] → Scraping 5768871
[2025-12-30 20:39:47] ✓ Saved 10 listings to CSV
[2025-12-30 20:39:47]   ✓ Batch: 10/10 saved
[2025-12-30 20:39:47] → Scraping 5945196
[2025-12-30 20:39:47] → Scraping 5945192
[2025-12-30 20:39:47] → Scraping 5962817
[2025-12-30 20:39:47] → Scraping 5945194
[2025-12-30 20:39:47] → Scraping 5861195
[2025-12-30 20:39:47] → Scraping 51092259
[2025-12-30 20:39:47] → Scraping 51066845
[2025-12-30 20:39:47] → Scraping 51091755
[2025-12-30 20:39:47] → Scraping 5785077
[2025-12-30 20:39:47] → Scraping 5764095
[2025-12-30 20:39:51] ✓ Saved 10 listings to CSV
[2025-12-30 20:39:51]   ✓ Batch: 10/10 saved
[2025-12-30 20:39:53] 
▶ Page 399
[2025-12-30 20:39:54] ✓ Found 30 listings
[2025-12-30 20:39:54] → Scraping 5765710
[2025-12-30 20:39:54] → Scraping 51057509
[2025-12-30 20:39:54] → Scraping 51057510
[2025-12-30 20:39:54] → Scraping 5710064
[2025-12-30 20:39:54] → Scraping 51057511
[2025-12-30 20:39:54] → Scraping 5724309
[2025-12-30 20:39:54] → Scraping 5727342
[2025-12-30 20:39:54] → Scraping 5771899
[2025-12-30 20:39:54] → Scraping 5744222
[2025-12-30 20:39:54] → Scraping 5773523
[2025-12-30 20:39:57] ✓ Saved 10 listings to CSV
[2025-12-30 20:39:57]   ✓ Batch: 10/10 saved
[2025-12-30 20:39:57] → Scraping 5738262
[2025-12-30 20:39:57] → Scraping 5856114
[2025-12-30 20:39:57] → Scraping 51128667
[2025-12-30 20:39:57] → Scraping 51128666
[2025-12-30 20:39:57] → Scraping 51128665
[2025-12-30 20:39:57] → Scraping 51128664
[2025-12-30 20:39:57] → Scraping 51128663
[2025-12-30 20:39:57] → Scraping 51128662
[2025-12-30 20:39:57] → Scraping 51128661
[2025-12-30 20:39:57] → Scraping 51106017
[2025-12-30 20:40:01] ✓ Saved 10 listings to CSV
[2025-12-30 20:40:01]   ✓ Batch: 10/10 saved
[2025-12-30 20:40:01] → Scraping 51125579
[2025-12-30 20:40:01] → Scraping 487145
[2025-12-30 20:40:01] → Scraping 51087883
[2025-12-30 20:40:01] → Scraping 51087874
[2025-12-30 20:40:01] → Scraping 51087878
[2025-12-30 20:40:01] → Scraping 51087875
[2025-12-30 20:40:01] → Scraping 51090003
[2025-12-30 20:40:01] → Scraping 2634637
[2025-12-30 20:40:01] → Scraping 2634752
[2025-12-30 20:40:01] → Scraping 2634812
[2025-12-30 20:40:04] ✓ Saved 10 listings to CSV
[2025-12-30 20:40:04]   ✓ Batch: 10/10 saved
[2025-12-30 20:40:06] 
▶ Page 400
[2025-12-30 20:40:08] ✓ Found 30 listings
[2025-12-30 20:40:08] → Scraping 2634989
[2025-12-30 20:40:08] → Scraping 51116140
[2025-12-30 20:40:08] → Scraping 51118853
[2025-12-30 20:40:08] → Scraping 51109417
[2025-12-30 20:40:08] → Scraping 51112585
[2025-12-30 20:40:08] → Scraping 51110403
[2025-12-30 20:40:08] → Scraping 51128660
[2025-12-30 20:40:08] → Scraping 51128659
[2025-12-30 20:40:08] → Scraping 2638061
[2025-12-30 20:40:08] → Scraping 137259
[2025-12-30 20:40:11] ✓ Saved 10 listings to CSV
[2025-12-30 20:40:11]   ✓ Batch: 10/10 saved
[2025-12-30 20:40:11] → Scraping 137258
[2025-12-30 20:40:11] → Scraping 51128658
[2025-12-30 20:40:11] → Scraping 5614276
[2025-12-30 20:40:11] → Scraping 51040126
[2025-12-30 20:40:11] → Scraping 51040082
[2025-12-30 20:40:11] → Scraping 51040081
[2025-12-30 20:40:11] → Scraping 5432430
[2025-12-30 20:40:11] → Scraping 5651963
[2025-12-30 20:40:11] → Scraping 2639701
[2025-12-30 20:40:11] → Scraping 51128657
[2025-12-30 20:40:15] ✓ Saved 10 listings to CSV
[2025-12-30 20:40:15]   ✓ Batch: 10/10 saved
[2025-12-30 20:40:15] → Scraping 51064742
[2025-12-30 20:40:15] → Scraping 51064744
[2025-12-30 20:40:15] → Scraping 51064743
[2025-12-30 20:40:15] → Scraping 51064745
[2025-12-30 20:40:15] → Scraping 51064746
[2025-12-30 20:40:15] → Scraping 51064747
[2025-12-30 20:40:15] → Scraping 51064749
[2025-12-30 20:40:15] → Scraping 51064750
[2025-12-30 20:40:15] → Scraping 51064751
[2025-12-30 20:40:15] → Scraping 51077701
[2025-12-30 20:40:19] ✓ Saved 10 listings to CSV
[2025-12-30 20:40:19]   ✓ Batch: 10/10 saved
[2025-12-30 20:40:21] 
▶ Page 401
[2025-12-30 20:40:22] ✓ Found 30 listings
[2025-12-30 20:40:22] → Scraping 51055814
[2025-12-30 20:40:22] → Scraping 51121486
[2025-12-30 20:40:22] → Scraping 51121483
[2025-12-30 20:40:22] → Scraping 51080784
[2025-12-30 20:40:22] → Scraping 51121241
[2025-12-30 20:40:22] → Scraping 51121240
[2025-12-30 20:40:22] → Scraping 51089127
[2025-12-30 20:40:22] → Scraping 51120521
[2025-12-30 20:40:22] → Scraping 51120998
[2025-12-30 20:40:22] → Scraping 51080611
[2025-12-30 20:40:25] ✓ Saved 10 listings to CSV
[2025-12-30 20:40:25]   ✓ Batch: 10/10 saved
[2025-12-30 20:40:25] → Scraping 51076287
[2025-12-30 20:40:25] → Scraping 51076283
[2025-12-30 20:40:25] → Scraping 51076956
[2025-12-30 20:40:25] → Scraping 51120208
[2025-12-30 20:40:25] → Scraping 51084537
[2025-12-30 20:40:25] → Scraping 51080800
[2025-12-30 20:40:25] → Scraping 51083998
[2025-12-30 20:40:25] → Scraping 51088344
[2025-12-30 20:40:25] → Scraping 51084046
[2025-12-30 20:40:25] → Scraping 51083997
[2025-12-30 20:40:29] ✓ Saved 10 listings to CSV
[2025-12-30 20:40:29]   ✓ Batch: 10/10 saved
[2025-12-30 20:40:29] → Scraping 51083993
[2025-12-30 20:40:29] → Scraping 51084049
[2025-12-30 20:40:29] → Scraping 51077699
[2025-12-30 20:40:29] → Scraping 51083988
[2025-12-30 20:40:29] → Scraping 51060036
[2025-12-30 20:40:29] → Scraping 51083990
[2025-12-30 20:40:29] → Scraping 51053101
[2025-12-30 20:40:29] → Scraping 51101580
[2025-12-30 20:40:29] → Scraping 51080606
[2025-12-30 20:40:29] → Scraping 51080607
[2025-12-30 20:40:32] ✓ Saved 10 listings to CSV
[2025-12-30 20:40:32]   ✓ Batch: 10/10 saved
[2025-12-30 20:40:34] 
▶ Page 402
[2025-12-30 20:40:36] ✓ Found 30 listings
[2025-12-30 20:40:36] → Scraping 51121561
[2025-12-30 20:40:36] → Scraping 51061481
[2025-12-30 20:40:36] → Scraping 51121564
[2025-12-30 20:40:36] → Scraping 51121565
[2025-12-30 20:40:36] → Scraping 51121566
[2025-12-30 20:40:36] → Scraping 51066467
[2025-12-30 20:40:36] → Scraping 51121368
[2025-12-30 20:40:36] → Scraping 51076286
[2025-12-30 20:40:36] → Scraping 51121369
[2025-12-30 20:40:36] → Scraping 51121489
[2025-12-30 20:40:39] ✓ Saved 10 listings to CSV
[2025-12-30 20:40:39]   ✓ Batch: 10/10 saved
[2025-12-30 20:40:39] → Scraping 51084051
[2025-12-30 20:40:39] → Scraping 51080891
[2025-12-30 20:40:39] → Scraping 51084217
[2025-12-30 20:40:39] → Scraping 51053506
[2025-12-30 20:40:39] → Scraping 51121488
[2025-12-30 20:40:39] → Scraping 51077357
[2025-12-30 20:40:39] → Scraping 51121250
[2025-12-30 20:40:39] → Scraping 51121365
[2025-12-30 20:40:39] → Scraping 51121003
[2025-12-30 20:40:39] → Scraping 51121005
[2025-12-30 20:40:43] ✓ Saved 10 listings to CSV
[2025-12-30 20:40:43]   ✓ Batch: 10/10 saved
[2025-12-30 20:40:43] → Scraping 51121242
[2025-12-30 20:40:43] → Scraping 51084044
[2025-12-30 20:40:43] → Scraping 51081204
[2025-12-30 20:40:43] → Scraping 51083989
[2025-12-30 20:40:43] → Scraping 51121004
[2025-12-30 20:40:43] → Scraping 51121366
[2025-12-30 20:40:43] → Scraping 51121243
[2025-12-30 20:40:43] → Scraping 51121364
[2025-12-30 20:40:43] → Scraping 51055279
[2025-12-30 20:40:43] → Scraping 51120669
[2025-12-30 20:40:46] ✓ Saved 10 listings to CSV
[2025-12-30 20:40:46]   ✓ Batch: 10/10 saved
[2025-12-30 20:40:48] 
▶ Page 403
[2025-12-30 20:40:49] ✓ Found 30 listings
[2025-12-30 20:40:49] → Scraping 51120671
[2025-12-30 20:40:49] → Scraping 51120672
[2025-12-30 20:40:49] → Scraping 51120673
[2025-12-30 20:40:49] → Scraping 51081064
[2025-12-30 20:40:49] → Scraping 51120997
[2025-12-30 20:40:49] → Scraping 51121001
[2025-12-30 20:40:49] → Scraping 51121249
[2025-12-30 20:40:49] → Scraping 51080376
[2025-12-30 20:40:49] → Scraping 51121248
[2025-12-30 20:40:49] → Scraping 51120668
[2025-12-30 20:40:53] ✓ Saved 10 listings to CSV
[2025-12-30 20:40:53]   ✓ Batch: 10/10 saved
[2025-12-30 20:40:53] → Scraping 51120209
[2025-12-30 20:40:53] → Scraping 51120664
[2025-12-30 20:40:53] → Scraping 51121246
[2025-12-30 20:40:53] → Scraping 51121490
[2025-12-30 20:40:53] → Scraping 51077172
[2025-12-30 20:40:53] → Scraping 51120206
[2025-12-30 20:40:53] → Scraping 51120528
[2025-12-30 20:40:53] → Scraping 51121562
[2025-12-30 20:40:53] → Scraping 51120670
[2025-12-30 20:40:53] → Scraping 51120207
[2025-12-30 20:40:56] ✓ Saved 10 listings to CSV
[2025-12-30 20:40:56]   ✓ Batch: 10/10 saved
[2025-12-30 20:40:56] → Scraping 51120525
[2025-12-30 20:40:56] → Scraping 51081208
[2025-12-30 20:40:56] → Scraping 51120210
[2025-12-30 20:40:56] → Scraping 51120211
[2025-12-30 20:40:56] → Scraping 51120666
[2025-12-30 20:40:56] → Scraping 51120667
[2025-12-30 20:40:56] → Scraping 51120996
[2025-12-30 20:40:56] → Scraping 51120522
[2025-12-30 20:40:56] → Scraping 51120214
[2025-12-30 20:40:56] → Scraping 51120523
[2025-12-30 20:41:00] ✓ Saved 10 listings to CSV
[2025-12-30 20:41:00]   ✓ Batch: 10/10 saved
[2025-12-30 20:41:02] 
▶ Page 404
[2025-12-30 20:41:03] ✓ Found 30 listings
[2025-12-30 20:41:03] → Scraping 51121002
[2025-12-30 20:41:03] → Scraping 51120999
[2025-12-30 20:41:03] → Scraping 51121244
[2025-12-30 20:41:03] → Scraping 51128656
[2025-12-30 20:41:03] → Scraping 2639699
[2025-12-30 20:41:03] → Scraping 2639698
[2025-12-30 20:41:03] → Scraping 51106882
[2025-12-30 20:41:03] → Scraping 2639696
[2025-12-30 20:41:03] → Scraping 2639694
[2025-12-30 20:41:03] → Scraping 51128654
[2025-12-30 20:41:06] ✓ Saved 10 listings to CSV
[2025-12-30 20:41:06]   ✓ Batch: 10/10 saved
[2025-12-30 20:41:06] → Scraping 51128653
[2025-12-30 20:41:06] → Scraping 51110220
[2025-12-30 20:41:06] → Scraping 51112493
[2025-12-30 20:41:06] → Scraping 51108321
[2025-12-30 20:41:06] → Scraping 51128652
[2025-12-30 20:41:06] → Scraping 2639692
[2025-12-30 20:41:06] → Scraping 51082288
[2025-12-30 20:41:06] → Scraping 51128651
[2025-12-30 20:41:06] → Scraping 51073772
[2025-12-30 20:41:06] → Scraping 51113320
[2025-12-30 20:41:10] ✓ Saved 10 listings to CSV
[2025-12-30 20:41:10]   ✓ Batch: 10/10 saved
[2025-12-30 20:41:10] → Scraping 51113321
[2025-12-30 20:41:10] → Scraping 51116544
[2025-12-30 20:41:10] → Scraping 3239057
[2025-12-30 20:41:10] → Scraping 3237357
[2025-12-30 20:41:10] → Scraping 3237775
[2025-12-30 20:41:10] → Scraping 3237784
[2025-12-30 20:41:10] → Scraping 3237785
[2025-12-30 20:41:10] → Scraping 3237276
[2025-12-30 20:41:10] → Scraping 3237277
[2025-12-30 20:41:10] → Scraping 3237278
[2025-12-30 20:41:13] ✓ Saved 10 listings to CSV
[2025-12-30 20:41:13]   ✓ Batch: 10/10 saved
[2025-12-30 20:41:15] 
▶ Page 405
[2025-12-30 20:41:17] ✓ Found 30 listings
[2025-12-30 20:41:17] → Scraping 51128650
[2025-12-30 20:41:17] → Scraping 3237457
[2025-12-30 20:41:17] → Scraping 3237477
[2025-12-30 20:41:17] → Scraping 3237478
[2025-12-30 20:41:17] → Scraping 3237790
[2025-12-30 20:41:17] → Scraping 3239300
[2025-12-30 20:41:17] → Scraping 3239375
[2025-12-30 20:41:17] → Scraping 3239430
[2025-12-30 20:41:17] → Scraping 3239431
[2025-12-30 20:41:17] → Scraping 3239432
[2025-12-30 20:41:20] ✓ Saved 10 listings to CSV
[2025-12-30 20:41:20]   ✓ Batch: 10/10 saved
[2025-12-30 20:41:20] → Scraping 3239374
[2025-12-30 20:41:20] → Scraping 3239282
[2025-12-30 20:41:20] → Scraping 3239283
[2025-12-30 20:41:20] → Scraping 3239284
[2025-12-30 20:41:20] → Scraping 3239285
[2025-12-30 20:41:20] → Scraping 3239287
[2025-12-30 20:41:20] → Scraping 3239436
[2025-12-30 20:41:20] → Scraping 3239437
[2025-12-30 20:41:20] → Scraping 3239288
[2025-12-30 20:41:20] → Scraping 486542
[2025-12-30 20:41:24] ✓ Saved 10 listings to CSV
[2025-12-30 20:41:24]   ✓ Batch: 10/10 saved
[2025-12-30 20:41:24] → Scraping 51128649
[2025-12-30 20:41:24] → Scraping 51128648
[2025-12-30 20:41:24] → Scraping 51128647
[2025-12-30 20:41:24] → Scraping 51128646
[2025-12-30 20:41:24] → Scraping 2639690
[2025-12-30 20:41:24] → Scraping 51128645
[2025-12-30 20:41:24] → Scraping 51128644
[2025-12-30 20:41:24] → Scraping 51128643
[2025-12-30 20:41:24] → Scraping 51128642
[2025-12-30 20:41:24] → Scraping 51128641
[2025-12-30 20:41:27] ✓ Saved 10 listings to CSV
[2025-12-30 20:41:27]   ✓ Batch: 10/10 saved
[2025-12-30 20:41:29] 
▶ Page 406
[2025-12-30 20:41:31] ✓ Found 30 listings
[2025-12-30 20:41:31] → Scraping 2639688
[2025-12-30 20:41:31] → Scraping 51128640
[2025-12-30 20:41:31] → Scraping 51087966
[2025-12-30 20:41:31] → Scraping 2639686
[2025-12-30 20:41:31] → Scraping 51128639
[2025-12-30 20:41:31] → Scraping 51121802
[2025-12-30 20:41:31] → Scraping 51128638
[2025-12-30 20:41:31] → Scraping 2539496
[2025-12-30 20:41:31] → Scraping 51128637
[2025-12-30 20:41:31] → Scraping 2303126
[2025-12-30 20:41:35] ✓ Saved 10 listings to CSV
[2025-12-30 20:41:35]   ✓ Batch: 10/10 saved
[2025-12-30 20:41:35] → Scraping 51128635
[2025-12-30 20:41:35] → Scraping 2639430
[2025-12-30 20:41:35] → Scraping 2639683
[2025-12-30 20:41:35] → Scraping 2639682
[2025-12-30 20:41:35] → Scraping 51128634
[2025-12-30 20:41:35] → Scraping 51128633
[2025-12-30 20:41:35] → Scraping 51128632
[2025-12-30 20:41:35] → Scraping 51128631
[2025-12-30 20:41:35] → Scraping 2639681
[2025-12-30 20:41:35] → Scraping 2639679
[2025-12-30 20:41:38] ✓ Saved 10 listings to CSV
[2025-12-30 20:41:38]   ✓ Batch: 10/10 saved
[2025-12-30 20:41:38] → Scraping 51128630
[2025-12-30 20:41:38] → Scraping 51128628
[2025-12-30 20:41:38] → Scraping 2639677
[2025-12-30 20:41:38] → Scraping 51119007
[2025-12-30 20:41:38] → Scraping 51119014
[2025-12-30 20:41:38] → Scraping 51119975
[2025-12-30 20:41:38] → Scraping 51119978
[2025-12-30 20:41:38] → Scraping 51119980
[2025-12-30 20:41:38] → Scraping 51119984
[2025-12-30 20:41:38] → Scraping 51119989
[2025-12-30 20:41:41] ✓ Saved 10 listings to CSV
[2025-12-30 20:41:41]   ✓ Batch: 10/10 saved
[2025-12-30 20:41:43] 
▶ Page 407
[2025-12-30 20:41:45] ✓ Found 30 listings
[2025-12-30 20:41:45] → Scraping 51119990
[2025-12-30 20:41:45] → Scraping 51121754
[2025-12-30 20:41:45] → Scraping 51121755
[2025-12-30 20:41:45] → Scraping 51118766
[2025-12-30 20:41:45] → Scraping 51118765
[2025-12-30 20:41:45] → Scraping 51118762
[2025-12-30 20:41:45] → Scraping 51118757
[2025-12-30 20:41:45] → Scraping 51118754
[2025-12-30 20:41:45] → Scraping 51118753
[2025-12-30 20:41:45] → Scraping 51118751
[2025-12-30 20:41:49] ✓ Saved 10 listings to CSV
[2025-12-30 20:41:49]   ✓ Batch: 10/10 saved
[2025-12-30 20:41:49] → Scraping 51118750
[2025-12-30 20:41:49] → Scraping 51118746
[2025-12-30 20:41:49] → Scraping 51118747
[2025-12-30 20:41:49] → Scraping 51118642
[2025-12-30 20:41:49] → Scraping 51118639
[2025-12-30 20:41:49] → Scraping 51118636
[2025-12-30 20:41:49] → Scraping 51118635
[2025-12-30 20:41:49] → Scraping 51118626
[2025-12-30 20:41:49] → Scraping 51118623
[2025-12-30 20:41:49] → Scraping 51118609
[2025-12-30 20:41:53] ✓ Saved 10 listings to CSV
[2025-12-30 20:41:53]   ✓ Batch: 10/10 saved
[2025-12-30 20:41:53] → Scraping 51118619
[2025-12-30 20:41:53] → Scraping 51118608
[2025-12-30 20:41:53] → Scraping 51118530
[2025-12-30 20:41:53] → Scraping 51118468
[2025-12-30 20:41:53] → Scraping 51118466
[2025-12-30 20:41:53] → Scraping 51118317
[2025-12-30 20:41:53] → Scraping 51116399
[2025-12-30 20:41:53] → Scraping 51128627
[2025-12-30 20:41:53] → Scraping 51116398
[2025-12-30 20:41:53] → Scraping 51118307
[2025-12-30 20:41:56] ✓ Saved 10 listings to CSV
[2025-12-30 20:41:56]   ✓ Batch: 10/10 saved
[2025-12-30 20:41:58] 
▶ Page 408
[2025-12-30 20:41:59] ✓ Found 30 listings
[2025-12-30 20:41:59] → Scraping 51118305
[2025-12-30 20:41:59] → Scraping 51117760
[2025-12-30 20:41:59] → Scraping 51117572
[2025-12-30 20:41:59] → Scraping 51117570
[2025-12-30 20:41:59] → Scraping 51128626
[2025-12-30 20:41:59] → Scraping 51117568
[2025-12-30 20:41:59] → Scraping 51117567
[2025-12-30 20:41:59] → Scraping 51116666
[2025-12-30 20:41:59] → Scraping 51116492
[2025-12-30 20:41:59] → Scraping 51116486
[2025-12-30 20:42:05] ✓ Saved 10 listings to CSV
[2025-12-30 20:42:05]   ✓ Batch: 10/10 saved
[2025-12-30 20:42:05] → Scraping 51116485
[2025-12-30 20:42:05] → Scraping 51116480
[2025-12-30 20:42:05] → Scraping 51116425
[2025-12-30 20:42:05] → Scraping 51116424
[2025-12-30 20:42:05] → Scraping 51116423
[2025-12-30 20:42:05] → Scraping 51116422
[2025-12-30 20:42:05] → Scraping 51116421
[2025-12-30 20:42:05] → Scraping 51116401
[2025-12-30 20:42:05] → Scraping 51116400
[2025-12-30 20:42:05] → Scraping 51116395
[2025-12-30 20:42:09] ✓ Saved 10 listings to CSV
[2025-12-30 20:42:09]   ✓ Batch: 10/10 saved
[2025-12-30 20:42:09] → Scraping 51114403
[2025-12-30 20:42:09] → Scraping 51102497
[2025-12-30 20:42:09] → Scraping 51102499
[2025-12-30 20:42:09] → Scraping 51102500
[2025-12-30 20:42:09] → Scraping 51102501
[2025-12-30 20:42:09] → Scraping 51102503
[2025-12-30 20:42:09] → Scraping 51128625
[2025-12-30 20:42:09] → Scraping 51102505
[2025-12-30 20:42:09] → Scraping 51103196
[2025-12-30 20:42:09] → Scraping 51103197
[2025-12-30 20:42:12] ✓ Saved 10 listings to CSV
[2025-12-30 20:42:12]   ✓ Batch: 10/10 saved
[2025-12-30 20:42:14] 
▶ Page 409
[2025-12-30 20:42:16] ✓ Found 30 listings
[2025-12-30 20:42:16] → Scraping 51102548
[2025-12-30 20:42:16] → Scraping 51102506
[2025-12-30 20:42:16] → Scraping 51102509
[2025-12-30 20:42:16] → Scraping 51102513
[2025-12-30 20:42:16] → Scraping 51102524
[2025-12-30 20:42:16] → Scraping 51102530
[2025-12-30 20:42:16] → Scraping 51102532
[2025-12-30 20:42:16] → Scraping 51102533
[2025-12-30 20:42:16] → Scraping 51102535
[2025-12-30 20:42:16] → Scraping 51102537
[2025-12-30 20:42:19] ✓ Saved 10 listings to CSV
[2025-12-30 20:42:19]   ✓ Batch: 10/10 saved
[2025-12-30 20:42:19] → Scraping 51102538
[2025-12-30 20:42:19] → Scraping 51102539
[2025-12-30 20:42:19] → Scraping 51102541
[2025-12-30 20:42:19] → Scraping 51102550
[2025-12-30 20:42:19] → Scraping 51102551
[2025-12-30 20:42:19] → Scraping 51102552
[2025-12-30 20:42:19] → Scraping 51102561
[2025-12-30 20:42:19] → Scraping 51103174
[2025-12-30 20:42:19] → Scraping 51103491
[2025-12-30 20:42:19] → Scraping 51103186
[2025-12-30 20:42:23] ✓ Saved 10 listings to CSV
[2025-12-30 20:42:23]   ✓ Batch: 10/10 saved
[2025-12-30 20:42:23] → Scraping 51103198
[2025-12-30 20:42:23] → Scraping 51103201
[2025-12-30 20:42:23] → Scraping 51103213
[2025-12-30 20:42:23] → Scraping 51103214
[2025-12-30 20:42:23] → Scraping 51103215
[2025-12-30 20:42:23] → Scraping 51103223
[2025-12-30 20:42:23] → Scraping 51103232
[2025-12-30 20:42:23] → Scraping 51103234
[2025-12-30 20:42:23] → Scraping 51103235
[2025-12-30 20:42:23] → Scraping 51103236
[2025-12-30 20:42:27] ✓ Saved 10 listings to CSV
[2025-12-30 20:42:27]   ✓ Batch: 10/10 saved
[2025-12-30 20:42:29] 
▶ Page 410
[2025-12-30 20:42:31] ✓ Found 30 listings
[2025-12-30 20:42:31] → Scraping 51103237
[2025-12-30 20:42:31] → Scraping 51103238
[2025-12-30 20:42:31] → Scraping 51103239
[2025-12-30 20:42:31] → Scraping 51103313
[2025-12-30 20:42:31] → Scraping 51103390
[2025-12-30 20:42:31] → Scraping 51103400
[2025-12-30 20:42:31] → Scraping 51103422
[2025-12-30 20:42:31] → Scraping 51103490
[2025-12-30 20:42:31] → Scraping 51103492
[2025-12-30 20:42:31] → Scraping 51103493
[2025-12-30 20:42:34] ✓ Saved 10 listings to CSV
[2025-12-30 20:42:34]   ✓ Batch: 10/10 saved
[2025-12-30 20:42:34] → Scraping 51103494
[2025-12-30 20:42:34] → Scraping 51103495
[2025-12-30 20:42:34] → Scraping 51103496
[2025-12-30 20:42:34] → Scraping 51103497
[2025-12-30 20:42:34] → Scraping 51103498
[2025-12-30 20:42:34] → Scraping 51103499
[2025-12-30 20:42:34] → Scraping 51103501
[2025-12-30 20:42:34] → Scraping 51103502
[2025-12-30 20:42:34] → Scraping 51103503
[2025-12-30 20:42:34] → Scraping 51103599
[2025-12-30 20:42:38] ✓ Saved 10 listings to CSV
[2025-12-30 20:42:38]   ✓ Batch: 10/10 saved
[2025-12-30 20:42:38] → Scraping 51103600
[2025-12-30 20:42:38] → Scraping 51103602
[2025-12-30 20:42:38] → Scraping 51103603
[2025-12-30 20:42:38] → Scraping 51103608
[2025-12-30 20:42:38] → Scraping 51103610
[2025-12-30 20:42:38] → Scraping 51103658
[2025-12-30 20:42:38] → Scraping 51103660
[2025-12-30 20:42:38] → Scraping 51103661
[2025-12-30 20:42:38] → Scraping 51103676
[2025-12-30 20:42:38] → Scraping 51103677
[2025-12-30 20:42:42] ✓ Saved 10 listings to CSV
[2025-12-30 20:42:42]   ✓ Batch: 10/10 saved
[2025-12-30 20:42:44] 
▶ Page 411
[2025-12-30 20:42:46] ✓ Found 30 listings
[2025-12-30 20:42:46] → Scraping 51103679
[2025-12-30 20:42:46] → Scraping 51103680
[2025-12-30 20:42:46] → Scraping 51103683
[2025-12-30 20:42:46] → Scraping 51103685
[2025-12-30 20:42:46] → Scraping 51103821
[2025-12-30 20:42:46] → Scraping 51103822
[2025-12-30 20:42:46] → Scraping 51103820
[2025-12-30 20:42:46] → Scraping 51103905
[2025-12-30 20:42:46] → Scraping 51104070
[2025-12-30 20:42:46] → Scraping 51103911
[2025-12-30 20:42:49] ✓ Saved 10 listings to CSV
[2025-12-30 20:42:49]   ✓ Batch: 10/10 saved
[2025-12-30 20:42:49] → Scraping 51103913
[2025-12-30 20:42:49] → Scraping 51103919
[2025-12-30 20:42:49] → Scraping 51103918
[2025-12-30 20:42:49] → Scraping 51103922
[2025-12-30 20:42:49] → Scraping 51103927
[2025-12-30 20:42:49] → Scraping 51103928
[2025-12-30 20:42:49] → Scraping 51103930
[2025-12-30 20:42:49] → Scraping 51103931
[2025-12-30 20:42:49] → Scraping 51128624
[2025-12-30 20:42:49] → Scraping 2639676
[2025-12-30 20:42:53] ✓ Saved 10 listings to CSV
[2025-12-30 20:42:53]   ✓ Batch: 10/10 saved
[2025-12-30 20:42:53] → Scraping 51128623
[2025-12-30 20:42:53] → Scraping 51125476
[2025-12-30 20:42:53] → Scraping 51125541
[2025-12-30 20:42:53] → Scraping 51125611
[2025-12-30 20:42:53] → Scraping 51128620
[2025-12-30 20:42:53] → Scraping 51079274
[2025-12-30 20:42:53] → Scraping 51098076
[2025-12-30 20:42:53] → Scraping 51114743
[2025-12-30 20:42:53] → Scraping 2639675
[2025-12-30 20:42:53] → Scraping 51128619
[2025-12-30 20:42:57] ✓ Saved 10 listings to CSV
[2025-12-30 20:42:57]   ✓ Batch: 10/10 saved
[2025-12-30 20:42:59] 
▶ Page 412
[2025-12-30 20:43:00] ✓ Found 30 listings
[2025-12-30 20:43:00] → Scraping 2639674
[2025-12-30 20:43:00] → Scraping 51111922
[2025-12-30 20:43:00] → Scraping 51128617
[2025-12-30 20:43:00] → Scraping 51128616
[2025-12-30 20:43:00] → Scraping 2639672
[2025-12-30 20:43:00] → Scraping 51105521
[2025-12-30 20:43:00] → Scraping 51125603
[2025-12-30 20:43:00] → Scraping 51128612
[2025-12-30 20:43:00] → Scraping 51128611
[2025-12-30 20:43:00] → Scraping 51128610
[2025-12-30 20:43:04] ✓ Saved 10 listings to CSV
[2025-12-30 20:43:04]   ✓ Batch: 10/10 saved
[2025-12-30 20:43:04] → Scraping 2639671
[2025-12-30 20:43:04] → Scraping 51128609
[2025-12-30 20:43:04] → Scraping 51128608
[2025-12-30 20:43:04] → Scraping 51079847
[2025-12-30 20:43:04] → Scraping 51109398
[2025-12-30 20:43:04] → Scraping 51122348
[2025-12-30 20:43:04] → Scraping 51122873
[2025-12-30 20:43:04] → Scraping 51123957
[2025-12-30 20:43:04] → Scraping 51125061
[2025-12-30 20:43:04] → Scraping 51125272
[2025-12-30 20:43:08] ✓ Saved 10 listings to CSV
[2025-12-30 20:43:08]   ✓ Batch: 10/10 saved
[2025-12-30 20:43:08] → Scraping 51125539
[2025-12-30 20:43:08] → Scraping 51028010
[2025-12-30 20:43:08] → Scraping 51049137
[2025-12-30 20:43:08] → Scraping 51032577
[2025-12-30 20:43:08] → Scraping 51115493
[2025-12-30 20:43:08] → Scraping 51049141
[2025-12-30 20:43:08] → Scraping 51032131
[2025-12-30 20:43:08] → Scraping 51032133
[2025-12-30 20:43:08] → Scraping 51032622
[2025-12-30 20:43:08] → Scraping 51032390
[2025-12-30 20:43:11] ✓ Saved 10 listings to CSV
[2025-12-30 20:43:11]   ✓ Batch: 10/10 saved
[2025-12-30 20:43:13] 
▶ Page 413
[2025-12-30 20:43:15] ✓ Found 30 listings
[2025-12-30 20:43:15] → Scraping 51032578
[2025-12-30 20:43:15] → Scraping 51049133
[2025-12-30 20:43:15] → Scraping 51055267
[2025-12-30 20:43:15] → Scraping 51049135
[2025-12-30 20:43:15] → Scraping 51102079
[2025-12-30 20:43:15] → Scraping 51032620
[2025-12-30 20:43:15] → Scraping 51031795
[2025-12-30 20:43:15] → Scraping 5805230
[2025-12-30 20:43:15] → Scraping 51104756
[2025-12-30 20:43:15] → Scraping 51032132
[2025-12-30 20:43:18] ✓ Saved 10 listings to CSV
[2025-12-30 20:43:18]   ✓ Batch: 10/10 saved
[2025-12-30 20:43:18] → Scraping 51032396
[2025-12-30 20:43:18] → Scraping 51059318
[2025-12-30 20:43:18] → Scraping 51107104
[2025-12-30 20:43:18] → Scraping 51125578
[2025-12-30 20:43:18] → Scraping 5900453
[2025-12-30 20:43:18] → Scraping 5900454
[2025-12-30 20:43:18] → Scraping 51064229
[2025-12-30 20:43:18] → Scraping 5900467
[2025-12-30 20:43:18] → Scraping 51011131
[2025-12-30 20:43:18] → Scraping 51056243
[2025-12-30 20:43:22] ✓ Saved 10 listings to CSV
[2025-12-30 20:43:22]   ✓ Batch: 10/10 saved
[2025-12-30 20:43:22] → Scraping 51107105
[2025-12-30 20:43:22] → Scraping 51048577
[2025-12-30 20:43:22] → Scraping 51043319
[2025-12-30 20:43:22] → Scraping 51121575
[2025-12-30 20:43:22] → Scraping 51119388
[2025-12-30 20:43:22] → Scraping 51108118
[2025-12-30 20:43:22] → Scraping 51081248
[2025-12-30 20:43:22] → Scraping 51080417
[2025-12-30 20:43:22] → Scraping 5930827
[2025-12-30 20:43:22] → Scraping 5905406
[2025-12-30 20:43:26] ✓ Saved 10 listings to CSV
[2025-12-30 20:43:26]   ✓ Batch: 10/10 saved
[2025-12-30 20:43:28] 
▶ Page 414
[2025-12-30 20:43:29] ✓ Found 30 listings
[2025-12-30 20:43:29] → Scraping 5916436
[2025-12-30 20:43:29] → Scraping 5915869
[2025-12-30 20:43:29] → Scraping 5949201
[2025-12-30 20:43:29] → Scraping 5918557
[2025-12-30 20:43:29] → Scraping 5916445
[2025-12-30 20:43:29] → Scraping 5916446
[2025-12-30 20:43:29] → Scraping 5920887
[2025-12-30 20:43:29] → Scraping 5916286
[2025-12-30 20:43:29] → Scraping 5917361
[2025-12-30 20:43:29] → Scraping 5935609
[2025-12-30 20:43:33] ✓ Saved 10 listings to CSV
[2025-12-30 20:43:33]   ✓ Batch: 10/10 saved
[2025-12-30 20:43:33] → Scraping 5916294
[2025-12-30 20:43:33] → Scraping 51128607
[2025-12-30 20:43:33] → Scraping 51128606
[2025-12-30 20:43:33] → Scraping 51128605
[2025-12-30 20:43:33] → Scraping 2639670
[2025-12-30 20:43:33] → Scraping 2639669
[2025-12-30 20:43:33] → Scraping 2639666
[2025-12-30 20:43:33] → Scraping 51128602
[2025-12-30 20:43:33] → Scraping 51128601
[2025-12-30 20:43:33] → Scraping 51128600
[2025-12-30 20:43:37] ✓ Saved 10 listings to CSV
[2025-12-30 20:43:37]   ✓ Batch: 10/10 saved
[2025-12-30 20:43:37] → Scraping 51128599
[2025-12-30 20:43:37] → Scraping 2639664
[2025-12-30 20:43:37] → Scraping 51128595
[2025-12-30 20:43:37] → Scraping 2639662
[2025-12-30 20:43:37] → Scraping 5898966
[2025-12-30 20:43:37] → Scraping 5961162
[2025-12-30 20:43:37] → Scraping 5889443
[2025-12-30 20:43:37] → Scraping 51019427
[2025-12-30 20:43:37] → Scraping 51069123
[2025-12-30 20:43:37] → Scraping 5802846
[2025-12-30 20:43:40] ✓ Saved 10 listings to CSV
[2025-12-30 20:43:40]   ✓ Batch: 10/10 saved
[2025-12-30 20:43:42] 
▶ Page 415
[2025-12-30 20:43:44] ✓ Found 30 listings
[2025-12-30 20:43:44] → Scraping 51000344
[2025-12-30 20:43:44] → Scraping 5712638
[2025-12-30 20:43:44] → Scraping 5714619
[2025-12-30 20:43:44] → Scraping 51019428
[2025-12-30 20:43:44] → Scraping 51026554
[2025-12-30 20:43:44] → Scraping 5802849
[2025-12-30 20:43:44] → Scraping 5698190
[2025-12-30 20:43:44] → Scraping 5717507
[2025-12-30 20:43:44] → Scraping 51110638
[2025-12-30 20:43:44] → Scraping 5819104
[2025-12-30 20:43:48] ✓ Saved 10 listings to CSV
[2025-12-30 20:43:48]   ✓ Batch: 10/10 saved
[2025-12-30 20:43:48] → Scraping 5820304
[2025-12-30 20:43:48] → Scraping 5870775
[2025-12-30 20:43:48] → Scraping 5845453
[2025-12-30 20:43:48] → Scraping 5864936
[2025-12-30 20:43:48] → Scraping 5962360
[2025-12-30 20:43:48] → Scraping 5820643
[2025-12-30 20:43:48] → Scraping 5832591
[2025-12-30 20:43:48] → Scraping 5862635
[2025-12-30 20:43:48] → Scraping 51128593
[2025-12-30 20:43:48] → Scraping 51128592
[2025-12-30 20:43:51] ✓ Saved 10 listings to CSV
[2025-12-30 20:43:51]   ✓ Batch: 10/10 saved
[2025-12-30 20:43:51] → Scraping 51128591
[2025-12-30 20:43:51] → Scraping 51128590
[2025-12-30 20:43:51] → Scraping 2639658
[2025-12-30 20:43:51] → Scraping 2639657
[2025-12-30 20:43:51] → Scraping 51128589
[2025-12-30 20:43:51] → Scraping 2639656
[2025-12-30 20:43:51] → Scraping 2639655
[2025-12-30 20:43:51] → Scraping 2639654
[2025-12-30 20:43:51] → Scraping 51128585
[2025-12-30 20:43:51] → Scraping 51128584
[2025-12-30 20:43:55] ✓ Saved 10 listings to CSV
[2025-12-30 20:43:55]   ✓ Batch: 10/10 saved
[2025-12-30 20:43:57] 
▶ Page 416
[2025-12-30 20:43:58] ✓ Found 30 listings
[2025-12-30 20:43:58] → Scraping 51128583
[2025-12-30 20:43:58] → Scraping 51128581
[2025-12-30 20:43:58] → Scraping 2639652
[2025-12-30 20:43:58] → Scraping 2637971
[2025-12-30 20:43:58] → Scraping 2639646
[2025-12-30 20:43:58] → Scraping 51086724
[2025-12-30 20:43:58] → Scraping 51114518
[2025-12-30 20:43:58] → Scraping 51086723
[2025-12-30 20:43:58] → Scraping 2639645
[2025-12-30 20:43:58] → Scraping 2639644
[2025-12-30 20:44:02] ✓ Saved 10 listings to CSV
[2025-12-30 20:44:02]   ✓ Batch: 10/10 saved
[2025-12-30 20:44:02] → Scraping 2639643
[2025-12-30 20:44:02] → Scraping 2639642
[2025-12-30 20:44:02] → Scraping 2639641
[2025-12-30 20:44:02] → Scraping 2639640
[2025-12-30 20:44:02] → Scraping 51128576
[2025-12-30 20:44:02] → Scraping 51128575
[2025-12-30 20:44:02] → Scraping 2639639
[2025-12-30 20:44:02] → Scraping 2639638
[2025-12-30 20:44:02] → Scraping 51128574
[2025-12-30 20:44:02] → Scraping 2639637
[2025-12-30 20:44:06] ✓ Saved 10 listings to CSV
[2025-12-30 20:44:06]   ✓ Batch: 10/10 saved
[2025-12-30 20:44:06] → Scraping 51128572
[2025-12-30 20:44:06] → Scraping 2639636
[2025-12-30 20:44:06] → Scraping 51128571
[2025-12-30 20:44:06] → Scraping 51128541
[2025-12-30 20:44:06] → Scraping 51050748
[2025-12-30 20:44:06] → Scraping 5534673
[2025-12-30 20:44:06] → Scraping 5495488
[2025-12-30 20:44:06] → Scraping 51072440
[2025-12-30 20:44:06] → Scraping 5510643
[2025-12-30 20:44:06] → Scraping 5514849
[2025-12-30 20:44:09] ✓ Saved 10 listings to CSV
[2025-12-30 20:44:09]   ✓ Batch: 10/10 saved
[2025-12-30 20:44:11] 
▶ Page 417
[2025-12-30 20:44:13] ✓ Found 30 listings
[2025-12-30 20:44:13] → Scraping 51124824
[2025-12-30 20:44:13] → Scraping 51121845
[2025-12-30 20:44:13] → Scraping 3239736
[2025-12-30 20:44:13] → Scraping 2639635
[2025-12-30 20:44:13] → Scraping 51128566
[2025-12-30 20:44:13] → Scraping 51128565
[2025-12-30 20:44:13] → Scraping 2639634
[2025-12-30 20:44:13] → Scraping 2639633
[2025-12-30 20:44:13] → Scraping 2639632
[2025-12-30 20:44:13] → Scraping 51128562
[2025-12-30 20:44:16] ✓ Saved 10 listings to CSV
[2025-12-30 20:44:16]   ✓ Batch: 10/10 saved
[2025-12-30 20:44:16] → Scraping 51128560
[2025-12-30 20:44:16] → Scraping 51128559
[2025-12-30 20:44:16] → Scraping 51128558
[2025-12-30 20:44:16] → Scraping 2639631
[2025-12-30 20:44:16] → Scraping 51128556
[2025-12-30 20:44:16] → Scraping 51128555
[2025-12-30 20:44:16] → Scraping 2639630
[2025-12-30 20:44:16] → Scraping 2639629
[2025-12-30 20:44:16] → Scraping 51128554
[2025-12-30 20:44:16] → Scraping 51128553
[2025-12-30 20:44:20] ✓ Saved 10 listings to CSV
[2025-12-30 20:44:20]   ✓ Batch: 10/10 saved
[2025-12-30 20:44:20] → Scraping 51128551
[2025-12-30 20:44:20] → Scraping 51128550
[2025-12-30 20:44:20] → Scraping 51128549
[2025-12-30 20:44:20] → Scraping 51128548
[2025-12-30 20:44:20] → Scraping 51128547
[2025-12-30 20:44:20] → Scraping 51105696
[2025-12-30 20:44:20] → Scraping 51128545
[2025-12-30 20:44:20] → Scraping 51128544
[2025-12-30 20:44:20] → Scraping 51128543
[2025-12-30 20:44:20] → Scraping 2639613
[2025-12-30 20:44:24] ✓ Saved 10 listings to CSV
[2025-12-30 20:44:24]   ✓ Batch: 10/10 saved
[2025-12-30 20:44:26] 
▶ Page 418
[2025-12-30 20:44:27] ✓ Found 30 listings
[2025-12-30 20:44:27] → Scraping 2639627
[2025-12-30 20:44:27] → Scraping 51128540
[2025-12-30 20:44:27] → Scraping 51128539
[2025-12-30 20:44:27] → Scraping 2639625
[2025-12-30 20:44:27] → Scraping 3239735
[2025-12-30 20:44:27] → Scraping 51124679
[2025-12-30 20:44:27] → Scraping 51128538
[2025-12-30 20:44:27] → Scraping 2639624
[2025-12-30 20:44:27] → Scraping 2639623
[2025-12-30 20:44:27] → Scraping 51128536
[2025-12-30 20:44:30] ✓ Saved 10 listings to CSV
[2025-12-30 20:44:30]   ✓ Batch: 10/10 saved
[2025-12-30 20:44:30] → Scraping 51128535
[2025-12-30 20:44:30] → Scraping 2637952
[2025-12-30 20:44:30] → Scraping 2639622
[2025-12-30 20:44:30] → Scraping 51128533
[2025-12-30 20:44:30] → Scraping 51128532
[2025-12-30 20:44:30] → Scraping 2639621
[2025-12-30 20:44:30] → Scraping 2639620
[2025-12-30 20:44:30] → Scraping 2639618
[2025-12-30 20:44:30] → Scraping 51127623
[2025-12-30 20:44:30] → Scraping 51114658
[2025-12-30 20:44:34] ✓ Saved 10 listings to CSV
[2025-12-30 20:44:34]   ✓ Batch: 10/10 saved
[2025-12-30 20:44:34] → Scraping 51114657
[2025-12-30 20:44:34] → Scraping 51108429
[2025-12-30 20:44:34] → Scraping 51112539
[2025-12-30 20:44:34] → Scraping 51121919
[2025-12-30 20:44:34] → Scraping 51108427
[2025-12-30 20:44:34] → Scraping 51081461
[2025-12-30 20:44:34] → Scraping 51108426
[2025-12-30 20:44:34] → Scraping 51081463
[2025-12-30 20:44:34] → Scraping 51081465
[2025-12-30 20:44:34] → Scraping 3237959
[2025-12-30 20:44:38] ✓ Saved 10 listings to CSV
[2025-12-30 20:44:38]   ✓ Batch: 10/10 saved
[2025-12-30 20:44:40] 
▶ Page 419
[2025-12-30 20:44:41] ✓ Found 30 listings
[2025-12-30 20:44:41] → Scraping 3238123
[2025-12-30 20:44:41] → Scraping 3238119
[2025-12-30 20:44:41] → Scraping 486137
[2025-12-30 20:44:41] → Scraping 486136
[2025-12-30 20:44:41] → Scraping 486167
[2025-12-30 20:44:41] → Scraping 486168
[2025-12-30 20:44:41] → Scraping 486913
[2025-12-30 20:44:41] → Scraping 486912
[2025-12-30 20:44:41] → Scraping 486911
[2025-12-30 20:44:41] → Scraping 486910
[2025-12-30 20:44:44] ✓ Saved 10 listings to CSV
[2025-12-30 20:44:44]   ✓ Batch: 10/10 saved
[2025-12-30 20:44:44] → Scraping 486909
[2025-12-30 20:44:44] → Scraping 486908
[2025-12-30 20:44:44] → Scraping 486906
[2025-12-30 20:44:44] → Scraping 486907
[2025-12-30 20:44:44] → Scraping 51108428
[2025-12-30 20:44:44] → Scraping 51118852
[2025-12-30 20:44:44] → Scraping 51121918
[2025-12-30 20:44:44] → Scraping 51108433
[2025-12-30 20:44:44] → Scraping 51121915
[2025-12-30 20:44:44] → Scraping 51121916
[2025-12-30 20:44:48] ✓ Saved 10 listings to CSV
[2025-12-30 20:44:48]   ✓ Batch: 10/10 saved
[2025-12-30 20:44:48] → Scraping 51128528
[2025-12-30 20:44:48] → Scraping 51128527
[2025-12-30 20:44:48] → Scraping 2639617
[2025-12-30 20:44:48] → Scraping 51119681
[2025-12-30 20:44:48] → Scraping 51119682
[2025-12-30 20:44:48] → Scraping 51043314
[2025-12-30 20:44:48] → Scraping 51090120
[2025-12-30 20:44:48] → Scraping 51048153
[2025-12-30 20:44:48] → Scraping 51031920
[2025-12-30 20:44:48] → Scraping 51049816
[2025-12-30 20:44:52] ✓ Saved 10 listings to CSV
[2025-12-30 20:44:52]   ✓ Batch: 10/10 saved
[2025-12-30 20:44:54] 
▶ Page 420
[2025-12-30 20:44:55] ✓ Found 30 listings
[2025-12-30 20:44:55] → Scraping 51042437
[2025-12-30 20:44:55] → Scraping 51067996
[2025-12-30 20:44:55] → Scraping 51033200
[2025-12-30 20:44:55] → Scraping 51030146
[2025-12-30 20:44:55] → Scraping 51030840
[2025-12-30 20:44:55] → Scraping 51030145
[2025-12-30 20:44:55] → Scraping 51032431
[2025-12-30 20:44:55] → Scraping 51054148
[2025-12-30 20:44:55] → Scraping 51097812
[2025-12-30 20:44:55] → Scraping 51033048
[2025-12-30 20:44:58] ✓ Saved 10 listings to CSV
[2025-12-30 20:44:58]   ✓ Batch: 10/10 saved
[2025-12-30 20:44:58] → Scraping 51035472
[2025-12-30 20:44:58] → Scraping 51057649
[2025-12-30 20:44:58] → Scraping 51111465
[2025-12-30 20:44:58] → Scraping 51030204
[2025-12-30 20:44:58] → Scraping 51030874
[2025-12-30 20:44:58] → Scraping 51092598
[2025-12-30 20:44:58] → Scraping 5967865
[2025-12-30 20:44:58] → Scraping 5955006
[2025-12-30 20:44:58] → Scraping 5956714
[2025-12-30 20:44:58] → Scraping 5958515
[2025-12-30 20:45:02] ✓ Saved 10 listings to CSV
[2025-12-30 20:45:02]   ✓ Batch: 10/10 saved
[2025-12-30 20:45:02] → Scraping 5990323
[2025-12-30 20:45:02] → Scraping 51007645
[2025-12-30 20:45:02] → Scraping 5990628
[2025-12-30 20:45:02] → Scraping 5972859
[2025-12-30 20:45:02] → Scraping 51009809
[2025-12-30 20:45:02] → Scraping 5991125
[2025-12-30 20:45:02] → Scraping 51035542
[2025-12-30 20:45:02] → Scraping 51042658
[2025-12-30 20:45:02] → Scraping 51042196
[2025-12-30 20:45:02] → Scraping 51032269
[2025-12-30 20:45:06] ✓ Saved 10 listings to CSV
[2025-12-30 20:45:06]   ✓ Batch: 10/10 saved
[2025-12-30 20:45:08] 
▶ Page 421
[2025-12-30 20:45:09] ✓ Found 30 listings
[2025-12-30 20:45:09] → Scraping 51023387
[2025-12-30 20:45:09] → Scraping 5973413
[2025-12-30 20:45:09] → Scraping 51023849
[2025-12-30 20:45:09] → Scraping 5983705
[2025-12-30 20:45:09] → Scraping 51022519
[2025-12-30 20:45:09] → Scraping 5872736
[2025-12-30 20:45:09] → Scraping 51000875
[2025-12-30 20:45:09] → Scraping 5983602
[2025-12-30 20:45:09] → Scraping 5876335
[2025-12-30 20:45:09] → Scraping 5871827
[2025-12-30 20:45:13] ✓ Saved 10 listings to CSV
[2025-12-30 20:45:13]   ✓ Batch: 10/10 saved
[2025-12-30 20:45:13] → Scraping 5896722
[2025-12-30 20:45:13] → Scraping 5880349
[2025-12-30 20:45:13] → Scraping 5877657
[2025-12-30 20:45:13] → Scraping 5894954
[2025-12-30 20:45:13] → Scraping 5947026
[2025-12-30 20:45:13] → Scraping 5951549
[2025-12-30 20:45:13] → Scraping 5949541
[2025-12-30 20:45:13] → Scraping 5949806
[2025-12-30 20:45:13] → Scraping 5954177
[2025-12-30 20:45:13] → Scraping 5951817
[2025-12-30 20:45:17] ✓ Saved 10 listings to CSV
[2025-12-30 20:45:17]   ✓ Batch: 10/10 saved
[2025-12-30 20:45:17] → Scraping 5966970
[2025-12-30 20:45:17] → Scraping 5940779
[2025-12-30 20:45:17] → Scraping 51034874
[2025-12-30 20:45:17] → Scraping 51034885
[2025-12-30 20:45:17] → Scraping 51031865
[2025-12-30 20:45:17] → Scraping 51058981
[2025-12-30 20:45:17] → Scraping 5952770
[2025-12-30 20:45:17] → Scraping 51055508
[2025-12-30 20:45:17] → Scraping 51093947
[2025-12-30 20:45:17] → Scraping 51100278
[2025-12-30 20:45:21] ✓ Saved 10 listings to CSV
[2025-12-30 20:45:21]   ✓ Batch: 10/10 saved
[2025-12-30 20:45:23] 
▶ Page 422
[2025-12-30 20:45:25] ✓ Found 30 listings
[2025-12-30 20:45:25] → Scraping 51125211
[2025-12-30 20:45:25] → Scraping 51122201
[2025-12-30 20:45:25] → Scraping 51122199
[2025-12-30 20:45:25] → Scraping 51122041
[2025-12-30 20:45:25] → Scraping 51125365
[2025-12-30 20:45:25] → Scraping 51072620
[2025-12-30 20:45:25] → Scraping 51114820
[2025-12-30 20:45:25] → Scraping 51039811
[2025-12-30 20:45:25] → Scraping 51128524
[2025-12-30 20:45:25] → Scraping 51128523
[2025-12-30 20:45:29] ✓ Saved 10 listings to CSV
[2025-12-30 20:45:29]   ✓ Batch: 10/10 saved
[2025-12-30 20:45:29] → Scraping 51128521
[2025-12-30 20:45:29] → Scraping 51128520
[2025-12-30 20:45:29] → Scraping 51128519
[2025-12-30 20:45:29] → Scraping 51128518
[2025-12-30 20:45:29] → Scraping 2639615
[2025-12-30 20:45:29] → Scraping 3239734
[2025-12-30 20:45:29] → Scraping 51128514
[2025-12-30 20:45:29] → Scraping 51128513
[2025-12-30 20:45:29] → Scraping 51125401
[2025-12-30 20:45:29] → Scraping 51128509
[2025-12-30 20:45:33] ✓ Saved 10 listings to CSV
[2025-12-30 20:45:33]   ✓ Batch: 10/10 saved
[2025-12-30 20:45:33] → Scraping 2639612
[2025-12-30 20:45:33] → Scraping 2639611
[2025-12-30 20:45:33] → Scraping 51128507
[2025-12-30 20:45:33] → Scraping 51124901
[2025-12-30 20:45:33] → Scraping 5534794
[2025-12-30 20:45:33] → Scraping 51093097
[2025-12-30 20:45:33] → Scraping 51098429
[2025-12-30 20:45:33] → Scraping 5538349
[2025-12-30 20:45:33] → Scraping 51109179
[2025-12-30 20:45:33] → Scraping 5534549
[2025-12-30 20:45:37] ✓ Saved 10 listings to CSV
[2025-12-30 20:45:37]   ✓ Batch: 10/10 saved
[2025-12-30 20:45:39] 
▶ Page 423
[2025-12-30 20:45:40] ✓ Found 30 listings
[2025-12-30 20:45:40] → Scraping 5460237
[2025-12-30 20:45:40] → Scraping 51022778
[2025-12-30 20:45:40] → Scraping 51022231
[2025-12-30 20:45:40] → Scraping 51022054
[2025-12-30 20:45:40] → Scraping 51022261
[2025-12-30 20:45:40] → Scraping 51022230
[2025-12-30 20:45:40] → Scraping 51085007
[2025-12-30 20:45:40] → Scraping 51085026
[2025-12-30 20:45:40] → Scraping 51085029
[2025-12-30 20:45:40] → Scraping 51085043
[2025-12-30 20:45:44] ✓ Saved 10 listings to CSV
[2025-12-30 20:45:44]   ✓ Batch: 10/10 saved
[2025-12-30 20:45:44] → Scraping 51085109
[2025-12-30 20:45:44] → Scraping 51085111
[2025-12-30 20:45:44] → Scraping 51085114
[2025-12-30 20:45:44] → Scraping 51065841
[2025-12-30 20:45:44] → Scraping 51022777
[2025-12-30 20:45:44] → Scraping 51065839
[2025-12-30 20:45:44] → Scraping 51065840
[2025-12-30 20:45:44] → Scraping 51065837
[2025-12-30 20:45:44] → Scraping 51065835
[2025-12-30 20:45:44] → Scraping 51065836
[2025-12-30 20:45:49] ✓ Saved 10 listings to CSV
[2025-12-30 20:45:49]   ✓ Batch: 10/10 saved
[2025-12-30 20:45:49] → Scraping 51069552
[2025-12-30 20:45:49] → Scraping 51077950
[2025-12-30 20:45:49] → Scraping 51077951
[2025-12-30 20:45:49] → Scraping 51077953
[2025-12-30 20:45:49] → Scraping 51077954
[2025-12-30 20:45:49] → Scraping 51066233
[2025-12-30 20:45:49] → Scraping 51066197
[2025-12-30 20:45:49] → Scraping 51066198
[2025-12-30 20:45:49] → Scraping 51066170
[2025-12-30 20:45:49] → Scraping 51066196
[2025-12-30 20:45:52] ✓ Saved 10 listings to CSV
[2025-12-30 20:45:52]   ✓ Batch: 10/10 saved
[2025-12-30 20:45:54] 
▶ Page 424
[2025-12-30 20:45:56] ✓ Found 30 listings
[2025-12-30 20:45:56] → Scraping 51066169
[2025-12-30 20:45:56] → Scraping 51085113
[2025-12-30 20:45:56] → Scraping 51066162
[2025-12-30 20:45:56] → Scraping 51066160
[2025-12-30 20:45:56] → Scraping 51066293
[2025-12-30 20:45:56] → Scraping 51066263
[2025-12-30 20:45:56] → Scraping 51066158
[2025-12-30 20:45:56] → Scraping 51066295
[2025-12-30 20:45:56] → Scraping 51069846
[2025-12-30 20:45:56] → Scraping 51069847
[2025-12-30 20:45:59] ✓ Saved 10 listings to CSV
[2025-12-30 20:45:59]   ✓ Batch: 10/10 saved
[2025-12-30 20:45:59] → Scraping 51073835
[2025-12-30 20:45:59] → Scraping 51073831
[2025-12-30 20:45:59] → Scraping 51073830
[2025-12-30 20:45:59] → Scraping 51073829
[2025-12-30 20:45:59] → Scraping 51073584
[2025-12-30 20:45:59] → Scraping 51073583
[2025-12-30 20:45:59] → Scraping 51073582
[2025-12-30 20:45:59] → Scraping 51073578
[2025-12-30 20:45:59] → Scraping 51073576
[2025-12-30 20:45:59] → Scraping 51073579
[2025-12-30 20:46:03] ✓ Saved 10 listings to CSV
[2025-12-30 20:46:03]   ✓ Batch: 10/10 saved
[2025-12-30 20:46:03] → Scraping 51073581
[2025-12-30 20:46:03] → Scraping 51073580
[2025-12-30 20:46:03] → Scraping 51073572
[2025-12-30 20:46:03] → Scraping 51073569
[2025-12-30 20:46:03] → Scraping 51073575
[2025-12-30 20:46:03] → Scraping 51128505
[2025-12-30 20:46:03] → Scraping 51128504
[2025-12-30 20:46:03] → Scraping 51122543
[2025-12-30 20:46:03] → Scraping 2639610
[2025-12-30 20:46:03] → Scraping 51128501
[2025-12-30 20:46:07] ✓ Saved 10 listings to CSV
[2025-12-30 20:46:07]   ✓ Batch: 10/10 saved
[2025-12-30 20:46:09] 
▶ Page 425
[2025-12-30 20:46:11] ✓ Found 30 listings
[2025-12-30 20:46:11] → Scraping 2639609
[2025-12-30 20:46:11] → Scraping 51128500
[2025-12-30 20:46:11] → Scraping 51128499
[2025-12-30 20:46:11] → Scraping 5937040
[2025-12-30 20:46:11] → Scraping 51065510
[2025-12-30 20:46:11] → Scraping 5794012
[2025-12-30 20:46:11] → Scraping 51098682
[2025-12-30 20:46:11] → Scraping 5827360
[2025-12-30 20:46:11] → Scraping 5912646
[2025-12-30 20:46:11] → Scraping 5808634
[2025-12-30 20:46:14] ✓ Saved 10 listings to CSV
[2025-12-30 20:46:14]   ✓ Batch: 10/10 saved
[2025-12-30 20:46:14] → Scraping 5839322
[2025-12-30 20:46:14] → Scraping 51128497
[2025-12-30 20:46:14] → Scraping 2639608
[2025-12-30 20:46:14] → Scraping 2639606
[2025-12-30 20:46:14] → Scraping 2639605
[2025-12-30 20:46:14] → Scraping 2639604
[2025-12-30 20:46:14] → Scraping 2639603
[2025-12-30 20:46:14] → Scraping 51128495
[2025-12-30 20:46:14] → Scraping 2639602
[2025-12-30 20:46:14] → Scraping 2639601
[2025-12-30 20:46:18] ✓ Saved 10 listings to CSV
[2025-12-30 20:46:18]   ✓ Batch: 10/10 saved
[2025-12-30 20:46:18] → Scraping 51128492
[2025-12-30 20:46:18] → Scraping 51128490
[2025-12-30 20:46:18] → Scraping 51125478
[2025-12-30 20:46:18] → Scraping 51128489
[2025-12-30 20:46:18] → Scraping 51121801
[2025-12-30 20:46:18] → Scraping 51076858
[2025-12-30 20:46:18] → Scraping 51128488
[2025-12-30 20:46:18] → Scraping 51128487
[2025-12-30 20:46:18] → Scraping 51128485
[2025-12-30 20:46:18] → Scraping 51128484
[2025-12-30 20:46:22] ✓ Saved 10 listings to CSV
[2025-12-30 20:46:22]   ✓ Batch: 10/10 saved
[2025-12-30 20:46:24] 
▶ Page 426
[2025-12-30 20:46:25] ✓ Found 30 listings
[2025-12-30 20:46:25] → Scraping 51128483
[2025-12-30 20:46:25] → Scraping 51128482
[2025-12-30 20:46:25] → Scraping 51128481
[2025-12-30 20:46:25] → Scraping 51128480
[2025-12-30 20:46:25] → Scraping 51128479
[2025-12-30 20:46:25] → Scraping 51128478
[2025-12-30 20:46:25] → Scraping 51128477
[2025-12-30 20:46:25] → Scraping 51128476
[2025-12-30 20:46:25] → Scraping 51128475
[2025-12-30 20:46:25] → Scraping 51128473
[2025-12-30 20:46:29] ✓ Saved 10 listings to CSV
[2025-12-30 20:46:29]   ✓ Batch: 10/10 saved
[2025-12-30 20:46:29] → Scraping 51128472
[2025-12-30 20:46:29] → Scraping 51128471
[2025-12-30 20:46:29] → Scraping 51128465
[2025-12-30 20:46:29] → Scraping 51128463
[2025-12-30 20:46:29] → Scraping 51128458
[2025-12-30 20:46:29] → Scraping 51128457
[2025-12-30 20:46:29] → Scraping 51128454
[2025-12-30 20:46:29] → Scraping 51128452
[2025-12-30 20:46:29] → Scraping 2639597
[2025-12-30 20:46:29] → Scraping 2639596
[2025-12-30 20:46:32] ✓ Saved 10 listings to CSV
[2025-12-30 20:46:32]   ✓ Batch: 10/10 saved
[2025-12-30 20:46:32] → Scraping 2639595
[2025-12-30 20:46:32] → Scraping 2639594
[2025-12-30 20:46:32] → Scraping 51125250
[2025-12-30 20:46:32] → Scraping 2639593
[2025-12-30 20:46:32] → Scraping 51119043
[2025-12-30 20:46:32] → Scraping 2639592
[2025-12-30 20:46:32] → Scraping 51128449
[2025-12-30 20:46:32] → Scraping 2639591
[2025-12-30 20:46:32] → Scraping 51128447
[2025-12-30 20:46:32] → Scraping 2639590
[2025-12-30 20:46:37] ✓ Saved 10 listings to CSV
[2025-12-30 20:46:37]   ✓ Batch: 10/10 saved
[2025-12-30 20:46:39] 
▶ Page 427
[2025-12-30 20:46:40] ✓ Found 30 listings
[2025-12-30 20:46:40] → Scraping 2639588
[2025-12-30 20:46:40] → Scraping 51128446
[2025-12-30 20:46:40] → Scraping 2639586
[2025-12-30 20:46:40] → Scraping 51122270
[2025-12-30 20:46:40] → Scraping 51123034
[2025-12-30 20:46:40] → Scraping 51128445
[2025-12-30 20:46:40] → Scraping 2639585
[2025-12-30 20:46:40] → Scraping 51128444
[2025-12-30 20:46:40] → Scraping 51128443
[2025-12-30 20:46:40] → Scraping 2639584
[2025-12-30 20:46:44] ✓ Saved 10 listings to CSV
[2025-12-30 20:46:44]   ✓ Batch: 10/10 saved
[2025-12-30 20:46:44] → Scraping 2639583
[2025-12-30 20:46:44] → Scraping 51128442
[2025-12-30 20:46:44] → Scraping 51128441
[2025-12-30 20:46:44] → Scraping 51128440
[2025-12-30 20:46:44] → Scraping 2639581
[2025-12-30 20:46:44] → Scraping 51128437
[2025-12-30 20:46:44] → Scraping 51128436
[2025-12-30 20:46:44] → Scraping 51128435
[2025-12-30 20:46:44] → Scraping 51128434
[2025-12-30 20:46:44] → Scraping 51128433
[2025-12-30 20:46:47] ✓ Saved 10 listings to CSV
[2025-12-30 20:46:47]   ✓ Batch: 10/10 saved
[2025-12-30 20:46:47] → Scraping 51128432
[2025-12-30 20:46:47] → Scraping 51128431
[2025-12-30 20:46:47] → Scraping 51128430
[2025-12-30 20:46:47] → Scraping 51124297
[2025-12-30 20:46:47] → Scraping 51128429
[2025-12-30 20:46:47] → Scraping 51124577
[2025-12-30 20:46:47] → Scraping 51128428
[2025-12-30 20:46:47] → Scraping 51128427
[2025-12-30 20:46:47] → Scraping 2639580
[2025-12-30 20:46:47] → Scraping 2639579
[2025-12-30 20:46:51] ✓ Saved 10 listings to CSV
[2025-12-30 20:46:51]   ✓ Batch: 10/10 saved
[2025-12-30 20:46:53] 
▶ Page 428
[2025-12-30 20:46:54] ✓ Found 30 listings
[2025-12-30 20:46:54] → Scraping 51128426
[2025-12-30 20:46:54] → Scraping 51109503
[2025-12-30 20:46:54] → Scraping 51125239
[2025-12-30 20:46:54] → Scraping 51084692
[2025-12-30 20:46:54] → Scraping 51076401
[2025-12-30 20:46:54] → Scraping 51122213
[2025-12-30 20:46:54] → Scraping 51125237
[2025-12-30 20:46:54] → Scraping 51128425
[2025-12-30 20:46:54] → Scraping 51128424
[2025-12-30 20:46:54] → Scraping 2639577
[2025-12-30 20:46:58] ✓ Saved 10 listings to CSV
[2025-12-30 20:46:58]   ✓ Batch: 10/10 saved
[2025-12-30 20:46:58] → Scraping 51128423
[2025-12-30 20:46:58] → Scraping 51124891
[2025-12-30 20:46:58] → Scraping 51124892
[2025-12-30 20:46:58] → Scraping 51124893
[2025-12-30 20:46:58] → Scraping 51125121
[2025-12-30 20:46:58] → Scraping 51125123
[2025-12-30 20:46:58] → Scraping 51125124
[2025-12-30 20:46:58] → Scraping 51125128
[2025-12-30 20:46:58] → Scraping 51125129
[2025-12-30 20:46:58] → Scraping 51125130
[2025-12-30 20:47:03] ✓ Saved 10 listings to CSV
[2025-12-30 20:47:03]   ✓ Batch: 10/10 saved
[2025-12-30 20:47:03] → Scraping 51125131
[2025-12-30 20:47:03] → Scraping 51125132
[2025-12-30 20:47:03] → Scraping 51125142
[2025-12-30 20:47:03] → Scraping 51125184
[2025-12-30 20:47:03] → Scraping 2639576
[2025-12-30 20:47:03] → Scraping 2639575
[2025-12-30 20:47:03] → Scraping 2639574
[2025-12-30 20:47:03] → Scraping 2639573
[2025-12-30 20:47:03] → Scraping 51109731
[2025-12-30 20:47:03] → Scraping 2639572
[2025-12-30 20:47:06] ✓ Saved 10 listings to CSV
[2025-12-30 20:47:06]   ✓ Batch: 10/10 saved
[2025-12-30 20:47:08] 
▶ Page 429
[2025-12-30 20:47:10] ✓ Found 30 listings
[2025-12-30 20:47:10] → Scraping 51116706
[2025-12-30 20:47:10] → Scraping 51128419
[2025-12-30 20:47:10] → Scraping 51128417
[2025-12-30 20:47:10] → Scraping 2639570
[2025-12-30 20:47:10] → Scraping 51021366
[2025-12-30 20:47:10] → Scraping 51022115
[2025-12-30 20:47:10] → Scraping 51021840
[2025-12-30 20:47:10] → Scraping 51021835
[2025-12-30 20:47:10] → Scraping 51021841
[2025-12-30 20:47:10] → Scraping 51021839
[2025-12-30 20:47:13] ✓ Saved 10 listings to CSV
[2025-12-30 20:47:13]   ✓ Batch: 10/10 saved
[2025-12-30 20:47:13] → Scraping 51022252
[2025-12-30 20:47:13] → Scraping 51022462
[2025-12-30 20:47:13] → Scraping 51021845
[2025-12-30 20:47:13] → Scraping 51021836
[2025-12-30 20:47:13] → Scraping 51021834
[2025-12-30 20:47:13] → Scraping 51021842
[2025-12-30 20:47:13] → Scraping 51021074
[2025-12-30 20:47:13] → Scraping 51022251
[2025-12-30 20:47:13] → Scraping 51021082
[2025-12-30 20:47:13] → Scraping 51021844
[2025-12-30 20:47:17] ✓ Saved 10 listings to CSV
[2025-12-30 20:47:17]   ✓ Batch: 10/10 saved
[2025-12-30 20:47:17] → Scraping 51100572
[2025-12-30 20:47:17] → Scraping 51124869
[2025-12-30 20:47:17] → Scraping 51124868
[2025-12-30 20:47:17] → Scraping 51124872
[2025-12-30 20:47:17] → Scraping 51124873
[2025-12-30 20:47:17] → Scraping 51124876
[2025-12-30 20:47:17] → Scraping 51124878
[2025-12-30 20:47:17] → Scraping 51124879
[2025-12-30 20:47:17] → Scraping 51124885
[2025-12-30 20:47:17] → Scraping 51124886
[2025-12-30 20:47:21] ✓ Saved 10 listings to CSV
[2025-12-30 20:47:21]   ✓ Batch: 10/10 saved
[2025-12-30 20:47:23] 
▶ Page 430
[2025-12-30 20:47:24] ✓ Found 30 listings
[2025-12-30 20:47:24] → Scraping 51124888
[2025-12-30 20:47:24] → Scraping 51125276
[2025-12-30 20:47:24] → Scraping 51125283
[2025-12-30 20:47:24] → Scraping 2639569
[2025-12-30 20:47:24] → Scraping 51128416
[2025-12-30 20:47:24] → Scraping 51128415
[2025-12-30 20:47:24] → Scraping 5991117
[2025-12-30 20:47:24] → Scraping 2630932
[2025-12-30 20:47:24] → Scraping 2634080
[2025-12-30 20:47:24] → Scraping 51127152
[2025-12-30 20:47:28] ✓ Saved 10 listings to CSV
[2025-12-30 20:47:28]   ✓ Batch: 10/10 saved
[2025-12-30 20:47:28] → Scraping 5893546
[2025-12-30 20:47:28] → Scraping 2639567
[2025-12-30 20:47:28] → Scraping 51051613
[2025-12-30 20:47:28] → Scraping 51082428
[2025-12-30 20:47:28] → Scraping 51030792
[2025-12-30 20:47:28] → Scraping 51032652
[2025-12-30 20:47:28] → Scraping 51045401
[2025-12-30 20:47:28] → Scraping 51052162
[2025-12-30 20:47:28] → Scraping 51030331
[2025-12-30 20:47:28] → Scraping 51044582
[2025-12-30 20:47:32] ✓ Saved 10 listings to CSV
[2025-12-30 20:47:32]   ✓ Batch: 10/10 saved
[2025-12-30 20:47:32] → Scraping 51057008
[2025-12-30 20:47:32] → Scraping 51053204
[2025-12-30 20:47:32] → Scraping 51114838
[2025-12-30 20:47:32] → Scraping 51048395
[2025-12-30 20:47:32] → Scraping 51048165
[2025-12-30 20:47:32] → Scraping 51051434
[2025-12-30 20:47:32] → Scraping 51047211
[2025-12-30 20:47:32] → Scraping 51046985
[2025-12-30 20:47:32] → Scraping 51030482
[2025-12-30 20:47:32] → Scraping 51031267
[2025-12-30 20:47:35] ✓ Saved 10 listings to CSV
[2025-12-30 20:47:35]   ✓ Batch: 10/10 saved
[2025-12-30 20:47:37] 
▶ Page 431
[2025-12-30 20:47:39] ✓ Found 30 listings
[2025-12-30 20:47:39] → Scraping 51051432
[2025-12-30 20:47:39] → Scraping 51048584
[2025-12-30 20:47:39] → Scraping 51052318
[2025-12-30 20:47:39] → Scraping 51070595
[2025-12-30 20:47:39] → Scraping 2634982
[2025-12-30 20:47:39] → Scraping 2634959
[2025-12-30 20:47:39] → Scraping 2628684
[2025-12-30 20:47:39] → Scraping 2637919
[2025-12-30 20:47:39] → Scraping 51052143
[2025-12-30 20:47:39] → Scraping 51042426
[2025-12-30 20:47:42] ✓ Saved 10 listings to CSV
[2025-12-30 20:47:42]   ✓ Batch: 10/10 saved
[2025-12-30 20:47:42] → Scraping 51128414
[2025-12-30 20:47:42] → Scraping 2639565
[2025-12-30 20:47:42] → Scraping 51128413
[2025-12-30 20:47:42] → Scraping 51125380
[2025-12-30 20:47:42] → Scraping 51059963
[2025-12-30 20:47:42] → Scraping 51051450
[2025-12-30 20:47:42] → Scraping 51117725
[2025-12-30 20:47:42] → Scraping 51119397
[2025-12-30 20:47:42] → Scraping 51082301
[2025-12-30 20:47:42] → Scraping 51088481
[2025-12-30 20:47:46] ✓ Saved 10 listings to CSV
[2025-12-30 20:47:46]   ✓ Batch: 10/10 saved
[2025-12-30 20:47:46] → Scraping 51113173
[2025-12-30 20:47:46] → Scraping 51093443
[2025-12-30 20:47:46] → Scraping 51085132
[2025-12-30 20:47:46] → Scraping 51052728
[2025-12-30 20:47:46] → Scraping 51031094
[2025-12-30 20:47:46] → Scraping 51023045
[2025-12-30 20:47:46] → Scraping 51023047
[2025-12-30 20:47:46] → Scraping 51023051
[2025-12-30 20:47:46] → Scraping 51023054
[2025-12-30 20:47:46] → Scraping 51023053
[2025-12-30 20:47:50] ✓ Saved 10 listings to CSV
[2025-12-30 20:47:50]   ✓ Batch: 10/10 saved
[2025-12-30 20:47:52] 
▶ Page 432
[2025-12-30 20:47:53] ✓ Found 30 listings
[2025-12-30 20:47:53] → Scraping 51020045
[2025-12-30 20:47:53] → Scraping 51024161
[2025-12-30 20:47:53] → Scraping 51022674
[2025-12-30 20:47:53] → Scraping 51039559
[2025-12-30 20:47:53] → Scraping 51022677
[2025-12-30 20:47:53] → Scraping 51029576
[2025-12-30 20:47:53] → Scraping 51029652
[2025-12-30 20:47:53] → Scraping 51039569
[2025-12-30 20:47:53] → Scraping 51029585
[2025-12-30 20:47:53] → Scraping 51052597
[2025-12-30 20:47:56] ✓ Saved 10 listings to CSV
[2025-12-30 20:47:56]   ✓ Batch: 10/10 saved
[2025-12-30 20:47:56] → Scraping 51071210
[2025-12-30 20:47:56] → Scraping 51055541
[2025-12-30 20:47:56] → Scraping 51050205
[2025-12-30 20:47:56] → Scraping 51050290
[2025-12-30 20:47:56] → Scraping 51020043
[2025-12-30 20:47:56] → Scraping 51020044
[2025-12-30 20:47:56] → Scraping 51020049
[2025-12-30 20:47:56] → Scraping 51020047
[2025-12-30 20:47:56] → Scraping 51020050
[2025-12-30 20:47:56] → Scraping 51020053
[2025-12-30 20:48:00] ✓ Saved 10 listings to CSV
[2025-12-30 20:48:00]   ✓ Batch: 10/10 saved
[2025-12-30 20:48:00] → Scraping 51020054
[2025-12-30 20:48:00] → Scraping 51020204
[2025-12-30 20:48:00] → Scraping 51021207
[2025-12-30 20:48:00] → Scraping 51020959
[2025-12-30 20:48:00] → Scraping 51022676
[2025-12-30 20:48:00] → Scraping 51020046
[2025-12-30 20:48:00] → Scraping 51021219
[2025-12-30 20:48:00] → Scraping 51021262
[2025-12-30 20:48:00] → Scraping 51021259
[2025-12-30 20:48:00] → Scraping 51082529
[2025-12-30 20:48:04] ✓ Saved 10 listings to CSV
[2025-12-30 20:48:04]   ✓ Batch: 10/10 saved
[2025-12-30 20:48:06] 
▶ Page 433
[2025-12-30 20:48:07] ✓ Found 30 listings
[2025-12-30 20:48:07] → Scraping 51021418
[2025-12-30 20:48:07] → Scraping 51051272
[2025-12-30 20:48:07] → Scraping 51051647
[2025-12-30 20:48:07] → Scraping 51051858
[2025-12-30 20:48:07] → Scraping 51071424
[2025-12-30 20:48:07] → Scraping 51052181
[2025-12-30 20:48:07] → Scraping 51052182
[2025-12-30 20:48:07] → Scraping 51052222
[2025-12-30 20:48:07] → Scraping 51103297
[2025-12-30 20:48:07] → Scraping 51082454
[2025-12-30 20:48:10] ✓ Saved 10 listings to CSV
[2025-12-30 20:48:10]   ✓ Batch: 10/10 saved
[2025-12-30 20:48:10] → Scraping 51128412
[2025-12-30 20:48:10] → Scraping 51021358
[2025-12-30 20:48:10] → Scraping 51122397
[2025-12-30 20:48:10] → Scraping 51100484
[2025-12-30 20:48:10] → Scraping 51021360
[2025-12-30 20:48:10] → Scraping 51021357
[2025-12-30 20:48:10] → Scraping 51021355
[2025-12-30 20:48:10] → Scraping 51092715
[2025-12-30 20:48:10] → Scraping 51092714
[2025-12-30 20:48:10] → Scraping 51092716
[2025-12-30 20:48:14] ✓ Saved 10 listings to CSV
[2025-12-30 20:48:14]   ✓ Batch: 10/10 saved
[2025-12-30 20:48:14] → Scraping 51021359
[2025-12-30 20:48:14] → Scraping 51122396
[2025-12-30 20:48:14] → Scraping 2639564
[2025-12-30 20:48:14] → Scraping 2639563
[2025-12-30 20:48:14] → Scraping 2639562
[2025-12-30 20:48:14] → Scraping 51128411
[2025-12-30 20:48:14] → Scraping 51128410
[2025-12-30 20:48:14] → Scraping 51128409
[2025-12-30 20:48:14] → Scraping 51128408
[2025-12-30 20:48:14] → Scraping 51128407
[2025-12-30 20:48:18] ✓ Saved 10 listings to CSV
[2025-12-30 20:48:18]   ✓ Batch: 10/10 saved
[2025-12-30 20:48:20] 
▶ Page 434
[2025-12-30 20:48:21] ✓ Found 30 listings
[2025-12-30 20:48:21] → Scraping 51128406
[2025-12-30 20:48:21] → Scraping 51128405
[2025-12-30 20:48:21] → Scraping 51128404
[2025-12-30 20:48:21] → Scraping 51128403
[2025-12-30 20:48:21] → Scraping 51128402
[2025-12-30 20:48:21] → Scraping 2639560
[2025-12-30 20:48:21] → Scraping 51128401
[2025-12-30 20:48:21] → Scraping 51128400
[2025-12-30 20:48:21] → Scraping 51128399
[2025-12-30 20:48:21] → Scraping 51128398
[2025-12-30 20:48:24] ✓ Saved 10 listings to CSV
[2025-12-30 20:48:25]   ✓ Batch: 10/10 saved
[2025-12-30 20:48:25] → Scraping 2639559
[2025-12-30 20:48:25] → Scraping 2639558
[2025-12-30 20:48:25] → Scraping 51128397
[2025-12-30 20:48:25] → Scraping 5491532
[2025-12-30 20:48:25] → Scraping 5558691
[2025-12-30 20:48:25] → Scraping 5486678
[2025-12-30 20:48:25] → Scraping 5954407
[2025-12-30 20:48:25] → Scraping 5541851
[2025-12-30 20:48:25] → Scraping 51128395
[2025-12-30 20:48:25] → Scraping 51125381
[2025-12-30 20:48:28] ✓ Saved 10 listings to CSV
[2025-12-30 20:48:28]   ✓ Batch: 10/10 saved
[2025-12-30 20:48:28] → Scraping 2639555
[2025-12-30 20:48:28] → Scraping 2637902
[2025-12-30 20:48:28] → Scraping 2639554
[2025-12-30 20:48:28] → Scraping 51128393
[2025-12-30 20:48:28] → Scraping 2639553
[2025-12-30 20:48:28] → Scraping 51125395
[2025-12-30 20:48:28] → Scraping 51123979
[2025-12-30 20:48:28] → Scraping 51123980
[2025-12-30 20:48:28] → Scraping 51123982
[2025-12-30 20:48:28] → Scraping 51123983
[2025-12-30 20:48:32] ✓ Saved 10 listings to CSV
[2025-12-30 20:48:32]   ✓ Batch: 10/10 saved
[2025-12-30 20:48:34] 
▶ Page 435
[2025-12-30 20:48:35] ✓ Found 30 listings
[2025-12-30 20:48:35] → Scraping 51124173
[2025-12-30 20:48:35] → Scraping 51124175
[2025-12-30 20:48:35] → Scraping 51124584
[2025-12-30 20:48:35] → Scraping 51124585
[2025-12-30 20:48:35] → Scraping 51124649
[2025-12-30 20:48:35] → Scraping 51124651
[2025-12-30 20:48:35] → Scraping 51124650
[2025-12-30 20:48:35] → Scraping 51124652
[2025-12-30 20:48:35] → Scraping 51124656
[2025-12-30 20:48:35] → Scraping 51124658
[2025-12-30 20:48:39] ✓ Saved 10 listings to CSV
[2025-12-30 20:48:39]   ✓ Batch: 10/10 saved
[2025-12-30 20:48:39] → Scraping 51124657
[2025-12-30 20:48:39] → Scraping 51124659
[2025-12-30 20:48:39] → Scraping 51124660
[2025-12-30 20:48:39] → Scraping 51124719
[2025-12-30 20:48:39] → Scraping 51124721
[2025-12-30 20:48:39] → Scraping 51124722
[2025-12-30 20:48:39] → Scraping 487139
[2025-12-30 20:48:39] → Scraping 51128391
[2025-12-30 20:48:39] → Scraping 2639551
[2025-12-30 20:48:39] → Scraping 51128390
[2025-12-30 20:48:43] ✓ Saved 10 listings to CSV
[2025-12-30 20:48:43]   ✓ Batch: 10/10 saved
[2025-12-30 20:48:43] → Scraping 51124823
[2025-12-30 20:48:43] → Scraping 51128389
[2025-12-30 20:48:43] → Scraping 51128388
[2025-12-30 20:48:43] → Scraping 51128387
[2025-12-30 20:48:43] → Scraping 51128386
[2025-12-30 20:48:43] → Scraping 51128385
[2025-12-30 20:48:43] → Scraping 51128384
[2025-12-30 20:48:43] → Scraping 2639550
[2025-12-30 20:48:43] → Scraping 51128382
[2025-12-30 20:48:43] → Scraping 51128381
[2025-12-30 20:48:46] ✓ Saved 10 listings to CSV
[2025-12-30 20:48:46]   ✓ Batch: 10/10 saved
[2025-12-30 20:48:48] 
▶ Page 436
[2025-12-30 20:48:50] ✓ Found 30 listings
[2025-12-30 20:48:50] → Scraping 51128379
[2025-12-30 20:48:50] → Scraping 51128378
[2025-12-30 20:48:50] → Scraping 51128377
[2025-12-30 20:48:50] → Scraping 2639549
[2025-12-30 20:48:50] → Scraping 51128376
[2025-12-30 20:48:50] → Scraping 51128375
[2025-12-30 20:48:50] → Scraping 2639548
[2025-12-30 20:48:50] → Scraping 51128374
[2025-12-30 20:48:50] → Scraping 51119792
[2025-12-30 20:48:50] → Scraping 51128373
[2025-12-30 20:48:53] ✓ Saved 10 listings to CSV
[2025-12-30 20:48:53]   ✓ Batch: 10/10 saved
[2025-12-30 20:48:53] → Scraping 2639547
[2025-12-30 20:48:53] → Scraping 51128372
[2025-12-30 20:48:53] → Scraping 51128370
[2025-12-30 20:48:53] → Scraping 51128369
[2025-12-30 20:48:53] → Scraping 2639546
[2025-12-30 20:48:53] → Scraping 51128368
[2025-12-30 20:48:53] → Scraping 2639545
[2025-12-30 20:48:53] → Scraping 2639544
[2025-12-30 20:48:53] → Scraping 51128367
[2025-12-30 20:48:53] → Scraping 51100571
[2025-12-30 20:48:56] ✓ Saved 10 listings to CSV
[2025-12-30 20:48:56]   ✓ Batch: 10/10 saved
[2025-12-30 20:48:56] → Scraping 51081055
[2025-12-30 20:48:56] → Scraping 51128364
[2025-12-30 20:48:56] → Scraping 51128363
[2025-12-30 20:48:56] → Scraping 51128362
[2025-12-30 20:48:56] → Scraping 51128361
[2025-12-30 20:48:56] → Scraping 51128360
[2025-12-30 20:48:56] → Scraping 51121876
[2025-12-30 20:48:56] → Scraping 2639543
[2025-12-30 20:48:56] → Scraping 2639542
[2025-12-30 20:48:56] → Scraping 51128358
[2025-12-30 20:49:00] ✓ Saved 10 listings to CSV
[2025-12-30 20:49:00]   ✓ Batch: 10/10 saved
[2025-12-30 20:49:02] 
▶ Page 437
[2025-12-30 20:49:03] ✓ Found 30 listings
[2025-12-30 20:49:03] → Scraping 2639541
[2025-12-30 20:49:03] → Scraping 3239733
[2025-12-30 20:49:03] → Scraping 51128357
[2025-12-30 20:49:03] → Scraping 51128356
[2025-12-30 20:49:03] → Scraping 2639540
[2025-12-30 20:49:03] → Scraping 2639539
[2025-12-30 20:49:03] → Scraping 51128355
[2025-12-30 20:49:03] → Scraping 2639538
[2025-12-30 20:49:03] → Scraping 51128354
[2025-12-30 20:49:03] → Scraping 51128353
[2025-12-30 20:49:07] ✓ Saved 10 listings to CSV
[2025-12-30 20:49:07]   ✓ Batch: 10/10 saved
[2025-12-30 20:49:07] → Scraping 51128352
[2025-12-30 20:49:07] → Scraping 51128351
[2025-12-30 20:49:07] → Scraping 2639537
[2025-12-30 20:49:07] → Scraping 51128350
[2025-12-30 20:49:07] → Scraping 51128349
[2025-12-30 20:49:07] → Scraping 51128348
[2025-12-30 20:49:07] → Scraping 51128347
[2025-12-30 20:49:07] → Scraping 51128346
[2025-12-30 20:49:07] → Scraping 51128345
[2025-12-30 20:49:07] → Scraping 51128344
[2025-12-30 20:49:10] ✓ Saved 10 listings to CSV
[2025-12-30 20:49:10]   ✓ Batch: 10/10 saved
[2025-12-30 20:49:10] → Scraping 51128341
[2025-12-30 20:49:10] → Scraping 51128340
[2025-12-30 20:49:10] → Scraping 51128339
[2025-12-30 20:49:10] → Scraping 51128338
[2025-12-30 20:49:10] → Scraping 51128335
[2025-12-30 20:49:10] → Scraping 51128334
[2025-12-30 20:49:10] → Scraping 51083558
[2025-12-30 20:49:10] → Scraping 51128332
[2025-12-30 20:49:10] → Scraping 51128331
[2025-12-30 20:49:10] → Scraping 51128330
[2025-12-30 20:49:14] ✓ Saved 10 listings to CSV
[2025-12-30 20:49:14]   ✓ Batch: 10/10 saved
[2025-12-30 20:49:16] 
▶ Page 438
[2025-12-30 20:49:17] ✓ Found 30 listings
[2025-12-30 20:49:17] → Scraping 2639535
[2025-12-30 20:49:17] → Scraping 51128329
[2025-12-30 20:49:17] → Scraping 51125373
[2025-12-30 20:49:17] → Scraping 2639534
[2025-12-30 20:49:17] → Scraping 51128327
[2025-12-30 20:49:17] → Scraping 51128326
[2025-12-30 20:49:17] → Scraping 2639533
[2025-12-30 20:49:17] → Scraping 51122458
[2025-12-30 20:49:17] → Scraping 51128324
[2025-12-30 20:49:17] → Scraping 51128321
[2025-12-30 20:49:21] ✓ Saved 10 listings to CSV
[2025-12-30 20:49:21]   ✓ Batch: 10/10 saved
[2025-12-30 20:49:21] → Scraping 51128319
[2025-12-30 20:49:21] → Scraping 2639531
[2025-12-30 20:49:21] → Scraping 51128318
[2025-12-30 20:49:21] → Scraping 51128317
[2025-12-30 20:49:21] → Scraping 51128316
[2025-12-30 20:49:21] → Scraping 51128315
[2025-12-30 20:49:21] → Scraping 51021764
[2025-12-30 20:49:21] → Scraping 51037498
[2025-12-30 20:49:21] → Scraping 51128313
[2025-12-30 20:49:21] → Scraping 51128312
[2025-12-30 20:49:24] ✓ Saved 10 listings to CSV
[2025-12-30 20:49:24]   ✓ Batch: 10/10 saved
[2025-12-30 20:49:24] → Scraping 51128311
[2025-12-30 20:49:24] → Scraping 51128309
[2025-12-30 20:49:24] → Scraping 51128308
[2025-12-30 20:49:24] → Scraping 51076855
[2025-12-30 20:49:24] → Scraping 51081254
[2025-12-30 20:49:24] → Scraping 51080925
[2025-12-30 20:49:24] → Scraping 51093535
[2025-12-30 20:49:24] → Scraping 51081140
[2025-12-30 20:49:24] → Scraping 51093618
[2025-12-30 20:49:24] → Scraping 51069501
[2025-12-30 20:49:27] ✓ Saved 10 listings to CSV
[2025-12-30 20:49:27]   ✓ Batch: 10/10 saved
[2025-12-30 20:49:29] 
▶ Page 439
[2025-12-30 20:49:31] ✓ Found 30 listings
[2025-12-30 20:49:31] → Scraping 51097909
[2025-12-30 20:49:31] → Scraping 51098162
[2025-12-30 20:49:31] → Scraping 51098264
[2025-12-30 20:49:31] → Scraping 51084077
[2025-12-30 20:49:31] → Scraping 5857410
[2025-12-30 20:49:31] → Scraping 51084549
[2025-12-30 20:49:31] → Scraping 51049805
[2025-12-30 20:49:31] → Scraping 51084396
[2025-12-30 20:49:31] → Scraping 51121766
[2025-12-30 20:49:31] → Scraping 51099850
[2025-12-30 20:49:34] ✓ Saved 10 listings to CSV
[2025-12-30 20:49:34]   ✓ Batch: 10/10 saved
[2025-12-30 20:49:34] → Scraping 51122227
[2025-12-30 20:49:34] → Scraping 51128307
[2025-12-30 20:49:34] → Scraping 2639529
[2025-12-30 20:49:34] → Scraping 51128306
[2025-12-30 20:49:34] → Scraping 51128305
[2025-12-30 20:49:34] → Scraping 51125358
[2025-12-30 20:49:34] → Scraping 2639527
[2025-12-30 20:49:34] → Scraping 3239731
[2025-12-30 20:49:34] → Scraping 51128304
[2025-12-30 20:49:34] → Scraping 51038645
[2025-12-30 20:49:38] ✓ Saved 10 listings to CSV
[2025-12-30 20:49:38]   ✓ Batch: 10/10 saved
[2025-12-30 20:49:38] → Scraping 51031521
[2025-12-30 20:49:38] → Scraping 51033777
[2025-12-30 20:49:38] → Scraping 51049502
[2025-12-30 20:49:38] → Scraping 51053794
[2025-12-30 20:49:38] → Scraping 51050791
[2025-12-30 20:49:38] → Scraping 51038648
[2025-12-30 20:49:38] → Scraping 51037823
[2025-12-30 20:49:38] → Scraping 51034698
[2025-12-30 20:49:38] → Scraping 51035603
[2025-12-30 20:49:38] → Scraping 51067008
[2025-12-30 20:49:41] ✓ Saved 10 listings to CSV
[2025-12-30 20:49:41]   ✓ Batch: 10/10 saved
[2025-12-30 20:49:43] 
▶ Page 440
[2025-12-30 20:49:44] ✓ Found 30 listings
[2025-12-30 20:49:44] → Scraping 51053109
[2025-12-30 20:49:44] → Scraping 51049933
[2025-12-30 20:49:44] → Scraping 51051680
[2025-12-30 20:49:44] → Scraping 51051615
[2025-12-30 20:49:44] → Scraping 51050133
[2025-12-30 20:49:44] → Scraping 51050494
[2025-12-30 20:49:44] → Scraping 51053380
[2025-12-30 20:49:44] → Scraping 51053886
[2025-12-30 20:49:44] → Scraping 5918468
[2025-12-30 20:49:44] → Scraping 51053760
[2025-12-30 20:49:48] ✓ Saved 10 listings to CSV
[2025-12-30 20:49:48]   ✓ Batch: 10/10 saved
[2025-12-30 20:49:48] → Scraping 51048857
[2025-12-30 20:49:48] → Scraping 51050276
[2025-12-30 20:49:48] → Scraping 51028799
[2025-12-30 20:49:48] → Scraping 51052040
[2025-12-30 20:49:48] → Scraping 5918088
[2025-12-30 20:49:48] → Scraping 51042395
[2025-12-30 20:49:48] → Scraping 51071652
[2025-12-30 20:49:48] → Scraping 51033023
[2025-12-30 20:49:48] → Scraping 5928073
[2025-12-30 20:49:48] → Scraping 5943018
[2025-12-30 20:49:52] ✓ Saved 10 listings to CSV
[2025-12-30 20:49:52]   ✓ Batch: 10/10 saved
[2025-12-30 20:49:52] → Scraping 51048058
[2025-12-30 20:49:52] → Scraping 51037180
[2025-12-30 20:49:52] → Scraping 51047158
[2025-12-30 20:49:52] → Scraping 5884098
[2025-12-30 20:49:52] → Scraping 51040136
[2025-12-30 20:49:52] → Scraping 5903536
[2025-12-30 20:49:52] → Scraping 51037684
[2025-12-30 20:49:52] → Scraping 5925656
[2025-12-30 20:49:52] → Scraping 5952988
[2025-12-30 20:49:52] → Scraping 5801281
[2025-12-30 20:49:55] ✓ Saved 10 listings to CSV
[2025-12-30 20:49:55]   ✓ Batch: 10/10 saved
[2025-12-30 20:49:57] 
▶ Page 441
[2025-12-30 20:49:58] ✓ Found 30 listings
[2025-12-30 20:49:58] → Scraping 5937918
[2025-12-30 20:49:58] → Scraping 5953907
[2025-12-30 20:49:58] → Scraping 5892489
[2025-12-30 20:49:58] → Scraping 5985060
[2025-12-30 20:49:58] → Scraping 5953960
[2025-12-30 20:49:58] → Scraping 5855551
[2025-12-30 20:49:58] → Scraping 5856335
[2025-12-30 20:49:58] → Scraping 5726136
[2025-12-30 20:49:58] → Scraping 5900337
[2025-12-30 20:49:58] → Scraping 5840948
[2025-12-30 20:50:02] ✓ Saved 10 listings to CSV
[2025-12-30 20:50:02]   ✓ Batch: 10/10 saved
[2025-12-30 20:50:02] → Scraping 5841205
[2025-12-30 20:50:02] → Scraping 5891656
[2025-12-30 20:50:02] → Scraping 5841527
[2025-12-30 20:50:02] → Scraping 5839909
[2025-12-30 20:50:02] → Scraping 5745409
[2025-12-30 20:50:02] → Scraping 5890375
[2025-12-30 20:50:02] → Scraping 5950166
[2025-12-30 20:50:02] → Scraping 5813477
[2025-12-30 20:50:02] → Scraping 5974483
[2025-12-30 20:50:02] → Scraping 5906396
[2025-12-30 20:50:06] ✓ Saved 10 listings to CSV
[2025-12-30 20:50:06]   ✓ Batch: 10/10 saved
[2025-12-30 20:50:06] → Scraping 5842371
[2025-12-30 20:50:06] → Scraping 5918837
[2025-12-30 20:50:06] → Scraping 5897734
[2025-12-30 20:50:06] → Scraping 5914097
[2025-12-30 20:50:06] → Scraping 5898220
[2025-12-30 20:50:06] → Scraping 5901524
[2025-12-30 20:50:06] → Scraping 5834870
[2025-12-30 20:50:06] → Scraping 5923528
[2025-12-30 20:50:06] → Scraping 5917526
[2025-12-30 20:50:06] → Scraping 5834903
[2025-12-30 20:50:09] ✓ Saved 10 listings to CSV
[2025-12-30 20:50:09]   ✓ Batch: 10/10 saved
[2025-12-30 20:50:11] 
▶ Page 442
[2025-12-30 20:50:13] ✓ Found 30 listings
[2025-12-30 20:50:13] → Scraping 5849066
[2025-12-30 20:50:13] → Scraping 5925341
[2025-12-30 20:50:13] → Scraping 5901064
[2025-12-30 20:50:13] → Scraping 5961550
[2025-12-30 20:50:13] → Scraping 51128303
[2025-12-30 20:50:13] → Scraping 5902131
[2025-12-30 20:50:13] → Scraping 5904149
[2025-12-30 20:50:13] → Scraping 5883788
[2025-12-30 20:50:13] → Scraping 5741981
[2025-12-30 20:50:13] → Scraping 5962566
[2025-12-30 20:50:16] ✓ Saved 10 listings to CSV
[2025-12-30 20:50:16]   ✓ Batch: 10/10 saved
[2025-12-30 20:50:16] → Scraping 5739334
[2025-12-30 20:50:16] → Scraping 5952021
[2025-12-30 20:50:16] → Scraping 5753193
[2025-12-30 20:50:16] → Scraping 5868359
[2025-12-30 20:50:16] → Scraping 5916845
[2025-12-30 20:50:16] → Scraping 5758024
[2025-12-30 20:50:16] → Scraping 51128302
[2025-12-30 20:50:16] → Scraping 5950935
[2025-12-30 20:50:16] → Scraping 5812849
[2025-12-30 20:50:16] → Scraping 5948782
[2025-12-30 20:50:20] ✓ Saved 10 listings to CSV
[2025-12-30 20:50:20]   ✓ Batch: 10/10 saved
[2025-12-30 20:50:20] → Scraping 51093886
[2025-12-30 20:50:20] → Scraping 51099202
[2025-12-30 20:50:20] → Scraping 51089909
[2025-12-30 20:50:20] → Scraping 5860056
[2025-12-30 20:50:20] → Scraping 51099604
[2025-12-30 20:50:20] → Scraping 5862774
[2025-12-30 20:50:20] → Scraping 51099439
[2025-12-30 20:50:20] → Scraping 5863547
[2025-12-30 20:50:20] → Scraping 5893221
[2025-12-30 20:50:20] → Scraping 5848394
[2025-12-30 20:50:23] ✓ Saved 10 listings to CSV
[2025-12-30 20:50:23]   ✓ Batch: 10/10 saved
[2025-12-30 20:50:25] 
▶ Page 443
[2025-12-30 20:50:26] ✓ Found 30 listings
[2025-12-30 20:50:26] → Scraping 51027608
[2025-12-30 20:50:26] → Scraping 5810516
[2025-12-30 20:50:26] → Scraping 5943421
[2025-12-30 20:50:26] → Scraping 5857431
[2025-12-30 20:50:26] → Scraping 5866227
[2025-12-30 20:50:26] → Scraping 51028712
[2025-12-30 20:50:26] → Scraping 5876811
[2025-12-30 20:50:26] → Scraping 5882279
[2025-12-30 20:50:26] → Scraping 5894661
[2025-12-30 20:50:26] → Scraping 51029545
[2025-12-30 20:50:30] ✓ Saved 10 listings to CSV
[2025-12-30 20:50:30]   ✓ Batch: 10/10 saved
[2025-12-30 20:50:30] → Scraping 5894903
[2025-12-30 20:50:30] → Scraping 5942237
[2025-12-30 20:50:30] → Scraping 51036242
[2025-12-30 20:50:30] → Scraping 5908401
[2025-12-30 20:50:30] → Scraping 2637856
[2025-12-30 20:50:30] → Scraping 51118603
[2025-12-30 20:50:30] → Scraping 51102198
[2025-12-30 20:50:30] → Scraping 51108378
[2025-12-30 20:50:30] → Scraping 51102197
[2025-12-30 20:50:30] → Scraping 51102199
[2025-12-30 20:50:34] ✓ Saved 10 listings to CSV
[2025-12-30 20:50:34]   ✓ Batch: 10/10 saved
[2025-12-30 20:50:34] → Scraping 51108377
[2025-12-30 20:50:34] → Scraping 51050699
[2025-12-30 20:50:34] → Scraping 51036929
[2025-12-30 20:50:34] → Scraping 51065350
[2025-12-30 20:50:34] → Scraping 51036990
[2025-12-30 20:50:34] → Scraping 51008276
[2025-12-30 20:50:34] → Scraping 51047098
[2025-12-30 20:50:34] → Scraping 51119144
[2025-12-30 20:50:34] → Scraping 51036515
[2025-12-30 20:50:34] → Scraping 2635420
[2025-12-30 20:50:38] ✓ Saved 10 listings to CSV
[2025-12-30 20:50:38]   ✓ Batch: 10/10 saved
[2025-12-30 20:50:40] 
▶ Page 444
[2025-12-30 20:50:41] ✓ Found 30 listings
[2025-12-30 20:50:41] → Scraping 2635345
[2025-12-30 20:50:41] → Scraping 2620392
[2025-12-30 20:50:41] → Scraping 2635476
[2025-12-30 20:50:41] → Scraping 2632521
[2025-12-30 20:50:41] → Scraping 2618231
[2025-12-30 20:50:41] → Scraping 2614854
[2025-12-30 20:50:41] → Scraping 2583212
[2025-12-30 20:50:41] → Scraping 2631304
[2025-12-30 20:50:41] → Scraping 2631340
[2025-12-30 20:50:41] → Scraping 2631342
[2025-12-30 20:50:45] ✓ Saved 10 listings to CSV
[2025-12-30 20:50:45]   ✓ Batch: 10/10 saved
[2025-12-30 20:50:45] → Scraping 2631165
[2025-12-30 20:50:45] → Scraping 2636944
[2025-12-30 20:50:45] → Scraping 51118281
[2025-12-30 20:50:45] → Scraping 51073570
[2025-12-30 20:50:45] → Scraping 51073567
[2025-12-30 20:50:45] → Scraping 51073444
[2025-12-30 20:50:45] → Scraping 51073442
[2025-12-30 20:50:45] → Scraping 51073332
[2025-12-30 20:50:45] → Scraping 51073326
[2025-12-30 20:50:45] → Scraping 51073324
[2025-12-30 20:50:48] ✓ Saved 10 listings to CSV
[2025-12-30 20:50:48]   ✓ Batch: 10/10 saved
[2025-12-30 20:50:48] → Scraping 51081325
[2025-12-30 20:50:48] → Scraping 51073323
[2025-12-30 20:50:48] → Scraping 51073278
[2025-12-30 20:50:48] → Scraping 51073275
[2025-12-30 20:50:48] → Scraping 51073327
[2025-12-30 20:50:48] → Scraping 51073274
[2025-12-30 20:50:48] → Scraping 51081338
[2025-12-30 20:50:48] → Scraping 51081336
[2025-12-30 20:50:48] → Scraping 51081334
[2025-12-30 20:50:48] → Scraping 51081333
[2025-12-30 20:50:52] ✓ Saved 10 listings to CSV
[2025-12-30 20:50:52]   ✓ Batch: 10/10 saved
[2025-12-30 20:50:54] 
▶ Page 445
[2025-12-30 20:50:55] ✓ Found 30 listings
[2025-12-30 20:50:55] → Scraping 51081332
[2025-12-30 20:50:55] → Scraping 51081330
[2025-12-30 20:50:55] → Scraping 51081327
[2025-12-30 20:50:55] → Scraping 51081326
[2025-12-30 20:50:55] → Scraping 51081003
[2025-12-30 20:50:55] → Scraping 51081022
[2025-12-30 20:50:55] → Scraping 51081323
[2025-12-30 20:50:55] → Scraping 51081335
[2025-12-30 20:50:55] → Scraping 51081019
[2025-12-30 20:50:55] → Scraping 51081020
[2025-12-30 20:50:59] ✓ Saved 10 listings to CSV
[2025-12-30 20:50:59]   ✓ Batch: 10/10 saved
[2025-12-30 20:50:59] → Scraping 51081018
[2025-12-30 20:50:59] → Scraping 51081015
[2025-12-30 20:50:59] → Scraping 51081486
[2025-12-30 20:50:59] → Scraping 51081482
[2025-12-30 20:50:59] → Scraping 51081477
[2025-12-30 20:50:59] → Scraping 51081346
[2025-12-30 20:50:59] → Scraping 51081345
[2025-12-30 20:50:59] → Scraping 51081341
[2025-12-30 20:50:59] → Scraping 51081344
[2025-12-30 20:50:59] → Scraping 51081475
[2025-12-30 20:51:03] ✓ Saved 10 listings to CSV
[2025-12-30 20:51:03]   ✓ Batch: 10/10 saved
[2025-12-30 20:51:03] → Scraping 51081474
[2025-12-30 20:51:03] → Scraping 51081473
[2025-12-30 20:51:03] → Scraping 51081472
[2025-12-30 20:51:03] → Scraping 51081469
[2025-12-30 20:51:03] → Scraping 51081014
[2025-12-30 20:51:03] → Scraping 51081012
[2025-12-30 20:51:03] → Scraping 51081009
[2025-12-30 20:51:03] → Scraping 51081005
[2025-12-30 20:51:03] → Scraping 51081007
[2025-12-30 20:51:03] → Scraping 51081006
[2025-12-30 20:51:06] ✓ Saved 10 listings to CSV
[2025-12-30 20:51:06]   ✓ Batch: 10/10 saved
[2025-12-30 20:51:08] 
▶ Page 446
[2025-12-30 20:51:09] ✓ Found 30 listings
[2025-12-30 20:51:09] → Scraping 51089386
[2025-12-30 20:51:09] → Scraping 51089382
[2025-12-30 20:51:09] → Scraping 51089381
[2025-12-30 20:51:09] → Scraping 51089380
[2025-12-30 20:51:09] → Scraping 51089379
[2025-12-30 20:51:09] → Scraping 51081488
[2025-12-30 20:51:09] → Scraping 51089376
[2025-12-30 20:51:09] → Scraping 51089375
[2025-12-30 20:51:09] → Scraping 51089298
[2025-12-30 20:51:09] → Scraping 51089297
[2025-12-30 20:51:13] ✓ Saved 10 listings to CSV
[2025-12-30 20:51:13]   ✓ Batch: 10/10 saved
[2025-12-30 20:51:13] → Scraping 51089296
[2025-12-30 20:51:13] → Scraping 51080585
[2025-12-30 20:51:13] → Scraping 51080583
[2025-12-30 20:51:13] → Scraping 51080581
[2025-12-30 20:51:13] → Scraping 51080574
[2025-12-30 20:51:13] → Scraping 51080573
[2025-12-30 20:51:13] → Scraping 51080732
[2025-12-30 20:51:13] → Scraping 51080710
[2025-12-30 20:51:13] → Scraping 51080731
[2025-12-30 20:51:13] → Scraping 51080728
[2025-12-30 20:51:17] ✓ Saved 10 listings to CSV
[2025-12-30 20:51:17]   ✓ Batch: 10/10 saved
[2025-12-30 20:51:17] → Scraping 51080726
[2025-12-30 20:51:17] → Scraping 51080723
[2025-12-30 20:51:17] → Scraping 51080718
[2025-12-30 20:51:17] → Scraping 51080717
[2025-12-30 20:51:17] → Scraping 51080715
[2025-12-30 20:51:17] → Scraping 51080714
[2025-12-30 20:51:17] → Scraping 51080713
[2025-12-30 20:51:17] → Scraping 51080712
[2025-12-30 20:51:17] → Scraping 51089101
[2025-12-30 20:51:17] → Scraping 51089103
[2025-12-30 20:51:20] ✓ Saved 10 listings to CSV
[2025-12-30 20:51:20]   ✓ Batch: 10/10 saved
[2025-12-30 20:51:22] 
▶ Page 447
[2025-12-30 20:51:24] ✓ Found 30 listings
[2025-12-30 20:51:24] → Scraping 51089099
[2025-12-30 20:51:24] → Scraping 51089097
[2025-12-30 20:51:24] → Scraping 51089095
[2025-12-30 20:51:24] → Scraping 51089093
[2025-12-30 20:51:24] → Scraping 51089090
[2025-12-30 20:51:24] → Scraping 51089087
[2025-12-30 20:51:24] → Scraping 51089088
[2025-12-30 20:51:24] → Scraping 51089086
[2025-12-30 20:51:24] → Scraping 51089085
[2025-12-30 20:51:24] → Scraping 51089084
[2025-12-30 20:51:27] ✓ Saved 10 listings to CSV
[2025-12-30 20:51:27]   ✓ Batch: 10/10 saved
[2025-12-30 20:51:27] → Scraping 51099407
[2025-12-30 20:51:27] → Scraping 51099405
[2025-12-30 20:51:27] → Scraping 51099406
[2025-12-30 20:51:27] → Scraping 51099403
[2025-12-30 20:51:27] → Scraping 51099404
[2025-12-30 20:51:27] → Scraping 51099402
[2025-12-30 20:51:27] → Scraping 51099400
[2025-12-30 20:51:27] → Scraping 51099399
[2025-12-30 20:51:27] → Scraping 51099397
[2025-12-30 20:51:27] → Scraping 51099396
[2025-12-30 20:51:31] ✓ Saved 10 listings to CSV
[2025-12-30 20:51:31]   ✓ Batch: 10/10 saved
[2025-12-30 20:51:31] → Scraping 51022233
[2025-12-30 20:51:31] → Scraping 51022071
[2025-12-30 20:51:31] → Scraping 51022487
[2025-12-30 20:51:31] → Scraping 51020800
[2025-12-30 20:51:31] → Scraping 51022488
[2025-12-30 20:51:31] → Scraping 51022075
[2025-12-30 20:51:31] → Scraping 51021656
[2025-12-30 20:51:31] → Scraping 51022226
[2025-12-30 20:51:31] → Scraping 51022232
[2025-12-30 20:51:31] → Scraping 51021832
[2025-12-30 20:51:35] ✓ Saved 10 listings to CSV
[2025-12-30 20:51:35]   ✓ Batch: 10/10 saved
[2025-12-30 20:51:37] 
▶ Page 448
[2025-12-30 20:51:38] ✓ Found 30 listings
[2025-12-30 20:51:38] → Scraping 51021604
[2025-12-30 20:51:38] → Scraping 51022228
[2025-12-30 20:51:38] → Scraping 51022072
[2025-12-30 20:51:38] → Scraping 51022076
[2025-12-30 20:51:38] → Scraping 51022068
[2025-12-30 20:51:38] → Scraping 51021847
[2025-12-30 20:51:38] → Scraping 51021897
[2025-12-30 20:51:38] → Scraping 51021849
[2025-12-30 20:51:38] → Scraping 51021313
[2025-12-30 20:51:38] → Scraping 51013752
[2025-12-30 20:51:42] ✓ Saved 10 listings to CSV
[2025-12-30 20:51:42]   ✓ Batch: 10/10 saved
[2025-12-30 20:51:42] → Scraping 51021649
[2025-12-30 20:51:42] → Scraping 51021651
[2025-12-30 20:51:42] → Scraping 51021655
[2025-12-30 20:51:42] → Scraping 51021109
[2025-12-30 20:51:42] → Scraping 51021605
[2025-12-30 20:51:42] → Scraping 51021111
[2025-12-30 20:51:42] → Scraping 51021310
[2025-12-30 20:51:42] → Scraping 51021393
[2025-12-30 20:51:42] → Scraping 51021309
[2025-12-30 20:51:42] → Scraping 51021405
[2025-12-30 20:51:45] ✓ Saved 10 listings to CSV
[2025-12-30 20:51:45]   ✓ Batch: 10/10 saved
[2025-12-30 20:51:45] → Scraping 51021389
[2025-12-30 20:51:45] → Scraping 51013834
[2025-12-30 20:51:45] → Scraping 51042532
[2025-12-30 20:51:45] → Scraping 51013887
[2025-12-30 20:51:45] → Scraping 51013886
[2025-12-30 20:51:45] → Scraping 51013884
[2025-12-30 20:51:45] → Scraping 51013831
[2025-12-30 20:51:45] → Scraping 51013740
[2025-12-30 20:51:45] → Scraping 51013830
[2025-12-30 20:51:45] → Scraping 51013554
[2025-12-30 20:51:49] ✓ Saved 10 listings to CSV
[2025-12-30 20:51:49]   ✓ Batch: 10/10 saved
[2025-12-30 20:51:51] 
▶ Page 449
[2025-12-30 20:51:52] ✓ Found 30 listings
[2025-12-30 20:51:52] → Scraping 51013553
[2025-12-30 20:51:52] → Scraping 51076824
[2025-12-30 20:51:52] → Scraping 51013485
[2025-12-30 20:51:52] → Scraping 51013548
[2025-12-30 20:51:52] → Scraping 51047389
[2025-12-30 20:51:52] → Scraping 51077242
[2025-12-30 20:51:52] → Scraping 51077240
[2025-12-30 20:51:52] → Scraping 51077214
[2025-12-30 20:51:52] → Scraping 51077211
[2025-12-30 20:51:52] → Scraping 51077212
[2025-12-30 20:51:56] ✓ Saved 10 listings to CSV
[2025-12-30 20:51:56]   ✓ Batch: 10/10 saved
[2025-12-30 20:51:56] → Scraping 51077210
[2025-12-30 20:51:56] → Scraping 51077208
[2025-12-30 20:51:56] → Scraping 51077207
[2025-12-30 20:51:56] → Scraping 51077206
[2025-12-30 20:51:56] → Scraping 51077204
[2025-12-30 20:51:56] → Scraping 51077202
[2025-12-30 20:51:56] → Scraping 51077199
[2025-12-30 20:51:56] → Scraping 51077198
[2025-12-30 20:51:56] → Scraping 51076953
[2025-12-30 20:51:56] → Scraping 51076999
[2025-12-30 20:51:59] ✓ Saved 10 listings to CSV
[2025-12-30 20:51:59]   ✓ Batch: 10/10 saved
[2025-12-30 20:51:59] → Scraping 51076867
[2025-12-30 20:51:59] → Scraping 51076823
[2025-12-30 20:51:59] → Scraping 51076822
[2025-12-30 20:51:59] → Scraping 51076817
[2025-12-30 20:51:59] → Scraping 51076813
[2025-12-30 20:51:59] → Scraping 51076816
[2025-12-30 20:51:59] → Scraping 51076812
[2025-12-30 20:51:59] → Scraping 51076810
[2025-12-30 20:51:59] → Scraping 51073141
[2025-12-30 20:51:59] → Scraping 51073142
[2025-12-30 20:52:03] ✓ Saved 10 listings to CSV
[2025-12-30 20:52:03]   ✓ Batch: 10/10 saved
[2025-12-30 20:52:05] 
▶ Page 450
[2025-12-30 20:52:06] ✓ Found 30 listings
[2025-12-30 20:52:06] → Scraping 51073143
[2025-12-30 20:52:06] → Scraping 51073144
[2025-12-30 20:52:06] → Scraping 51073145
[2025-12-30 20:52:06] → Scraping 51073146
[2025-12-30 20:52:06] → Scraping 51073151
[2025-12-30 20:52:06] → Scraping 51073149
[2025-12-30 20:52:06] → Scraping 51073000
[2025-12-30 20:52:06] → Scraping 51073078
[2025-12-30 20:52:06] → Scraping 51069294
[2025-12-30 20:52:06] → Scraping 51073081
[2025-12-30 20:52:09] ✓ Saved 10 listings to CSV
[2025-12-30 20:52:09]   ✓ Batch: 10/10 saved
[2025-12-30 20:52:09] → Scraping 51069293
[2025-12-30 20:52:09] → Scraping 51069291
[2025-12-30 20:52:09] → Scraping 51069289
[2025-12-30 20:52:09] → Scraping 51069287
[2025-12-30 20:52:09] → Scraping 51069285
[2025-12-30 20:52:09] → Scraping 51069281
[2025-12-30 20:52:09] → Scraping 51069280
[2025-12-30 20:52:09] → Scraping 51069263
[2025-12-30 20:52:09] → Scraping 51069262
[2025-12-30 20:52:09] → Scraping 51068970
[2025-12-30 20:52:13] ✓ Saved 10 listings to CSV
[2025-12-30 20:52:13]   ✓ Batch: 10/10 saved
[2025-12-30 20:52:13] → Scraping 51068966
[2025-12-30 20:52:13] → Scraping 51068965
[2025-12-30 20:52:13] → Scraping 51065275
[2025-12-30 20:52:13] → Scraping 51065377
[2025-12-30 20:52:13] → Scraping 51073128
[2025-12-30 20:52:13] → Scraping 51073129
[2025-12-30 20:52:13] → Scraping 51065247
[2025-12-30 20:52:13] → Scraping 51073131
[2025-12-30 20:52:13] → Scraping 51072866
[2025-12-30 20:52:13] → Scraping 51072867
[2025-12-30 20:52:17] ✓ Saved 10 listings to CSV
[2025-12-30 20:52:17]   ✓ Batch: 10/10 saved
[2025-12-30 20:52:19] 
▶ Page 451
[2025-12-30 20:52:20] ✓ Found 30 listings
[2025-12-30 20:52:20] → Scraping 51072945
[2025-12-30 20:52:20] → Scraping 51072952
[2025-12-30 20:52:20] → Scraping 51072951
[2025-12-30 20:52:20] → Scraping 51072962
[2025-12-30 20:52:20] → Scraping 51068972
[2025-12-30 20:52:20] → Scraping 51065375
[2025-12-30 20:52:20] → Scraping 51072949
[2025-12-30 20:52:20] → Scraping 51065410
[2025-12-30 20:52:20] → Scraping 51072855
[2025-12-30 20:52:20] → Scraping 51072856
[2025-12-30 20:52:24] ✓ Saved 10 listings to CSV
[2025-12-30 20:52:24]   ✓ Batch: 10/10 saved
[2025-12-30 20:52:24] → Scraping 51072864
[2025-12-30 20:52:24] → Scraping 51065248
[2025-12-30 20:52:24] → Scraping 51065241
[2025-12-30 20:52:24] → Scraping 51065246
[2025-12-30 20:52:24] → Scraping 51048815
[2025-12-30 20:52:24] → Scraping 51073127
[2025-12-30 20:52:24] → Scraping 51035277
[2025-12-30 20:52:24] → Scraping 51048816
[2025-12-30 20:52:24] → Scraping 51008675
[2025-12-30 20:52:24] → Scraping 51048827
[2025-12-30 20:52:28] ✓ Saved 10 listings to CSV
[2025-12-30 20:52:28]   ✓ Batch: 10/10 saved
[2025-12-30 20:52:28] → Scraping 51048828
[2025-12-30 20:52:28] → Scraping 51048829
[2025-12-30 20:52:28] → Scraping 51072941
[2025-12-30 20:52:28] → Scraping 51048832
[2025-12-30 20:52:28] → Scraping 51049038
[2025-12-30 20:52:28] → Scraping 51049036
[2025-12-30 20:52:28] → Scraping 51049043
[2025-12-30 20:52:28] → Scraping 51049044
[2025-12-30 20:52:28] → Scraping 51049561
[2025-12-30 20:52:28] → Scraping 51049562
[2025-12-30 20:52:31] ✓ Saved 10 listings to CSV
[2025-12-30 20:52:31]   ✓ Batch: 10/10 saved
[2025-12-30 20:52:33] 
▶ Page 452
[2025-12-30 20:52:35] ✓ Found 30 listings
[2025-12-30 20:52:35] → Scraping 51033538
[2025-12-30 20:52:35] → Scraping 51049563
[2025-12-30 20:52:35] → Scraping 51049564
[2025-12-30 20:52:35] → Scraping 51049566
[2025-12-30 20:52:35] → Scraping 51049567
[2025-12-30 20:52:35] → Scraping 51049568
[2025-12-30 20:52:35] → Scraping 51049086
[2025-12-30 20:52:35] → Scraping 51049088
[2025-12-30 20:52:35] → Scraping 51049221
[2025-12-30 20:52:35] → Scraping 51049090
[2025-12-30 20:52:39] ✓ Saved 10 listings to CSV
[2025-12-30 20:52:39]   ✓ Batch: 10/10 saved
[2025-12-30 20:52:39] → Scraping 51033484
[2025-12-30 20:52:39] → Scraping 51033480
[2025-12-30 20:52:39] → Scraping 51049217
[2025-12-30 20:52:39] → Scraping 51034307
[2025-12-30 20:52:39] → Scraping 51033483
[2025-12-30 20:52:39] → Scraping 51033535
[2025-12-30 20:52:39] → Scraping 51033482
[2025-12-30 20:52:39] → Scraping 51033481
[2025-12-30 20:52:39] → Scraping 51033534
[2025-12-30 20:52:39] → Scraping 51033536
[2025-12-30 20:52:42] ✓ Saved 10 listings to CSV
[2025-12-30 20:52:42]   ✓ Batch: 10/10 saved
[2025-12-30 20:52:42] → Scraping 51033540
[2025-12-30 20:52:42] → Scraping 51033570
[2025-12-30 20:52:42] → Scraping 51033537
[2025-12-30 20:52:42] → Scraping 51011595
[2025-12-30 20:52:42] → Scraping 51033539
[2025-12-30 20:52:42] → Scraping 51009853
[2025-12-30 20:52:42] → Scraping 51009363
[2025-12-30 20:52:42] → Scraping 51009384
[2025-12-30 20:52:42] → Scraping 51030007
[2025-12-30 20:52:42] → Scraping 51040223
[2025-12-30 20:52:46] ✓ Saved 10 listings to CSV
[2025-12-30 20:52:46]   ✓ Batch: 10/10 saved
[2025-12-30 20:52:48] 
▶ Page 453
[2025-12-30 20:52:49] ✓ Found 30 listings
[2025-12-30 20:52:49] → Scraping 51040582
[2025-12-30 20:52:49] → Scraping 51040225
[2025-12-30 20:52:49] → Scraping 51040227
[2025-12-30 20:52:49] → Scraping 51035514
[2025-12-30 20:52:49] → Scraping 51040228
[2025-12-30 20:52:49] → Scraping 51040229
[2025-12-30 20:52:49] → Scraping 51040234
[2025-12-30 20:52:49] → Scraping 51040486
[2025-12-30 20:52:49] → Scraping 51041220
[2025-12-30 20:52:49] → Scraping 51040499
[2025-12-30 20:52:53] ✓ Saved 10 listings to CSV
[2025-12-30 20:52:53]   ✓ Batch: 10/10 saved
[2025-12-30 20:52:53] → Scraping 51040496
[2025-12-30 20:52:53] → Scraping 51040498
[2025-12-30 20:52:53] → Scraping 51013258
[2025-12-30 20:52:53] → Scraping 51040501
[2025-12-30 20:52:53] → Scraping 51040504
[2025-12-30 20:52:53] → Scraping 51040512
[2025-12-30 20:52:53] → Scraping 51040507
[2025-12-30 20:52:53] → Scraping 51040514
[2025-12-30 20:52:53] → Scraping 51040517
[2025-12-30 20:52:53] → Scraping 51040873
[2025-12-30 20:52:56] ✓ Saved 10 listings to CSV
[2025-12-30 20:52:56]   ✓ Batch: 10/10 saved
[2025-12-30 20:52:56] → Scraping 51040874
[2025-12-30 20:52:56] → Scraping 51041213
[2025-12-30 20:52:56] → Scraping 51041215
[2025-12-30 20:52:56] → Scraping 51041218
[2025-12-30 20:52:56] → Scraping 51041216
[2025-12-30 20:52:56] → Scraping 51041219
[2025-12-30 20:52:56] → Scraping 51040490
[2025-12-30 20:52:56] → Scraping 51057504
[2025-12-30 20:52:56] → Scraping 51041222
[2025-12-30 20:52:56] → Scraping 51057472
[2025-12-30 20:53:00] ✓ Saved 10 listings to CSV
[2025-12-30 20:53:00]   ✓ Batch: 10/10 saved
[2025-12-30 20:53:02] 
▶ Page 454
[2025-12-30 20:53:03] ✓ Found 30 listings
[2025-12-30 20:53:03] → Scraping 51057501
[2025-12-30 20:53:03] → Scraping 51057469
[2025-12-30 20:53:03] → Scraping 51057467
[2025-12-30 20:53:03] → Scraping 51057466
[2025-12-30 20:53:03] → Scraping 51057463
[2025-12-30 20:53:03] → Scraping 51057461
[2025-12-30 20:53:03] → Scraping 51057465
[2025-12-30 20:53:03] → Scraping 51040518
[2025-12-30 20:53:03] → Scraping 51057379
[2025-12-30 20:53:07] ✓ Saved 9 listings to CSV
[2025-12-30 20:53:07]   ✓ Batch: 9/10 saved
[2025-12-30 20:53:07] → Scraping 51057315
[2025-12-30 20:53:07] → Scraping 51057277
[2025-12-30 20:53:07] → Scraping 51057307
[2025-12-30 20:53:07] → Scraping 51057308
[2025-12-30 20:53:07] → Scraping 51057273
[2025-12-30 20:53:07] → Scraping 51057275
[2025-12-30 20:53:07] → Scraping 51057270
[2025-12-30 20:53:07] → Scraping 51021107
[2025-12-30 20:53:07] → Scraping 51057268
[2025-12-30 20:53:07] → Scraping 51021110
[2025-12-30 20:53:10] ✓ Saved 10 listings to CSV
[2025-12-30 20:53:10]   ✓ Batch: 10/10 saved
[2025-12-30 20:53:10] → Scraping 51020792
[2025-12-30 20:53:10] → Scraping 51029772
[2025-12-30 20:53:10] → Scraping 51057312
[2025-12-30 20:53:10] → Scraping 51029993
[2025-12-30 20:53:10] → Scraping 51042531
[2025-12-30 20:53:10] → Scraping 51042534
[2025-12-30 20:53:10] → Scraping 51020524
[2025-12-30 20:53:10] → Scraping 51020483
[2025-12-30 20:53:10] → Scraping 51020144
[2025-12-30 20:53:10] → Scraping 51020516
[2025-12-30 20:53:14] ✓ Saved 10 listings to CSV
[2025-12-30 20:53:14]   ✓ Batch: 10/10 saved
[2025-12-30 20:53:16] 
▶ Page 455
[2025-12-30 20:53:17] ✓ Found 30 listings
[2025-12-30 20:53:17] → Scraping 51021105
[2025-12-30 20:53:17] → Scraping 51020530
[2025-12-30 20:53:17] → Scraping 51020528
[2025-12-30 20:53:17] → Scraping 2639526
[2025-12-30 20:53:17] → Scraping 51100213
[2025-12-30 20:53:17] → Scraping 51100211
[2025-12-30 20:53:17] → Scraping 51117719
[2025-12-30 20:53:17] → Scraping 51117718
[2025-12-30 20:53:17] → Scraping 51021312
[2025-12-30 20:53:17] → Scraping 51020715
[2025-12-30 20:53:21] ✓ Saved 10 listings to CSV
[2025-12-30 20:53:21]   ✓ Batch: 10/10 saved
[2025-12-30 20:53:21] → Scraping 51033479
[2025-12-30 20:53:21] → Scraping 51021104
[2025-12-30 20:53:21] → Scraping 51042529
[2025-12-30 20:53:21] → Scraping 51020787
[2025-12-30 20:53:21] → Scraping 51033865
[2025-12-30 20:53:21] → Scraping 51128301
[2025-12-30 20:53:21] → Scraping 51128299
[2025-12-30 20:53:21] → Scraping 51128298
[2025-12-30 20:53:21] → Scraping 51128297
[2025-12-30 20:53:21] → Scraping 51128296
[2025-12-30 20:53:25] ✓ Saved 10 listings to CSV
[2025-12-30 20:53:25]   ✓ Batch: 10/10 saved
[2025-12-30 20:53:25] → Scraping 51128295
[2025-12-30 20:53:25] → Scraping 51128293
[2025-12-30 20:53:25] → Scraping 51128292
[2025-12-30 20:53:25] → Scraping 51128291
[2025-12-30 20:53:25] → Scraping 2639525
[2025-12-30 20:53:25] → Scraping 51128290
[2025-12-30 20:53:25] → Scraping 51128289
[2025-12-30 20:53:25] → Scraping 51128288
[2025-12-30 20:53:25] → Scraping 51128287
[2025-12-30 20:53:25] → Scraping 51128286
[2025-12-30 20:53:28] ✓ Saved 10 listings to CSV
[2025-12-30 20:53:28]   ✓ Batch: 10/10 saved
[2025-12-30 20:53:30] 
▶ Page 456
[2025-12-30 20:53:31] ✓ Found 30 listings
[2025-12-30 20:53:31] → Scraping 51128285
[2025-12-30 20:53:31] → Scraping 51128284
[2025-12-30 20:53:31] → Scraping 51128283
[2025-12-30 20:53:31] → Scraping 2639523
[2025-12-30 20:53:31] → Scraping 2639522
[2025-12-30 20:53:31] → Scraping 2639520
[2025-12-30 20:53:31] → Scraping 2639519
[2025-12-30 20:53:31] → Scraping 2639518
[2025-12-30 20:53:31] → Scraping 51128282
[2025-12-30 20:53:31] → Scraping 51128281
[2025-12-30 20:53:35] ✓ Saved 10 listings to CSV
[2025-12-30 20:53:35]   ✓ Batch: 10/10 saved
[2025-12-30 20:53:35] → Scraping 2637507
[2025-12-30 20:53:35] → Scraping 2637509
[2025-12-30 20:53:35] → Scraping 2632822
[2025-12-30 20:53:35] → Scraping 2628191
[2025-12-30 20:53:35] → Scraping 2634067
[2025-12-30 20:53:35] → Scraping 2623971
[2025-12-30 20:53:35] → Scraping 2634255
[2025-12-30 20:53:35] → Scraping 2634258
[2025-12-30 20:53:35] → Scraping 2628921
[2025-12-30 20:53:35] → Scraping 2628192
[2025-12-30 20:53:38] ✓ Saved 10 listings to CSV
[2025-12-30 20:53:38]   ✓ Batch: 10/10 saved
[2025-12-30 20:53:38] → Scraping 2626048
[2025-12-30 20:53:38] → Scraping 2623957
[2025-12-30 20:53:38] → Scraping 2628991
[2025-12-30 20:53:38] → Scraping 2629015
[2025-12-30 20:53:38] → Scraping 2632665
[2025-12-30 20:53:38] → Scraping 2632347
[2025-12-30 20:53:38] → Scraping 2627579
[2025-12-30 20:53:38] → Scraping 51128279
[2025-12-30 20:53:38] → Scraping 51128278
[2025-12-30 20:53:38] → Scraping 2639516
[2025-12-30 20:53:42] ✓ Saved 10 listings to CSV
[2025-12-30 20:53:42]   ✓ Batch: 10/10 saved
[2025-12-30 20:53:44] 
▶ Page 457
[2025-12-30 20:53:45] ✓ Found 30 listings
[2025-12-30 20:53:45] → Scraping 2639515
[2025-12-30 20:53:45] → Scraping 51116980
[2025-12-30 20:53:45] → Scraping 51117359
[2025-12-30 20:53:45] → Scraping 51114958
[2025-12-30 20:53:45] → Scraping 51114956
[2025-12-30 20:53:45] → Scraping 51114566
[2025-12-30 20:53:45] → Scraping 51114565
[2025-12-30 20:53:45] → Scraping 51115018
[2025-12-30 20:53:45] → Scraping 2639514
[2025-12-30 20:53:45] → Scraping 51128275
[2025-12-30 20:53:49] ✓ Saved 10 listings to CSV
[2025-12-30 20:53:49]   ✓ Batch: 10/10 saved
[2025-12-30 20:53:49] → Scraping 2639513
[2025-12-30 20:53:49] → Scraping 51033594
[2025-12-30 20:53:49] → Scraping 51042533
[2025-12-30 20:53:49] → Scraping 51033592
[2025-12-30 20:53:49] → Scraping 51033867
[2025-12-30 20:53:49] → Scraping 51033593
[2025-12-30 20:53:49] → Scraping 51033591
[2025-12-30 20:53:49] → Scraping 51058361
[2025-12-30 20:53:49] → Scraping 51058150
[2025-12-30 20:53:49] → Scraping 51058360
[2025-12-30 20:53:53] ✓ Saved 10 listings to CSV
[2025-12-30 20:53:53]   ✓ Batch: 10/10 saved
[2025-12-30 20:53:53] → Scraping 51020783
[2025-12-30 20:53:53] → Scraping 51042496
[2025-12-30 20:53:53] → Scraping 51020843
[2025-12-30 20:53:53] → Scraping 51020184
[2025-12-30 20:53:53] → Scraping 51058359
[2025-12-30 20:53:53] → Scraping 51058358
[2025-12-30 20:53:53] → Scraping 51058166
[2025-12-30 20:53:53] → Scraping 51058356
[2025-12-30 20:53:53] → Scraping 51058355
[2025-12-30 20:53:53] → Scraping 51058176
[2025-12-30 20:53:56] ✓ Saved 10 listings to CSV
[2025-12-30 20:53:56]   ✓ Batch: 10/10 saved
[2025-12-30 20:53:58] 
▶ Page 458
[2025-12-30 20:54:00] ✓ Found 30 listings
[2025-12-30 20:54:00] → Scraping 51058353
[2025-12-30 20:54:00] → Scraping 51058352
[2025-12-30 20:54:00] → Scraping 51058351
[2025-12-30 20:54:00] → Scraping 51058178
[2025-12-30 20:54:00] → Scraping 51058164
[2025-12-30 20:54:00] → Scraping 51057952
[2025-12-30 20:54:00] → Scraping 51058161
[2025-12-30 20:54:00] → Scraping 51058163
[2025-12-30 20:54:00] → Scraping 51058165
[2025-12-30 20:54:00] → Scraping 51058137
[2025-12-30 20:54:04] ✓ Saved 10 listings to CSV
[2025-12-30 20:54:04]   ✓ Batch: 10/10 saved
[2025-12-30 20:54:04] → Scraping 51058154
[2025-12-30 20:54:04] → Scraping 51058135
[2025-12-30 20:54:04] → Scraping 51058023
[2025-12-30 20:54:04] → Scraping 51058136
[2025-12-30 20:54:04] → Scraping 51058050
[2025-12-30 20:54:04] → Scraping 51058033
[2025-12-30 20:54:04] → Scraping 51058029
[2025-12-30 20:54:04] → Scraping 51058028
[2025-12-30 20:54:04] → Scraping 51058027
[2025-12-30 20:54:04] → Scraping 51058026
[2025-12-30 20:54:07] ✓ Saved 10 listings to CSV
[2025-12-30 20:54:07]   ✓ Batch: 10/10 saved
[2025-12-30 20:54:07] → Scraping 51058152
[2025-12-30 20:54:07] → Scraping 51077619
[2025-12-30 20:54:07] → Scraping 51058025
[2025-12-30 20:54:07] → Scraping 51077620
[2025-12-30 20:54:07] → Scraping 51077810
[2025-12-30 20:54:07] → Scraping 51077811
[2025-12-30 20:54:07] → Scraping 51077807
[2025-12-30 20:54:07] → Scraping 51077812
[2025-12-30 20:54:07] → Scraping 51077813
[2025-12-30 20:54:07] → Scraping 51077814
[2025-12-30 20:54:11] ✓ Saved 10 listings to CSV
[2025-12-30 20:54:11]   ✓ Batch: 10/10 saved
[2025-12-30 20:54:13] 
▶ Page 459
[2025-12-30 20:54:14] ✓ Found 30 listings
[2025-12-30 20:54:14] → Scraping 51077815
[2025-12-30 20:54:14] → Scraping 51077817
[2025-12-30 20:54:14] → Scraping 51100996
[2025-12-30 20:54:14] → Scraping 51077618
[2025-12-30 20:54:14] → Scraping 51058048
[2025-12-30 20:54:14] → Scraping 51057884
[2025-12-30 20:54:14] → Scraping 51057880
[2025-12-30 20:54:14] → Scraping 51057873
[2025-12-30 20:54:14] → Scraping 51057830
[2025-12-30 20:54:14] → Scraping 51077816
[2025-12-30 20:54:18] ✓ Saved 10 listings to CSV
[2025-12-30 20:54:18]   ✓ Batch: 10/10 saved
[2025-12-30 20:54:18] → Scraping 51077818
[2025-12-30 20:54:18] → Scraping 51070472
[2025-12-30 20:54:18] → Scraping 51070473
[2025-12-30 20:54:18] → Scraping 51070476
[2025-12-30 20:54:18] → Scraping 51070480
[2025-12-30 20:54:18] → Scraping 51128274
[2025-12-30 20:54:18] → Scraping 51070481
[2025-12-30 20:54:18] → Scraping 51062399
[2025-12-30 20:54:18] → Scraping 51070487
[2025-12-30 20:54:18] → Scraping 51070489
[2025-12-30 20:54:21] ✓ Saved 10 listings to CSV
[2025-12-30 20:54:21]   ✓ Batch: 10/10 saved
[2025-12-30 20:54:21] → Scraping 51070494
[2025-12-30 20:54:21] → Scraping 51070490
[2025-12-30 20:54:21] → Scraping 51062404
[2025-12-30 20:54:21] → Scraping 51066840
[2025-12-30 20:54:21] → Scraping 51066842
[2025-12-30 20:54:21] → Scraping 51062105
[2025-12-30 20:54:21] → Scraping 51062034
[2025-12-30 20:54:21] → Scraping 51062218
[2025-12-30 20:54:21] → Scraping 51062235
[2025-12-30 20:54:21] → Scraping 51062209
[2025-12-30 20:54:25] ✓ Saved 10 listings to CSV
[2025-12-30 20:54:25]   ✓ Batch: 10/10 saved
[2025-12-30 20:54:27] 
▶ Page 460
[2025-12-30 20:54:28] ✓ Found 30 listings
[2025-12-30 20:54:28] → Scraping 51062210
[2025-12-30 20:54:28] → Scraping 51062237
[2025-12-30 20:54:28] → Scraping 51062240
[2025-12-30 20:54:28] → Scraping 51062821
[2025-12-30 20:54:28] → Scraping 51062397
[2025-12-30 20:54:28] → Scraping 51062289
[2025-12-30 20:54:28] → Scraping 51062398
[2025-12-30 20:54:28] → Scraping 51062401
[2025-12-30 20:54:28] → Scraping 51062915
[2025-12-30 20:54:28] → Scraping 51070486
[2025-12-30 20:54:32] ✓ Saved 10 listings to CSV
[2025-12-30 20:54:32]   ✓ Batch: 10/10 saved
[2025-12-30 20:54:32] → Scraping 51062402
[2025-12-30 20:54:32] → Scraping 51062403
[2025-12-30 20:54:32] → Scraping 51062405
[2025-12-30 20:54:32] → Scraping 51062406
[2025-12-30 20:54:32] → Scraping 51062407
[2025-12-30 20:54:32] → Scraping 51128273
[2025-12-30 20:54:32] → Scraping 51062551
[2025-12-30 20:54:32] → Scraping 51062236
[2025-12-30 20:54:32] → Scraping 51062549
[2025-12-30 20:54:32] → Scraping 51062550
[2025-12-30 20:54:36] ✓ Saved 10 listings to CSV
[2025-12-30 20:54:36]   ✓ Batch: 10/10 saved
[2025-12-30 20:54:36] → Scraping 51128272
[2025-12-30 20:54:36] → Scraping 51062553
[2025-12-30 20:54:36] → Scraping 51062554
[2025-12-30 20:54:36] → Scraping 51062723
[2025-12-30 20:54:36] → Scraping 51062558
[2025-12-30 20:54:36] → Scraping 51062820
[2025-12-30 20:54:36] → Scraping 51062724
[2025-12-30 20:54:36] → Scraping 51062824
[2025-12-30 20:54:36] → Scraping 2639512
[2025-12-30 20:54:36] → Scraping 51062913
[2025-12-30 20:54:40] ✓ Saved 10 listings to CSV
[2025-12-30 20:54:40]   ✓ Batch: 10/10 saved
[2025-12-30 20:54:42] 
▶ Page 461
[2025-12-30 20:54:43] ✓ Found 30 listings
[2025-12-30 20:54:43] → Scraping 51066426
[2025-12-30 20:54:43] → Scraping 51062914
[2025-12-30 20:54:43] → Scraping 51062917
[2025-12-30 20:54:43] → Scraping 51077383
[2025-12-30 20:54:43] → Scraping 51062912
[2025-12-30 20:54:43] → Scraping 51077384
[2025-12-30 20:54:43] → Scraping 51077385
[2025-12-30 20:54:43] → Scraping 2639511
[2025-12-30 20:54:43] → Scraping 51022774
[2025-12-30 20:54:43] → Scraping 51077386
[2025-12-30 20:54:47] ✓ Saved 10 listings to CSV
[2025-12-30 20:54:47]   ✓ Batch: 10/10 saved
[2025-12-30 20:54:47] → Scraping 51077391
[2025-12-30 20:54:47] → Scraping 51128271
[2025-12-30 20:54:47] → Scraping 51077395
[2025-12-30 20:54:47] → Scraping 51128270
[2025-12-30 20:54:47] → Scraping 51077422
[2025-12-30 20:54:47] → Scraping 51077419
[2025-12-30 20:54:47] → Scraping 51077597
[2025-12-30 20:54:47] → Scraping 51077601
[2025-12-30 20:54:47] → Scraping 51077604
[2025-12-30 20:54:47] → Scraping 51077605
[2025-12-30 20:54:51] ✓ Saved 10 listings to CSV
[2025-12-30 20:54:51]   ✓ Batch: 10/10 saved
[2025-12-30 20:54:51] → Scraping 51077607
[2025-12-30 20:54:51] → Scraping 51077608
[2025-12-30 20:54:51] → Scraping 2639510
[2025-12-30 20:54:51] → Scraping 51128269
[2025-12-30 20:54:51] → Scraping 51128268
[2025-12-30 20:54:51] → Scraping 2639509
[2025-12-30 20:54:51] → Scraping 51128267
[2025-12-30 20:54:51] → Scraping 2639508
[2025-12-30 20:54:51] → Scraping 51128266
[2025-12-30 20:54:51] → Scraping 51104702
[2025-12-30 20:54:54] ✓ Saved 10 listings to CSV
[2025-12-30 20:54:54]   ✓ Batch: 10/10 saved
[2025-12-30 20:54:56] 
▶ Page 462
[2025-12-30 20:54:58] ✓ Found 30 listings
[2025-12-30 20:54:58] → Scraping 2639507
[2025-12-30 20:54:58] → Scraping 51128265
[2025-12-30 20:54:58] → Scraping 51128264
[2025-12-30 20:54:58] → Scraping 51128263
[2025-12-30 20:54:58] → Scraping 51128262
[2025-12-30 20:54:58] → Scraping 51128261
[2025-12-30 20:54:58] → Scraping 51128260
[2025-12-30 20:54:58] → Scraping 51128259
[2025-12-30 20:54:58] → Scraping 2639506
[2025-12-30 20:54:58] → Scraping 51128258
[2025-12-30 20:55:01] ✓ Saved 10 listings to CSV
[2025-12-30 20:55:01]   ✓ Batch: 10/10 saved
[2025-12-30 20:55:01] → Scraping 51128257
[2025-12-30 20:55:01] → Scraping 2639505
[2025-12-30 20:55:01] → Scraping 51128256
[2025-12-30 20:55:01] → Scraping 2639504
[2025-12-30 20:55:01] → Scraping 51025650
[2025-12-30 20:55:01] → Scraping 51022234
[2025-12-30 20:55:01] → Scraping 51022783
[2025-12-30 20:55:01] → Scraping 51022781
[2025-12-30 20:55:01] → Scraping 51023011
[2025-12-30 20:55:01] → Scraping 51022929
[2025-12-30 20:55:05] ✓ Saved 10 listings to CSV
[2025-12-30 20:55:05]   ✓ Batch: 10/10 saved
[2025-12-30 20:55:05] → Scraping 51029517
[2025-12-30 20:55:05] → Scraping 51022998
[2025-12-30 20:55:05] → Scraping 51029508
[2025-12-30 20:55:05] → Scraping 51022997
[2025-12-30 20:55:05] → Scraping 51023252
[2025-12-30 20:55:05] → Scraping 51023006
[2025-12-30 20:55:05] → Scraping 51023253
[2025-12-30 20:55:05] → Scraping 51022935
[2025-12-30 20:55:05] → Scraping 51023081
[2025-12-30 20:55:05] → Scraping 51022931
[2025-12-30 20:55:09] ✓ Saved 10 listings to CSV
[2025-12-30 20:55:09]   ✓ Batch: 10/10 saved
[2025-12-30 20:55:11] 
▶ Page 463
[2025-12-30 20:55:13] ✓ Found 30 listings
[2025-12-30 20:55:13] → Scraping 51022999
[2025-12-30 20:55:13] → Scraping 51025615
[2025-12-30 20:55:13] → Scraping 51022934
[2025-12-30 20:55:13] → Scraping 51025651
[2025-12-30 20:55:13] → Scraping 51025655
[2025-12-30 20:55:13] → Scraping 51025652
[2025-12-30 20:55:13] → Scraping 51025972
[2025-12-30 20:55:13] → Scraping 51025917
[2025-12-30 20:55:13] → Scraping 51025656
[2025-12-30 20:55:13] → Scraping 51015299
[2025-12-30 20:55:17] ✓ Saved 10 listings to CSV
[2025-12-30 20:55:17]   ✓ Batch: 10/10 saved
[2025-12-30 20:55:17] → Scraping 51025921
[2025-12-30 20:55:17] → Scraping 2639503
[2025-12-30 20:55:17] → Scraping 51025923
[2025-12-30 20:55:17] → Scraping 51025918
[2025-12-30 20:55:17] → Scraping 51026603
[2025-12-30 20:55:17] → Scraping 51025970
[2025-12-30 20:55:17] → Scraping 51025924
[2025-12-30 20:55:17] → Scraping 51025973
[2025-12-30 20:55:17] → Scraping 51025976
[2025-12-30 20:55:17] → Scraping 51025974
[2025-12-30 20:55:21] ✓ Saved 10 listings to CSV
[2025-12-30 20:55:21]   ✓ Batch: 10/10 saved
[2025-12-30 20:55:21] → Scraping 51025980
[2025-12-30 20:55:21] → Scraping 51025979
[2025-12-30 20:55:21] → Scraping 51026212
[2025-12-30 20:55:21] → Scraping 51026219
[2025-12-30 20:55:21] → Scraping 51025969
[2025-12-30 20:55:21] → Scraping 51026220
[2025-12-30 20:55:21] → Scraping 51026221
[2025-12-30 20:55:21] → Scraping 51026297
[2025-12-30 20:55:21] → Scraping 51026222
[2025-12-30 20:55:21] → Scraping 51034157
[2025-12-30 20:55:24] ✓ Saved 10 listings to CSV
[2025-12-30 20:55:24]   ✓ Batch: 10/10 saved
[2025-12-30 20:55:26] 
▶ Page 464
[2025-12-30 20:55:28] ✓ Found 30 listings
[2025-12-30 20:55:28] → Scraping 51015243
[2025-12-30 20:55:28] → Scraping 51015251
[2025-12-30 20:55:28] → Scraping 51015476
[2025-12-30 20:55:28] → Scraping 51062937
[2025-12-30 20:55:28] → Scraping 51062938
[2025-12-30 20:55:28] → Scraping 51062939
[2025-12-30 20:55:28] → Scraping 51063100
[2025-12-30 20:55:28] → Scraping 51063102
[2025-12-30 20:55:28] → Scraping 51062557
[2025-12-30 20:55:28] → Scraping 51063105
[2025-12-30 20:55:32] ✓ Saved 10 listings to CSV
[2025-12-30 20:55:32]   ✓ Batch: 10/10 saved
[2025-12-30 20:55:32] → Scraping 51063107
[2025-12-30 20:55:32] → Scraping 51063103
[2025-12-30 20:55:32] → Scraping 51066714
[2025-12-30 20:55:32] → Scraping 51066713
[2025-12-30 20:55:32] → Scraping 51066712
[2025-12-30 20:55:32] → Scraping 51062823
[2025-12-30 20:55:32] → Scraping 51066711
[2025-12-30 20:55:32] → Scraping 51066424
[2025-12-30 20:55:32] → Scraping 51066423
[2025-12-30 20:55:32] → Scraping 2634592
[2025-12-30 20:55:35] ✓ Saved 10 listings to CSV
[2025-12-30 20:55:35]   ✓ Batch: 10/10 saved
[2025-12-30 20:55:35] → Scraping 51128255
[2025-12-30 20:55:35] → Scraping 51128254
[2025-12-30 20:55:35] → Scraping 2639502
[2025-12-30 20:55:35] → Scraping 2639501
[2025-12-30 20:55:35] → Scraping 2639500
[2025-12-30 20:55:35] → Scraping 51128253
[2025-12-30 20:55:35] → Scraping 51128246
[2025-12-30 20:55:35] → Scraping 51126785
[2025-12-30 20:55:35] → Scraping 51128244
[2025-12-30 20:55:35] → Scraping 2639498
[2025-12-30 20:55:39] ✓ Saved 10 listings to CSV
[2025-12-30 20:55:39]   ✓ Batch: 10/10 saved
[2025-12-30 20:55:41] 
▶ Page 465
[2025-12-30 20:55:42] ✓ Found 30 listings
[2025-12-30 20:55:42] → Scraping 5727334
[2025-12-30 20:55:42] → Scraping 2639497
[2025-12-30 20:55:42] → Scraping 2514633
[2025-12-30 20:55:42] → Scraping 51128242
[2025-12-30 20:55:42] → Scraping 137257
[2025-12-30 20:55:42] → Scraping 2639496
[2025-12-30 20:55:42] → Scraping 2523350
[2025-12-30 20:55:42] → Scraping 2518607
[2025-12-30 20:55:42] → Scraping 51081053
[2025-12-30 20:55:42] → Scraping 51103466
[2025-12-30 20:55:46] ✓ Saved 10 listings to CSV
[2025-12-30 20:55:46]   ✓ Batch: 10/10 saved
[2025-12-30 20:55:46] → Scraping 2639495
[2025-12-30 20:55:46] → Scraping 2639494
[2025-12-30 20:55:46] → Scraping 51128239
[2025-12-30 20:55:46] → Scraping 51102369
[2025-12-30 20:55:46] → Scraping 51122427
[2025-12-30 20:55:46] → Scraping 2634722
[2025-12-30 20:55:46] → Scraping 2634718
[2025-12-30 20:55:46] → Scraping 2639493
[2025-12-30 20:55:46] → Scraping 51103303
[2025-12-30 20:55:46] → Scraping 51128238
[2025-12-30 20:55:49] ✓ Saved 10 listings to CSV
[2025-12-30 20:55:49]   ✓ Batch: 10/10 saved
[2025-12-30 20:55:49] → Scraping 51128237
[2025-12-30 20:55:49] → Scraping 2639492
[2025-12-30 20:55:49] → Scraping 2639491
[2025-12-30 20:55:49] → Scraping 51128236
[2025-12-30 20:55:49] → Scraping 2639490
[2025-12-30 20:55:49] → Scraping 2639489
[2025-12-30 20:55:49] → Scraping 51128233
[2025-12-30 20:55:49] → Scraping 2639488
[2025-12-30 20:55:49] → Scraping 51128232
[2025-12-30 20:55:49] → Scraping 51128231
[2025-12-30 20:55:53] ✓ Saved 10 listings to CSV
[2025-12-30 20:55:53]   ✓ Batch: 10/10 saved
[2025-12-30 20:55:55] 
▶ Page 466
[2025-12-30 20:55:56] ✓ Found 30 listings
[2025-12-30 20:55:56] → Scraping 51128230
[2025-12-30 20:55:56] → Scraping 51128229
[2025-12-30 20:55:56] → Scraping 137256
[2025-12-30 20:55:56] → Scraping 2639486
[2025-12-30 20:55:56] → Scraping 51128228
[2025-12-30 20:55:56] → Scraping 51123668
[2025-12-30 20:55:56] → Scraping 51125186
[2025-12-30 20:55:56] → Scraping 51125307
[2025-12-30 20:55:56] → Scraping 51125348
[2025-12-30 20:55:56] → Scraping 2639485
[2025-12-30 20:56:00] ✓ Saved 10 listings to CSV
[2025-12-30 20:56:00]   ✓ Batch: 10/10 saved
[2025-12-30 20:56:00] → Scraping 51128226
[2025-12-30 20:56:00] → Scraping 2639483
[2025-12-30 20:56:00] → Scraping 51128223
[2025-12-30 20:56:00] → Scraping 51128222
[2025-12-30 20:56:00] → Scraping 51128221
[2025-12-30 20:56:00] → Scraping 51128218
[2025-12-30 20:56:00] → Scraping 51128217
[2025-12-30 20:56:00] → Scraping 2639481
[2025-12-30 20:56:00] → Scraping 51128215
[2025-12-30 20:56:00] → Scraping 2639480
[2025-12-30 20:56:04] ✓ Saved 10 listings to CSV
[2025-12-30 20:56:04]   ✓ Batch: 10/10 saved
[2025-12-30 20:56:04] → Scraping 51128214
[2025-12-30 20:56:04] → Scraping 2639479
[2025-12-30 20:56:04] → Scraping 51128211
[2025-12-30 20:56:04] → Scraping 2639478
[2025-12-30 20:56:04] → Scraping 51128210
[2025-12-30 20:56:04] → Scraping 51128209
[2025-12-30 20:56:04] → Scraping 2639477
[2025-12-30 20:56:04] → Scraping 51116791
[2025-12-30 20:56:04] → Scraping 51116779
[2025-12-30 20:56:04] → Scraping 51128207
[2025-12-30 20:56:08] ✓ Saved 10 listings to CSV
[2025-12-30 20:56:08]   ✓ Batch: 10/10 saved
[2025-12-30 20:56:10] 
▶ Page 467
[2025-12-30 20:56:11] ✓ Found 30 listings
[2025-12-30 20:56:11] → Scraping 51128206
[2025-12-30 20:56:11] → Scraping 51128205
[2025-12-30 20:56:11] → Scraping 2639475
[2025-12-30 20:56:11] → Scraping 51122342
[2025-12-30 20:56:11] → Scraping 51122341
[2025-12-30 20:56:11] → Scraping 51122339
[2025-12-30 20:56:11] → Scraping 51122336
[2025-12-30 20:56:11] → Scraping 51122335
[2025-12-30 20:56:11] → Scraping 51122435
[2025-12-30 20:56:11] → Scraping 51125328
[2025-12-30 20:56:15] ✓ Saved 10 listings to CSV
[2025-12-30 20:56:15]   ✓ Batch: 10/10 saved
[2025-12-30 20:56:15] → Scraping 51125329
[2025-12-30 20:56:15] → Scraping 3239729
[2025-12-30 20:56:15] → Scraping 2639474
[2025-12-30 20:56:15] → Scraping 487172
[2025-12-30 20:56:15] → Scraping 51128204
[2025-12-30 20:56:15] → Scraping 51128203
[2025-12-30 20:56:15] → Scraping 51128200
[2025-12-30 20:56:15] → Scraping 5906132
[2025-12-30 20:56:15] → Scraping 51027251
[2025-12-30 20:56:15] → Scraping 51045963
[2025-12-30 20:56:18] ✓ Saved 10 listings to CSV
[2025-12-30 20:56:18]   ✓ Batch: 10/10 saved
[2025-12-30 20:56:18] → Scraping 51027280
[2025-12-30 20:56:18] → Scraping 2639473
[2025-12-30 20:56:18] → Scraping 51045167
[2025-12-30 20:56:18] → Scraping 51044917
[2025-12-30 20:56:18] → Scraping 51035813
[2025-12-30 20:56:18] → Scraping 51036183
[2025-12-30 20:56:18] → Scraping 51044148
[2025-12-30 20:56:18] → Scraping 5948437
[2025-12-30 20:56:18] → Scraping 51036226
[2025-12-30 20:56:18] → Scraping 5926570
[2025-12-30 20:56:21] ✓ Saved 10 listings to CSV
[2025-12-30 20:56:21]   ✓ Batch: 10/10 saved
[2025-12-30 20:56:23] 
▶ Page 468
[2025-12-30 20:56:25] ✓ Found 30 listings
[2025-12-30 20:56:25] → Scraping 51036388
[2025-12-30 20:56:25] → Scraping 51027020
[2025-12-30 20:56:25] → Scraping 51034221
[2025-12-30 20:56:25] → Scraping 51027061
[2025-12-30 20:56:25] → Scraping 5986005
[2025-12-30 20:56:25] → Scraping 51006750
[2025-12-30 20:56:25] → Scraping 51027828
[2025-12-30 20:56:25] → Scraping 5987336
[2025-12-30 20:56:25] → Scraping 51016550
[2025-12-30 20:56:25] → Scraping 5985642
[2025-12-30 20:56:28] ✓ Saved 10 listings to CSV
[2025-12-30 20:56:28]   ✓ Batch: 10/10 saved
[2025-12-30 20:56:28] → Scraping 5940435
[2025-12-30 20:56:28] → Scraping 5939228
[2025-12-30 20:56:28] → Scraping 51006446
[2025-12-30 20:56:28] → Scraping 5986941
[2025-12-30 20:56:28] → Scraping 5926196
[2025-12-30 20:56:28] → Scraping 51027338
[2025-12-30 20:56:28] → Scraping 5954249
[2025-12-30 20:56:28] → Scraping 5863163
[2025-12-30 20:56:28] → Scraping 51018111
[2025-12-30 20:56:28] → Scraping 51019113
[2025-12-30 20:56:32] ✓ Saved 10 listings to CSV
[2025-12-30 20:56:32]   ✓ Batch: 10/10 saved
[2025-12-30 20:56:32] → Scraping 51079963
[2025-12-30 20:56:32] → Scraping 5952757
[2025-12-30 20:56:32] → Scraping 5977128
[2025-12-30 20:56:32] → Scraping 5943526
[2025-12-30 20:56:32] → Scraping 51058557
[2025-12-30 20:56:32] → Scraping 5998266
[2025-12-30 20:56:32] → Scraping 5988521
[2025-12-30 20:56:32] → Scraping 5857830
[2025-12-30 20:56:32] → Scraping 51072561
[2025-12-30 20:56:32] → Scraping 51064233
[2025-12-30 20:56:36] ✓ Saved 10 listings to CSV
[2025-12-30 20:56:36]   ✓ Batch: 10/10 saved
[2025-12-30 20:56:38] 
▶ Page 469
[2025-12-30 20:56:39] ✓ Found 30 listings
[2025-12-30 20:56:39] → Scraping 51068905
[2025-12-30 20:56:39] → Scraping 51068837
[2025-12-30 20:56:39] → Scraping 51068689
[2025-12-30 20:56:39] → Scraping 51072766
[2025-12-30 20:56:39] → Scraping 51072702
[2025-12-30 20:56:39] → Scraping 51080114
[2025-12-30 20:56:39] → Scraping 51088112
[2025-12-30 20:56:39] → Scraping 51076733
[2025-12-30 20:56:39] → Scraping 51069063
[2025-12-30 20:56:39] → Scraping 51080461
[2025-12-30 20:56:43] ✓ Saved 10 listings to CSV
[2025-12-30 20:56:43]   ✓ Batch: 10/10 saved
[2025-12-30 20:56:43] → Scraping 51107539
[2025-12-30 20:56:43] → Scraping 5979996
[2025-12-30 20:56:43] → Scraping 51118044
[2025-12-30 20:56:43] → Scraping 51119597
[2025-12-30 20:56:43] → Scraping 51119601
[2025-12-30 20:56:43] → Scraping 51119607
[2025-12-30 20:56:43] → Scraping 51120067
[2025-12-30 20:56:43] → Scraping 51120069
[2025-12-30 20:56:43] → Scraping 51120093
[2025-12-30 20:56:43] → Scraping 51120127
[2025-12-30 20:56:47] ✓ Saved 10 listings to CSV
[2025-12-30 20:56:47]   ✓ Batch: 10/10 saved
[2025-12-30 20:56:47] → Scraping 51120128
[2025-12-30 20:56:47] → Scraping 51120144
[2025-12-30 20:56:47] → Scraping 51121674
[2025-12-30 20:56:47] → Scraping 51121689
[2025-12-30 20:56:47] → Scraping 51121690
[2025-12-30 20:56:47] → Scraping 51121692
[2025-12-30 20:56:47] → Scraping 51121702
[2025-12-30 20:56:47] → Scraping 51121703
[2025-12-30 20:56:47] → Scraping 51121705
[2025-12-30 20:56:47] → Scraping 51121706
[2025-12-30 20:56:50] ✓ Saved 10 listings to CSV
[2025-12-30 20:56:50]   ✓ Batch: 10/10 saved
[2025-12-30 20:56:52] 
▶ Page 470
[2025-12-30 20:56:53] ✓ Found 30 listings
[2025-12-30 20:56:53] → Scraping 51121780
[2025-12-30 20:56:53] → Scraping 51119327
[2025-12-30 20:56:53] → Scraping 51119325
[2025-12-30 20:56:53] → Scraping 51119324
[2025-12-30 20:56:53] → Scraping 51119323
[2025-12-30 20:56:53] → Scraping 51119322
[2025-12-30 20:56:53] → Scraping 51119320
[2025-12-30 20:56:53] → Scraping 51119318
[2025-12-30 20:56:53] → Scraping 51119301
[2025-12-30 20:56:53] → Scraping 51119299
[2025-12-30 20:56:57] ✓ Saved 10 listings to CSV
[2025-12-30 20:56:57]   ✓ Batch: 10/10 saved
[2025-12-30 20:56:57] → Scraping 51119297
[2025-12-30 20:56:57] → Scraping 51123228
[2025-12-30 20:56:57] → Scraping 51123385
[2025-12-30 20:56:57] → Scraping 51123400
[2025-12-30 20:56:57] → Scraping 51123402
[2025-12-30 20:56:57] → Scraping 51123407
[2025-12-30 20:56:57] → Scraping 51123408
[2025-12-30 20:56:57] → Scraping 51123410
[2025-12-30 20:56:57] → Scraping 51123750
[2025-12-30 20:56:57] → Scraping 51123751
[2025-12-30 20:57:01] ✓ Saved 10 listings to CSV
[2025-12-30 20:57:01]   ✓ Batch: 10/10 saved
[2025-12-30 20:57:01] → Scraping 51124083
[2025-12-30 20:57:01] → Scraping 51124084
[2025-12-30 20:57:01] → Scraping 51124565
[2025-12-30 20:57:01] → Scraping 51124566
[2025-12-30 20:57:01] → Scraping 51124567
[2025-12-30 20:57:01] → Scraping 51124570
[2025-12-30 20:57:01] → Scraping 51124572
[2025-12-30 20:57:01] → Scraping 51124573
[2025-12-30 20:57:01] → Scraping 51124574
[2025-12-30 20:57:01] → Scraping 51124576
[2025-12-30 20:57:04] ✓ Saved 10 listings to CSV
[2025-12-30 20:57:04]   ✓ Batch: 10/10 saved
[2025-12-30 20:57:06] 
▶ Page 471
[2025-12-30 20:57:08] ✓ Found 30 listings
[2025-12-30 20:57:08] → Scraping 51128199
[2025-12-30 20:57:08] → Scraping 51127368
[2025-12-30 20:57:08] → Scraping 51123744
[2025-12-30 20:57:08] → Scraping 2637911
[2025-12-30 20:57:08] → Scraping 2639017
[2025-12-30 20:57:08] → Scraping 51121663
[2025-12-30 20:57:08] → Scraping 51123243
[2025-12-30 20:57:08] → Scraping 51103951
[2025-12-30 20:57:08] → Scraping 51103952
[2025-12-30 20:57:08] → Scraping 51112255
[2025-12-30 20:57:11] ✓ Saved 10 listings to CSV
[2025-12-30 20:57:11]   ✓ Batch: 10/10 saved
[2025-12-30 20:57:11] → Scraping 51086496
[2025-12-30 20:57:11] → Scraping 51079712
[2025-12-30 20:57:11] → Scraping 51079349
[2025-12-30 20:57:11] → Scraping 51079981
[2025-12-30 20:57:11] → Scraping 51080796
[2025-12-30 20:57:11] → Scraping 51079063
[2025-12-30 20:57:11] → Scraping 51078764
[2025-12-30 20:57:11] → Scraping 51078919
[2025-12-30 20:57:11] → Scraping 51079623
[2025-12-30 20:57:11] → Scraping 51078636
[2025-12-30 20:57:14] ✓ Saved 10 listings to CSV
[2025-12-30 20:57:14]   ✓ Batch: 10/10 saved
[2025-12-30 20:57:14] → Scraping 51078323
[2025-12-30 20:57:14] → Scraping 51078387
[2025-12-30 20:57:14] → Scraping 51079479
[2025-12-30 20:57:14] → Scraping 51078375
[2025-12-30 20:57:14] → Scraping 51078322
[2025-12-30 20:57:14] → Scraping 51121301
[2025-12-30 20:57:14] → Scraping 51121300
[2025-12-30 20:57:14] → Scraping 51121206
[2025-12-30 20:57:14] → Scraping 51128198
[2025-12-30 20:57:14] → Scraping 51128197
[2025-12-30 20:57:18] ✓ Saved 10 listings to CSV
[2025-12-30 20:57:18]   ✓ Batch: 10/10 saved
[2025-12-30 20:57:20] 
▶ Page 472
[2025-12-30 20:57:21] ✓ Found 30 listings
[2025-12-30 20:57:21] → Scraping 2639471
[2025-12-30 20:57:21] → Scraping 51128196
[2025-12-30 20:57:21] → Scraping 51128195
[2025-12-30 20:57:21] → Scraping 137255
[2025-12-30 20:57:21] → Scraping 51128194
[2025-12-30 20:57:21] → Scraping 51077994
[2025-12-30 20:57:21] → Scraping 51109626
[2025-12-30 20:57:21] → Scraping 51083018
[2025-12-30 20:57:21] → Scraping 51015792
[2025-12-30 20:57:21] → Scraping 51015784
[2025-12-30 20:57:25] ✓ Saved 10 listings to CSV
[2025-12-30 20:57:25]   ✓ Batch: 10/10 saved
[2025-12-30 20:57:25] → Scraping 51059066
[2025-12-30 20:57:25] → Scraping 51087096
[2025-12-30 20:57:25] → Scraping 51015930
[2025-12-30 20:57:25] → Scraping 51015794
[2025-12-30 20:57:25] → Scraping 51015793
[2025-12-30 20:57:25] → Scraping 51059065
[2025-12-30 20:57:25] → Scraping 51015791
[2025-12-30 20:57:25] → Scraping 51015788
[2025-12-30 20:57:25] → Scraping 51015790
[2025-12-30 20:57:25] → Scraping 51015929
[2025-12-30 20:57:28] ✓ Saved 10 listings to CSV
[2025-12-30 20:57:28]   ✓ Batch: 10/10 saved
[2025-12-30 20:57:28] → Scraping 51015796
[2025-12-30 20:57:28] → Scraping 51015935
[2025-12-30 20:57:28] → Scraping 51015939
[2025-12-30 20:57:28] → Scraping 51015937
[2025-12-30 20:57:28] → Scraping 51015931
[2025-12-30 20:57:28] → Scraping 51015789
[2025-12-30 20:57:28] → Scraping 51015936
[2025-12-30 20:57:28] → Scraping 51015933
[2025-12-30 20:57:28] → Scraping 51016375
[2025-12-30 20:57:28] → Scraping 51016367
[2025-12-30 20:57:32] ✓ Saved 10 listings to CSV
[2025-12-30 20:57:32]   ✓ Batch: 10/10 saved
[2025-12-30 20:57:34] 
▶ Page 473
[2025-12-30 20:57:35] ✓ Found 30 listings
[2025-12-30 20:57:35] → Scraping 51016365
[2025-12-30 20:57:35] → Scraping 51016366
[2025-12-30 20:57:35] → Scraping 51016370
[2025-12-30 20:57:35] → Scraping 51016374
[2025-12-30 20:57:35] → Scraping 51016373
[2025-12-30 20:57:35] → Scraping 51017019
[2025-12-30 20:57:35] → Scraping 51016376
[2025-12-30 20:57:35] → Scraping 51016372
[2025-12-30 20:57:35] → Scraping 51022893
[2025-12-30 20:57:35] → Scraping 51016431
[2025-12-30 20:57:39] ✓ Saved 10 listings to CSV
[2025-12-30 20:57:39]   ✓ Batch: 10/10 saved
[2025-12-30 20:57:39] → Scraping 51017020
[2025-12-30 20:57:39] → Scraping 51016708
[2025-12-30 20:57:39] → Scraping 51015934
[2025-12-30 20:57:39] → Scraping 51031258
[2025-12-30 20:57:39] → Scraping 51016436
[2025-12-30 20:57:39] → Scraping 51016363
[2025-12-30 20:57:39] → Scraping 51016433
[2025-12-30 20:57:39] → Scraping 51054596
[2025-12-30 20:57:39] → Scraping 51016432
[2025-12-30 20:57:39] → Scraping 51016441
[2025-12-30 20:57:42] ✓ Saved 10 listings to CSV
[2025-12-30 20:57:42]   ✓ Batch: 10/10 saved
[2025-12-30 20:57:42] → Scraping 51016434
[2025-12-30 20:57:42] → Scraping 51016707
[2025-12-30 20:57:42] → Scraping 51016437
[2025-12-30 20:57:42] → Scraping 51016711
[2025-12-30 20:57:42] → Scraping 51016704
[2025-12-30 20:57:42] → Scraping 51016439
[2025-12-30 20:57:42] → Scraping 51016438
[2025-12-30 20:57:42] → Scraping 51016703
[2025-12-30 20:57:42] → Scraping 51016709
[2025-12-30 20:57:42] → Scraping 51016435
[2025-12-30 20:57:46] ✓ Saved 10 listings to CSV
[2025-12-30 20:57:46]   ✓ Batch: 10/10 saved
[2025-12-30 20:57:48] 
▶ Page 474
[2025-12-30 20:57:49] ✓ Found 30 listings
[2025-12-30 20:57:49] → Scraping 51016702
[2025-12-30 20:57:49] → Scraping 51016710
[2025-12-30 20:57:49] → Scraping 51016706
[2025-12-30 20:57:49] → Scraping 51054595
[2025-12-30 20:57:49] → Scraping 51016705
[2025-12-30 20:57:49] → Scraping 5914786
[2025-12-30 20:57:49] → Scraping 5915873
[2025-12-30 20:57:49] → Scraping 5915832
[2025-12-30 20:57:49] → Scraping 5949232
[2025-12-30 20:57:49] → Scraping 5917237
[2025-12-30 20:57:53] ✓ Saved 10 listings to CSV
[2025-12-30 20:57:53]   ✓ Batch: 10/10 saved
[2025-12-30 20:57:53] → Scraping 5916394
[2025-12-30 20:57:53] → Scraping 5949204
[2025-12-30 20:57:53] → Scraping 5950282
[2025-12-30 20:57:53] → Scraping 5936058
[2025-12-30 20:57:53] → Scraping 5914519
[2025-12-30 20:57:53] → Scraping 5947838
[2025-12-30 20:57:53] → Scraping 5914856
[2025-12-30 20:57:53] → Scraping 5949237
[2025-12-30 20:57:53] → Scraping 5948658
[2025-12-30 20:57:53] → Scraping 5948636
[2025-12-30 20:57:57] ✓ Saved 10 listings to CSV
[2025-12-30 20:57:57]   ✓ Batch: 10/10 saved
[2025-12-30 20:57:57] → Scraping 5948644
[2025-12-30 20:57:57] → Scraping 5947943
[2025-12-30 20:57:57] → Scraping 5947938
[2025-12-30 20:57:57] → Scraping 5976826
[2025-12-30 20:57:57] → Scraping 5947879
[2025-12-30 20:57:57] → Scraping 5947878
[2025-12-30 20:57:57] → Scraping 5947855
[2025-12-30 20:57:57] → Scraping 5933872
[2025-12-30 20:57:57] → Scraping 5991939
[2025-12-30 20:57:57] → Scraping 5948941
[2025-12-30 20:58:00] ✓ Saved 10 listings to CSV
[2025-12-30 20:58:00]   ✓ Batch: 10/10 saved
[2025-12-30 20:58:02] 
▶ Page 475
[2025-12-30 20:58:04] ✓ Found 30 listings
[2025-12-30 20:58:04] → Scraping 5947872
[2025-12-30 20:58:04] → Scraping 5934784
[2025-12-30 20:58:04] → Scraping 5935195
[2025-12-30 20:58:04] → Scraping 5935140
[2025-12-30 20:58:04] → Scraping 5932667
[2025-12-30 20:58:04] → Scraping 5934312
[2025-12-30 20:58:04] → Scraping 5936045
[2025-12-30 20:58:04] → Scraping 5977461
[2025-12-30 20:58:04] → Scraping 5976855
[2025-12-30 20:58:04] → Scraping 5945229
[2025-12-30 20:58:07] ✓ Saved 10 listings to CSV
[2025-12-30 20:58:07]   ✓ Batch: 10/10 saved
[2025-12-30 20:58:07] → Scraping 5976844
[2025-12-30 20:58:07] → Scraping 5935185
[2025-12-30 20:58:07] → Scraping 5976542
[2025-12-30 20:58:07] → Scraping 5998217
[2025-12-30 20:58:07] → Scraping 5891308
[2025-12-30 20:58:07] → Scraping 51016179
[2025-12-30 20:58:07] → Scraping 51005241
[2025-12-30 20:58:07] → Scraping 5998179
[2025-12-30 20:58:07] → Scraping 5974528
[2025-12-30 20:58:07] → Scraping 51007644
[2025-12-30 20:58:11] ✓ Saved 10 listings to CSV
[2025-12-30 20:58:11]   ✓ Batch: 10/10 saved
[2025-12-30 20:58:11] → Scraping 5933843
[2025-12-30 20:58:11] → Scraping 51006344
[2025-12-30 20:58:11] → Scraping 51007370
[2025-12-30 20:58:11] → Scraping 51007632
[2025-12-30 20:58:11] → Scraping 51006343
[2025-12-30 20:58:11] → Scraping 51006342
[2025-12-30 20:58:11] → Scraping 51006102
[2025-12-30 20:58:11] → Scraping 51005522
[2025-12-30 20:58:11] → Scraping 5900566
[2025-12-30 20:58:11] → Scraping 51006183
[2025-12-30 20:58:14] ✓ Saved 10 listings to CSV
[2025-12-30 20:58:14]   ✓ Batch: 10/10 saved
[2025-12-30 20:58:16] 
▶ Page 476
[2025-12-30 20:58:18] ✓ Found 30 listings
[2025-12-30 20:58:18] → Scraping 51005239
[2025-12-30 20:58:18] → Scraping 51005508
[2025-12-30 20:58:18] → Scraping 51016191
[2025-12-30 20:58:18] → Scraping 51006341
[2025-12-30 20:58:18] → Scraping 51005529
[2025-12-30 20:58:18] → Scraping 51006184
[2025-12-30 20:58:18] → Scraping 51005375
[2025-12-30 20:58:18] → Scraping 51006477
[2025-12-30 20:58:18] → Scraping 51006305
[2025-12-30 20:58:18] → Scraping 51006444
[2025-12-30 20:58:21] ✓ Saved 10 listings to CSV
[2025-12-30 20:58:21]   ✓ Batch: 10/10 saved
[2025-12-30 20:58:21] → Scraping 51005509
[2025-12-30 20:58:21] → Scraping 5904868
[2025-12-30 20:58:21] → Scraping 51007386
[2025-12-30 20:58:21] → Scraping 5998064
[2025-12-30 20:58:21] → Scraping 5932212
[2025-12-30 20:58:21] → Scraping 5998054
[2025-12-30 20:58:21] → Scraping 5943086
[2025-12-30 20:58:21] → Scraping 51000569
[2025-12-30 20:58:21] → Scraping 5905447
[2025-12-30 20:58:21] → Scraping 5891013
[2025-12-30 20:58:25] ✓ Saved 10 listings to CSV
[2025-12-30 20:58:25]   ✓ Batch: 10/10 saved
[2025-12-30 20:58:25] → Scraping 5891071
[2025-12-30 20:58:25] → Scraping 5891642
[2025-12-30 20:58:25] → Scraping 5890720
[2025-12-30 20:58:25] → Scraping 5891017
[2025-12-30 20:58:25] → Scraping 5892536
[2025-12-30 20:58:25] → Scraping 5907020
[2025-12-30 20:58:25] → Scraping 5890664
[2025-12-30 20:58:25] → Scraping 5905415
[2025-12-30 20:58:25] → Scraping 5891645
[2025-12-30 20:58:25] → Scraping 5906228
[2025-12-30 20:58:28] ✓ Saved 10 listings to CSV
[2025-12-30 20:58:28]   ✓ Batch: 10/10 saved
[2025-12-30 20:58:30] 
▶ Page 477
[2025-12-30 20:58:32] ✓ Found 30 listings
[2025-12-30 20:58:32] → Scraping 5905077
[2025-12-30 20:58:32] → Scraping 5906222
[2025-12-30 20:58:32] → Scraping 5918959
[2025-12-30 20:58:32] → Scraping 5993196
[2025-12-30 20:58:32] → Scraping 5932691
[2025-12-30 20:58:32] → Scraping 5975874
[2025-12-30 20:58:32] → Scraping 5897236
[2025-12-30 20:58:32] → Scraping 5940885
[2025-12-30 20:58:32] → Scraping 5916443
[2025-12-30 20:58:32] → Scraping 5992520
[2025-12-30 20:58:36] ✓ Saved 10 listings to CSV
[2025-12-30 20:58:36]   ✓ Batch: 10/10 saved
[2025-12-30 20:58:36] → Scraping 5890684
[2025-12-30 20:58:36] → Scraping 5975672
[2025-12-30 20:58:36] → Scraping 5940566
[2025-12-30 20:58:36] → Scraping 5976292
[2025-12-30 20:58:36] → Scraping 5942958
[2025-12-30 20:58:36] → Scraping 5942787
[2025-12-30 20:58:36] → Scraping 5984047
[2025-12-30 20:58:36] → Scraping 5942796
[2025-12-30 20:58:36] → Scraping 5992868
[2025-12-30 20:58:36] → Scraping 5992245
[2025-12-30 20:58:39] ✓ Saved 10 listings to CSV
[2025-12-30 20:58:39]   ✓ Batch: 10/10 saved
[2025-12-30 20:58:39] → Scraping 5984063
[2025-12-30 20:58:39] → Scraping 5991934
[2025-12-30 20:58:39] → Scraping 5992550
[2025-12-30 20:58:39] → Scraping 5992855
[2025-12-30 20:58:39] → Scraping 51066163
[2025-12-30 20:58:39] → Scraping 5992523
[2025-12-30 20:58:39] → Scraping 51000562
[2025-12-30 20:58:39] → Scraping 5942709
[2025-12-30 20:58:39] → Scraping 5991933
[2025-12-30 20:58:39] → Scraping 5999658
[2025-12-30 20:58:43] ✓ Saved 10 listings to CSV
[2025-12-30 20:58:43]   ✓ Batch: 10/10 saved
[2025-12-30 20:58:45] 
▶ Page 478
[2025-12-30 20:58:47] ✓ Found 30 listings
[2025-12-30 20:58:47] → Scraping 5942353
[2025-12-30 20:58:47] → Scraping 51000757
[2025-12-30 20:58:47] → Scraping 5999793
[2025-12-30 20:58:47] → Scraping 5942335
[2025-12-30 20:58:47] → Scraping 5999830
[2025-12-30 20:58:47] → Scraping 5981929
[2025-12-30 20:58:47] → Scraping 5999413
[2025-12-30 20:58:47] → Scraping 5999333
[2025-12-30 20:58:47] → Scraping 5999344
[2025-12-30 20:58:47] → Scraping 5999565
[2025-12-30 20:58:50] ✓ Saved 10 listings to CSV
[2025-12-30 20:58:50]   ✓ Batch: 10/10 saved
[2025-12-30 20:58:50] → Scraping 5999215
[2025-12-30 20:58:50] → Scraping 5999189
[2025-12-30 20:58:50] → Scraping 5998587
[2025-12-30 20:58:50] → Scraping 5991957
[2025-12-30 20:58:50] → Scraping 5998739
[2025-12-30 20:58:50] → Scraping 5982338
[2025-12-30 20:58:50] → Scraping 5980863
[2025-12-30 20:58:50] → Scraping 51020895
[2025-12-30 20:58:50] → Scraping 51021293
[2025-12-30 20:58:50] → Scraping 51021290
[2025-12-30 20:58:53] ✓ Saved 10 listings to CSV
[2025-12-30 20:58:53]   ✓ Batch: 10/10 saved
[2025-12-30 20:58:53] → Scraping 51028593
[2025-12-30 20:58:53] → Scraping 51020764
[2025-12-30 20:58:53] → Scraping 51021716
[2025-12-30 20:58:53] → Scraping 51028832
[2025-12-30 20:58:53] → Scraping 51036452
[2025-12-30 20:58:53] → Scraping 51073392
[2025-12-30 20:58:53] → Scraping 51028827
[2025-12-30 20:58:53] → Scraping 51021997
[2025-12-30 20:58:53] → Scraping 51021721
[2025-12-30 20:58:53] → Scraping 51049665
[2025-12-30 20:58:57] ✓ Saved 10 listings to CSV
[2025-12-30 20:58:57]   ✓ Batch: 10/10 saved
[2025-12-30 20:58:59] 
▶ Page 479
[2025-12-30 20:59:00] ✓ Found 30 listings
[2025-12-30 20:59:00] → Scraping 51027886
[2025-12-30 20:59:00] → Scraping 51028810
[2025-12-30 20:59:00] → Scraping 51027871
[2025-12-30 20:59:00] → Scraping 51027885
[2025-12-30 20:59:00] → Scraping 51042904
[2025-12-30 20:59:00] → Scraping 51020861
[2025-12-30 20:59:00] → Scraping 51027890
[2025-12-30 20:59:00] → Scraping 51021133
[2025-12-30 20:59:00] → Scraping 51028603
[2025-12-30 20:59:00] → Scraping 51049486
[2025-12-30 20:59:04] ✓ Saved 10 listings to CSV
[2025-12-30 20:59:04]   ✓ Batch: 10/10 saved
[2025-12-30 20:59:04] → Scraping 51027869
[2025-12-30 20:59:04] → Scraping 51026864
[2025-12-30 20:59:04] → Scraping 51020476
[2025-12-30 20:59:04] → Scraping 51020869
[2025-12-30 20:59:04] → Scraping 51027117
[2025-12-30 20:59:04] → Scraping 51027082
[2025-12-30 20:59:04] → Scraping 51020870
[2025-12-30 20:59:04] → Scraping 51049301
[2025-12-30 20:59:04] → Scraping 51020185
[2025-12-30 20:59:04] → Scraping 51027798
[2025-12-30 20:59:07] ✓ Saved 10 listings to CSV
[2025-12-30 20:59:07]   ✓ Batch: 10/10 saved
[2025-12-30 20:59:07] → Scraping 51020011
[2025-12-30 20:59:07] → Scraping 51026910
[2025-12-30 20:59:07] → Scraping 51049322
[2025-12-30 20:59:07] → Scraping 51048886
[2025-12-30 20:59:07] → Scraping 51019987
[2025-12-30 20:59:07] → Scraping 51021486
[2025-12-30 20:59:07] → Scraping 5930789
[2025-12-30 20:59:07] → Scraping 5983432
[2025-12-30 20:59:07] → Scraping 5999214
[2025-12-30 20:59:07] → Scraping 5974489
[2025-12-30 20:59:11] ✓ Saved 10 listings to CSV
[2025-12-30 20:59:11]   ✓ Batch: 10/10 saved
[2025-12-30 20:59:13] 
▶ Page 480
[2025-12-30 20:59:14] ✓ Found 30 listings
[2025-12-30 20:59:14] → Scraping 5939521
[2025-12-30 20:59:14] → Scraping 5974498
[2025-12-30 20:59:14] → Scraping 5938948
[2025-12-30 20:59:14] → Scraping 5940844
[2025-12-30 20:59:14] → Scraping 5900938
[2025-12-30 20:59:14] → Scraping 5936054
[2025-12-30 20:59:14] → Scraping 5915867
[2025-12-30 20:59:14] → Scraping 5975877
[2025-12-30 20:59:14] → Scraping 5906541
[2025-12-30 20:59:14] → Scraping 5918909
[2025-12-30 20:59:18] ✓ Saved 10 listings to CSV
[2025-12-30 20:59:18]   ✓ Batch: 10/10 saved
[2025-12-30 20:59:18] → Scraping 5903340
[2025-12-30 20:59:18] → Scraping 5901823
[2025-12-30 20:59:18] → Scraping 5904821
[2025-12-30 20:59:18] → Scraping 5914746
[2025-12-30 20:59:18] → Scraping 5901818
[2025-12-30 20:59:18] → Scraping 5919696
[2025-12-30 20:59:18] → Scraping 5918875
[2025-12-30 20:59:18] → Scraping 5917346
[2025-12-30 20:59:18] → Scraping 5935644
[2025-12-30 20:59:18] → Scraping 5918575
[2025-12-30 20:59:21] ✓ Saved 10 listings to CSV
[2025-12-30 20:59:21]   ✓ Batch: 10/10 saved
[2025-12-30 20:59:21] → Scraping 5998223
[2025-12-30 20:59:21] → Scraping 5979443
[2025-12-30 20:59:21] → Scraping 5978303
[2025-12-30 20:59:21] → Scraping 5975868
[2025-12-30 20:59:21] → Scraping 5975872
[2025-12-30 20:59:21] → Scraping 5976862
[2025-12-30 20:59:21] → Scraping 51006482
[2025-12-30 20:59:21] → Scraping 5976853
[2025-12-30 20:59:21] → Scraping 5901816
[2025-12-30 20:59:21] → Scraping 5977462
[2025-12-30 20:59:24] ✓ Saved 10 listings to CSV
[2025-12-30 20:59:24]   ✓ Batch: 10/10 saved
[2025-12-30 20:59:26] 
▶ Page 481
[2025-12-30 20:59:28] ✓ Found 30 listings
[2025-12-30 20:59:28] → Scraping 5978494
[2025-12-30 20:59:28] → Scraping 5977463
[2025-12-30 20:59:28] → Scraping 5977471
[2025-12-30 20:59:28] → Scraping 5979422
[2025-12-30 20:59:28] → Scraping 5978712
[2025-12-30 20:59:28] → Scraping 5979713
[2025-12-30 20:59:28] → Scraping 5979589
[2025-12-30 20:59:28] → Scraping 5980122
[2025-12-30 20:59:28] → Scraping 51121612
[2025-12-30 20:59:28] → Scraping 51065489
[2025-12-30 20:59:31] ✓ Saved 10 listings to CSV
[2025-12-30 20:59:31]   ✓ Batch: 10/10 saved
[2025-12-30 20:59:31] → Scraping 51062196
[2025-12-30 20:59:31] → Scraping 51089277
[2025-12-30 20:59:31] → Scraping 51076962
[2025-12-30 20:59:31] → Scraping 51084218
[2025-12-30 20:59:31] → Scraping 51101578
[2025-12-30 20:59:31] → Scraping 51088350
[2025-12-30 20:59:31] → Scraping 51084377
[2025-12-30 20:59:31] → Scraping 51101409
[2025-12-30 20:59:31] → Scraping 51089131
[2025-12-30 20:59:31] → Scraping 51092835
[2025-12-30 20:59:35] ✓ Saved 10 listings to CSV
[2025-12-30 20:59:35]   ✓ Batch: 10/10 saved
[2025-12-30 20:59:35] → Scraping 51084216
[2025-12-30 20:59:35] → Scraping 51084533
[2025-12-30 20:59:35] → Scraping 51053510
[2025-12-30 20:59:35] → Scraping 51084215
[2025-12-30 20:59:35] → Scraping 51089125
[2025-12-30 20:59:35] → Scraping 51077087
[2025-12-30 20:59:35] → Scraping 51077359
[2025-12-30 20:59:35] → Scraping 51089122
[2025-12-30 20:59:35] → Scraping 51097573
[2025-12-30 20:59:35] → Scraping 51089126
[2025-12-30 20:59:38] ✓ Saved 10 listings to CSV
[2025-12-30 20:59:38]   ✓ Batch: 10/10 saved
[2025-12-30 20:59:40] 
▶ Page 482
[2025-12-30 20:59:41] ✓ Found 30 listings
[2025-12-30 20:59:41] → Scraping 51089123
[2025-12-30 20:59:41] → Scraping 51089124
[2025-12-30 20:59:41] → Scraping 51084050
[2025-12-30 20:59:41] → Scraping 51084053
[2025-12-30 20:59:41] → Scraping 51101591
[2025-12-30 20:59:41] → Scraping 51101598
[2025-12-30 20:59:41] → Scraping 51081086
[2025-12-30 20:59:41] → Scraping 51084375
[2025-12-30 20:59:41] → Scraping 51101597
[2025-12-30 20:59:41] → Scraping 51089128
[2025-12-30 20:59:45] ✓ Saved 10 listings to CSV
[2025-12-30 20:59:45]   ✓ Batch: 10/10 saved
[2025-12-30 20:59:45] → Scraping 51080374
[2025-12-30 20:59:45] → Scraping 51097572
[2025-12-30 20:59:45] → Scraping 51077585
[2025-12-30 20:59:45] → Scraping 51080895
[2025-12-30 20:59:45] → Scraping 51077085
[2025-12-30 20:59:45] → Scraping 51066686
[2025-12-30 20:59:45] → Scraping 51080781
[2025-12-30 20:59:45] → Scraping 51081203
[2025-12-30 20:59:45] → Scraping 51081212
[2025-12-30 20:59:45] → Scraping 51089129
[2025-12-30 20:59:48] ✓ Saved 10 listings to CSV
[2025-12-30 20:59:48]   ✓ Batch: 10/10 saved
[2025-12-30 20:59:48] → Scraping 51080906
[2025-12-30 20:59:48] → Scraping 51089130
[2025-12-30 20:59:48] → Scraping 51065480
[2025-12-30 20:59:48] → Scraping 51080897
[2025-12-30 20:59:48] → Scraping 51080896
[2025-12-30 20:59:48] → Scraping 51081215
[2025-12-30 20:59:48] → Scraping 51101709
[2025-12-30 20:59:48] → Scraping 51080604
[2025-12-30 20:59:48] → Scraping 51081368
[2025-12-30 20:59:48] → Scraping 51080932
[2025-12-30 20:59:52] ✓ Saved 10 listings to CSV
[2025-12-30 20:59:52]   ✓ Batch: 10/10 saved
[2025-12-30 20:59:54] 
▶ Page 483
[2025-12-30 20:59:55] ✓ Found 30 listings
[2025-12-30 20:59:55] → Scraping 51080612
[2025-12-30 20:59:55] → Scraping 51084535
[2025-12-30 20:59:55] → Scraping 51084052
[2025-12-30 20:59:55] → Scraping 51076518
[2025-12-30 20:59:55] → Scraping 51079244
[2025-12-30 20:59:55] → Scraping 51010498
[2025-12-30 20:59:55] → Scraping 51011768
[2025-12-30 20:59:55] → Scraping 51119260
[2025-12-30 20:59:55] → Scraping 51124796
[2025-12-30 20:59:55] → Scraping 51059671
[2025-12-30 20:59:59] ✓ Saved 10 listings to CSV
[2025-12-30 20:59:59]   ✓ Batch: 10/10 saved
[2025-12-30 20:59:59] → Scraping 2639470
[2025-12-30 20:59:59] → Scraping 51086198
[2025-12-30 20:59:59] → Scraping 51103326
[2025-12-30 20:59:59] → Scraping 51103323
[2025-12-30 20:59:59] → Scraping 51103328
[2025-12-30 20:59:59] → Scraping 51100214
[2025-12-30 20:59:59] → Scraping 51106255
[2025-12-30 20:59:59] → Scraping 51128191
[2025-12-30 20:59:59] → Scraping 51128190
[2025-12-30 20:59:59] → Scraping 51128186
[2025-12-30 21:00:03] ✓ Saved 10 listings to CSV
[2025-12-30 21:00:03]   ✓ Batch: 10/10 saved
[2025-12-30 21:00:03] → Scraping 51128184
[2025-12-30 21:00:03] → Scraping 51128182
[2025-12-30 21:00:03] → Scraping 487171
[2025-12-30 21:00:03] → Scraping 51128181
[2025-12-30 21:00:03] → Scraping 51128178
[2025-12-30 21:00:03] → Scraping 51128177
[2025-12-30 21:00:03] → Scraping 51128176
[2025-12-30 21:00:03] → Scraping 51128175
[2025-12-30 21:00:03] → Scraping 51128174
[2025-12-30 21:00:03] → Scraping 51128173
[2025-12-30 21:00:07] ✓ Saved 10 listings to CSV
[2025-12-30 21:00:07]   ✓ Batch: 10/10 saved
[2025-12-30 21:00:09] 
▶ Page 484
[2025-12-30 21:00:10] ✓ Found 30 listings
[2025-12-30 21:00:10] → Scraping 51128172
[2025-12-30 21:00:10] → Scraping 51128171
[2025-12-30 21:00:10] → Scraping 51128170
[2025-12-30 21:00:10] → Scraping 51128169
[2025-12-30 21:00:10] → Scraping 2637808
[2025-12-30 21:00:10] → Scraping 51128167
[2025-12-30 21:00:10] → Scraping 2639466
[2025-12-30 21:00:10] → Scraping 2639465
[2025-12-30 21:00:10] → Scraping 51128165
[2025-12-30 21:00:10] → Scraping 51128164
[2025-12-30 21:00:14] ✓ Saved 10 listings to CSV
[2025-12-30 21:00:14]   ✓ Batch: 10/10 saved
[2025-12-30 21:00:14] → Scraping 51128163
[2025-12-30 21:00:14] → Scraping 51128162
[2025-12-30 21:00:14] → Scraping 2639464
[2025-12-30 21:00:14] → Scraping 2639463
[2025-12-30 21:00:14] → Scraping 51128161
[2025-12-30 21:00:14] → Scraping 2639462
[2025-12-30 21:00:14] → Scraping 2639461
[2025-12-30 21:00:14] → Scraping 51117947
[2025-12-30 21:00:14] → Scraping 51117948
[2025-12-30 21:00:14] → Scraping 51117949
[2025-12-30 21:00:17] ✓ Saved 10 listings to CSV
[2025-12-30 21:00:17]   ✓ Batch: 10/10 saved
[2025-12-30 21:00:17] → Scraping 51117950
[2025-12-30 21:00:17] → Scraping 51066029
[2025-12-30 21:00:17] → Scraping 51067866
[2025-12-30 21:00:17] → Scraping 51067868
[2025-12-30 21:00:17] → Scraping 51067865
[2025-12-30 21:00:17] → Scraping 51067862
[2025-12-30 21:00:17] → Scraping 51067864
[2025-12-30 21:00:17] → Scraping 51067859
[2025-12-30 21:00:17] → Scraping 51067858
[2025-12-30 21:00:17] → Scraping 51067860
[2025-12-30 21:00:21] ✓ Saved 10 listings to CSV
[2025-12-30 21:00:21]   ✓ Batch: 10/10 saved
[2025-12-30 21:00:23] 
▶ Page 485
[2025-12-30 21:00:24] ✓ Found 30 listings
[2025-12-30 21:00:24] → Scraping 51085772
[2025-12-30 21:00:24] → Scraping 51117946
[2025-12-30 21:00:24] → Scraping 51104395
[2025-12-30 21:00:24] → Scraping 51119082
[2025-12-30 21:00:24] → Scraping 51119084
[2025-12-30 21:00:24] → Scraping 51097583
[2025-12-30 21:00:24] → Scraping 51119088
[2025-12-30 21:00:24] → Scraping 51119090
[2025-12-30 21:00:24] → Scraping 51119091
[2025-12-30 21:00:24] → Scraping 51108911
[2025-12-30 21:00:28] ✓ Saved 10 listings to CSV
[2025-12-30 21:00:28]   ✓ Batch: 10/10 saved
[2025-12-30 21:00:28] → Scraping 2639460
[2025-12-30 21:00:28] → Scraping 51128160
[2025-12-30 21:00:28] → Scraping 2639458
[2025-12-30 21:00:28] → Scraping 51128159
[2025-12-30 21:00:28] → Scraping 51128158
[2025-12-30 21:00:28] → Scraping 51128157
[2025-12-30 21:00:28] → Scraping 51128156
[2025-12-30 21:00:28] → Scraping 2639455
[2025-12-30 21:00:28] → Scraping 5151907
[2025-12-30 21:00:28] → Scraping 51128155
[2025-12-30 21:00:31] ✓ Saved 10 listings to CSV
[2025-12-30 21:00:31]   ✓ Batch: 10/10 saved
[2025-12-30 21:00:31] → Scraping 2639453
[2025-12-30 21:00:31] → Scraping 51128154
[2025-12-30 21:00:31] → Scraping 51125012
[2025-12-30 21:00:31] → Scraping 2639452
[2025-12-30 21:00:31] → Scraping 51128153
[2025-12-30 21:00:31] → Scraping 2639450
[2025-12-30 21:00:31] → Scraping 2639448
[2025-12-30 21:00:31] → Scraping 2639447
[2025-12-30 21:00:31] → Scraping 2639445
[2025-12-30 21:00:31] → Scraping 2639444
